Title,Date,Location,Text,URL
18-Jähriger soll Reizgas in Schule versprüht haben,06.10.2026,Friedrichshain-Kreuzberg,"Nr. 1321
Gestern Vormittag wurde die Polizei zu einer Schule in Kreuzberg alarmiert, nachdem ein ehemaliger Schüler dort Reizgas versprüht haben soll. Nach bisherigen Ermittlungen habe der 18-Jährige kurz vor 10:30 Uhr unter Mitführung eines Messers, eines Teleskopschlagstocks und eines Reizstoffsprühgeräts die Schule in der Skalitzer Straße betreten und dort Reizgas in der Luft versprüht. Durch die Einsatzkräfte wurde der Tatverdächtige in der Schule angetroffen und konnte nach Androhung des Einsatzes des Distanzelektroimpulsgeräts (DEIG) widerstandslos festgenommen werden. Das Reizstoffsprühgerät, der Schlagstock und das im Nachgang im Eingangsbereich der Schule aufgefundene Messer wurden beschlagnahmt. Durch das Reizgas wurden neun Schülerinnen und Schüler sowie vier Lehrkräfte verletzt und zum Teil durch Rettungskräfte vor Ort behandelt. Zwei Personen kamen zu ambulanten Behandlungen in ein Krankenhaus. Fünf Einsatzkräfte der Polizei erlitten leichte Atemwegsreizungen, konnten jedoch
    ohne Behandlung ihren Dienst fortsetzen. Der 18-Jährige wurde einem Jugendkommissariat der Polizeidirektion 5 (City) überstellt und soll im Laufe des heutigen Tages einem Bereitschaftsgericht zum Erlass eines Haftbefehls vorgeführt werden.",https://www.berlin.de/polizei/polizeimeldungen/2026/pressemitteilung.1721976.php
Mögliches Tötungsdelikt - Festnahme,06.10.2026,Lichtenberg,"Nr. 1320
Mit Verletzungen im Bauch und erheblichen Armverletzungen ist gestern Mittag ein Mann in ein Krankenhaus gebracht worden. Nach derzeitigen Erkenntnissen waren Polizei und Feuerwehr gegen 11:30 Uhr zu einem Gewerbegelände an der Herzbergstraße alarmiert worden. Dort soll ein 53 Jahre alter Mann mit einem messerähnlichen Gegenstand einen 40-jährigen Mann angegriffen und erheblich verletzt haben. Anschließend flüchtete der Tatverdächtige in ein weiteres Gebäude auf dem Gelände, welches daraufhin von Einsatzkräften umstellt wurde. Alarmierte Rettungskräfte stabilisierten den Verletzten und brachten ihn unter notärztlicher Begleitung in ein Krankenhaus, in dem er sogleich notoperiert wurde. Für die Durchsuchung des Gebäudes wurden weitere Einsatzkräfte einer Einsatzhundertschaft und Kräfte des Spezialeinsatzkommandos angefordert, die gemeinsam die Halle nach dem Tatverdächtigen durchsuchten. Zwischenzeitlich stellte sich dieser jedoch auf einer Polizeidienststelle. Die Einsatzkräfte
    dort nahmen ihn nach erfolgter Identitätsfeststellung fest und brachten ihn in einen Polizeigewahrsam, wo er dem Fachkommissariat der Polizeidirektion 3 (Ost) übergeben wurde. Dem derzeitigen Erkenntnisstand zufolge soll sich der 40 Jahre alte Verletzte nicht mehr in Lebensgefahr befinden. Der Tatverdächtige wird im Verlauf des heutigen Tages einem Ermittlungsgericht zur Prüfung des Erlasses eines Haftbefehls vorgeführt. Die Ermittlungen, insbesondere zu den bislang noch unbekannten Hintergründen, dauern an. (mh)",https://www.berlin.de/polizei/polizeimeldungen/2026/pressemitteilung.1721932.php
Durchsuchungen nach Messerangriff am Ottoplatz,06.10.2026,berlinweit,"Nr. 1319
Nach gefährlichen Körperverletzungen in der Nacht vom vergangenen Freitag auf Samstag in Moabit durchsuchten Einsatzkräfte der Polizei Berlin gestern Morgen sechs Wohnanschriften und ein Café. Die Durchsuchungen erfolgten auf richterlichen Beschluss in den Ortsteilen Charlottenburg, Moabit, Neukölln, Lankwitz, Schöneberg und Wedding. Die möglichen Tatverdächtigen konnten nicht angetroffen werden, dennoch wurden diverse Beweismittel sichergestellt, darunter mehrere Schreckschusswaffen und Messer. Die Ermittlungen dauern an.
Erstmeldung Nr. 1299 vom 03.10.2026: Auseinandersetzung zwischen zwei Personengruppen – drei Männer mit Schnitt- und Stichverletzungen im Krankenhaus
In der vergangenen Nacht eskalierte ein Streit in Moabit. Nach bisherigen Erkenntnissen alarmierte ein Anwohner gegen 1:40 Uhr die Polizei zu einer in der Ottostraße gelegenen Parkanlage, nachdem er aus dem Fenster seiner Wohnung eine Auseinandersetzung zwischen zwei Personengruppen beobachtet hatte. Wenig später habe der Zeuge zudem laute Schmerzensschreie wahrgenommen. Daraufhin begab er sich auf die Straße und stellte im Eingangsbereich des Parks drei verletzte Männer fest. Diese wiesen zum Teil erhebliche Schnitt- sowie Stichverletzungen auf. Nach Angaben des Zeugen flüchteten mehrere bislang unbekannte Männer vom Tatort. Ein 28-Jähriger erlitt oberflächliche Stichverletzungen im Bereich der Leiste. Ein 33-Jähriger wies mehrere Stichverletzungen an den Beinen sowie im Bauchbereich auf. Ein 26-Jähriger erlitt eine schwere Stichverletzung im Bauchbereich. Kräfte der 11. Einsatzhundertschaft sowie des Regionalabschnitts 27/28 übernahmen zunächst die medizinische Erstversorgung
    der drei Verletzten. Hinzualarmierte Rettungskräfte brachten sie anschließend zur weiteren Behandlung in verschiedene Krankenhäuser. Zwei Verletzte mussten notoperiert werden und verbleiben zur stationären Behandlung im Krankenhaus. Eine Lebensgefahr besteht nach derzeitigem Kenntnisstand für niemanden mehr. Die weiteren Ermittlungen zu den Hintergründen der Tat und den bislang unbekannten Tätern hat ein Fachkommissariat der Polizeidirektion 2 (West) übernommen.",https://www.berlin.de/polizei/polizeimeldungen/2026/pressemitteilung.1721178.php
Geldausgabeautomat gesprengt,06.10.2026,Marzahn-Hellersdorf,"Nr. 1318
Bisher Unbekannte sprengten heute früh einen Geldausgabeautomaten in Biesdorf. Die Unbekannten verschafften sich zunächst um kurz nach 3 Uhr Zugang zu einem Einkaufszentrum in der Weißenhöher Straße. Dort begaben sie sich zu dem freistehenden Automaten und sprengten ihn. An das Geld kamen sie jedoch nicht, so dass sie anschließend ohne Beute flüchteten. Eine Absuche nach ihnen verlief ohne Erfolg. Ein Fachkommissariat des Landeskriminalamts hat die weiteren Ermittlungen übernommen.",https://www.berlin.de/polizei/polizeimeldungen/2026/pressemitteilung.1721903.php
Mann durch Schuss ins Bein verletzt,06.10.2026,Neukölln,"Nr. 1317
In der vergangenen Nacht wurden Polizeikräfte zu einem verletzten Mann nach Neukölln alarmiert. Auf dem Gehweg vor einem Café stellten sie gegen 23:40 Uhr den 40-Jährigen mit einer blutenden Schusswunde im Bein fest. Bisherigen Ermittlungen zufolge hatte sich der Mann zuvor in dem Café aufgehalten, als ein Unbekannter an ihn herangetreten sei und ihm ins Bein geschossen habe. Anschließend sei der Täter mit einem Auto geflüchtet. Der Verletzte wurde nach der Erstversorgung am Ort von Rettungskräften der Berliner Feuerwehr in ein Krankenhaus gebracht und dort stationär aufgenommen. Die weiteren Ermittlungen hat die BAO Ferrum des Landeskriminalamtes übernommen.",https://www.berlin.de/polizei/polizeimeldungen/2026/pressemitteilung.1721860.php
Senior vermisst – Polizei bittet um Mithilfe,06.10.2026,Reinickendorf,"Nr. 1316
Mit der Veröffentlichung eines Fotos bittet die Polizei Berlin um Mithilfe bei der Suche nach einem Senior. Der 89-jährige Kurt Rüdiger GLAGE wird seit Donnerstag, den 1. Oktober 2026 vermisst. Er verließ an diesem Tag das Vitanas Senioren Centrum in Berlin-Frohnau und kehrte von seinem Spaziergang nicht in die Einrichtung zurück. Da Herr GLAGE an Demenz leidet, wird davon ausgegangen, dass er hilf- und orientierungslos ist.
Der Vermisste wird wie folgt beschrieben:
167 cm groß
schlanke Statur
kurzer weißer Haarkranz, weißer Vollbart
Bekleidet war Herr GLAGE zuletzt mit einem blau-gelben T-Shirt, einer blauen Jogginghose und einer grünlich-khakifarbenen Jacke.
Die Ermittlerinnen und Ermittler fragen:
Wer kann Hinweise zum derzeitigen Aufenthaltsort des Vermissten geben?
Wer hat Herrn GLAGE seit Donnerstag, den 1. Oktober 2026, gesehen?
Wer kann sonstige sachdienliche Angaben machen?
Hinweise nimmt die Kriminalpolizei der Direktion 1 (Nord) Am Nordgraben 7 in 13437 Berlin-Wittenau unter den Telefonnummern (030) 4664-173400 (zur Bürodienstzeit) und 4664-171100 (außerhalb der Bürodienstzeit) oder per
E-Mail
an dir1k34@polizei.berlin.de entgegen. Hinweise können auch an jede andere Polizeidienststelle oder über die
Internetwache
der Polizei Berlin gegeben werden. Sollte sofortiges polizeiliches Handeln erforderlich sein, wählen Sie bitte den polizeilichen Notruf unter der Telefonnummer 110.",https://www.berlin.de/polizei/polizeimeldungen/2026/pressemitteilung.1721751.php
Zwei Personen bei Auseinandersetzung zwischen Jugendgruppen verletzt,05.10.2026,Treptow-Köpenick,"Nr. 1315
Gestern Nachmittag wurde die Polizei nach Altglienicke alarmiert, nachdem mehrere Anwohner Schussgeräusche gemeldet hatten. Im Bereich der Schönefelder Chaussee auf Höhe der Venusstraße stellten die Einsatzkräfte gegen 17:10 Uhr einen verletzten Heranwachsenden mit diversen Hämatomen und einer Augenreizung fest. Bei der Nahbereichsabsuche nach flüchtigen Tätern wurde ein verletzter Jugendlicher mit mehreren Stichverletzungen festgestellt. Beide wurden von alarmierten Rettungskräften in Krankenhäuser gebracht. Im Bereich des Tatortes trafen die Einsatzkräfte mehrere Jugendliche an und stellten deren Personalien fest. Scharfe Schusswaffen oder Munition wurden nicht gefunden. Bei Durchsuchungen eines nahegelegenen Kellerraums fanden die Kräfte eine Softairwaffe und stellten diese sicher. Ein Fachkommissariat der Polizeidirektion 5 (City) hat die weiteren Ermittlungen übernommen.",https://www.berlin.de/polizei/polizeimeldungen/2026/pressemitteilung.1721644.php
Auseinandersetzungen nach Fußballspiel,05.10.2026,Charlottenburg-Wilmersdorf,"Nr. 1314
Gestern Nachmittag kam es in Westend nach einem Fußballspiel zu mehreren Straftaten. Nach bisherigen Erkenntnissen gelangten in einem Stadion an der Waldschulallee gegen 16:50 Uhr etwa 30 Gästefans nach Spielende über einen Zaun in den Innenbereich. Dort wurden sie von den vereinseigenen Ordnern angesprochen und es kam zu verbalen Auseinandersetzungen. Gleichzeitig errichteten Kräfte der 22. Einsatzhundertschaft eine Absperrlinie an der Rasenkante am Spielfeldrand. Die Gruppe begab sich daraufhin zunächst wieder zurück in den Gästeblock. Anschließend versuchten etwa 50 Gästefans durch einen abgesperrten Bereich zu den Heimfans zu gelangen, unter anderem durch Rütteln und Übersteigen eines Zauns. Dies konnte von den Einsatzkräften durch ihre Präsenz verhindert werden und die Gästefans verließen das Stadion. Kräfte der Bundespolizei und der 24. Einsatzhundertschaft wurden im weiteren Verlauf zur Unterstützung herangezogen. Während der Begleitung der Gästefans zum S-Bahnhof Messe
    Süd nahmen Kräfte der Polizei Berlin insgesamt fünf Männer vorläufig fest. Hierbei griffen Gästefans die Polizeikräfte unter anderem mit Tritten und Schlägen an. Die Beamtinnen und Beamten setzten zur Abwehr der Angriffe unter anderem ein Reizstoffsprühgerät ein. Zwei der vorläufig festgenommenen Personen klagten über Reizungen der Augen und wurden ambulant behandelt. Gegen 17:30 Uhr beruhigte sich die Lage und die Gästefans wurden von Kräften der Bundespolizei bei ihrer Weiterfahrt vom Bahnhof aus begleitet. Die weiteren Ermittlungen wegen des Verdachts des zweifachen Landfriedensbruchs, des zweifachen tätlichen Angriffs auf Vollstreckungsbeamte sowie Beleidigung dauern an.",https://www.berlin.de/polizei/polizeimeldungen/2026/pressemitteilung.1721615.php
Schüsse auf vorbeifahrendes Auto – Zeuginnen und Zeugen gesucht,05.10.2026,Charlottenburg-Wilmersdorf,"Nr. 1313
Gestern Abend soll aus einer Personengruppe in Charlottenburg auf ein vorbeifahrendes Fahrzeug geschossen worden sein. Nach derzeitigem Kenntnisstand hielt sich am Savignyplatz Ecke Grolmanstraße eine größere Gruppe Männer auf, als gegen 19:50 Uhr unvermittelt einige von ihnen auf die Fahrbahn getreten seien und einer der Männer mehrmals auf ein vorbeifahrendes Fahrzeug geschossen haben soll. Die bislang unbekannte Person, die das Fahrzeug steuerte, entfernte sich mit dem beschossenen Wagen mit hoher Geschwindigkeit in Richtung Goethestraße. Die Personen aus der Tätergruppe flüchteten in Richtung Kantstraße. Zum Ort alarmierte Polizeikräfte trafen dort keine Beteiligten mehr an. Hinweise auf verletzte Personen gibt es derzeit nicht. Die Ermittlungen, insbesondere zu den Hintergründen, dauern an.
In diesem Zusammenhang fragen die Ermittlerinnen und Ermittler:
Wer kann Angaben zum Ablauf der Tat machen?
Wer kann Angaben zu den beteiligten Personen und dem beschossenen Fahrzeug machen?
Wer hat darüber hinaus Beobachtungen im Zusammenhang mit der Tat gemacht?
Hinweise nimmt die Kriminalpolizei der Direktion 2 (West) in der Perleberger Straße 61a, in 10559 Berlin, unter der Rufnummer (030) 4664 – 273100 (während der Dienstzeiten) entgegen. Selbstverständlich können sich Zeuginnen und Zeugen auch an jede andere Polizeidienststelle wenden, die
Internetwache
nutzen oder Informationen per E-Mail an
dir2k31@polizei.berlin.de
geben.",https://www.berlin.de/polizei/polizeimeldungen/2026/pressemitteilung.1721590.php
Schwere Brandstiftung,05.10.2026,Marzahn-Hellersdorf,"Nr. 1312
Bisher Unbekannte versuchten heute früh, Starkstromkabel in Marzahn in Brand zu setzen. Nach derzeitigem Kenntnisstand begaben sich die Unbekannten gegen 4 Uhr zu einer Brücke in der Boxberger Straße und legten dort Gegenstände unter dort verlegten Stromkabeln ab. Anschließend setzten sie die Gegenstände in Brand. Durch das Feuer wurde die Ummantelung der Stromkabel beschädigt; es kam lediglich für einen kurzen Moment zu einer Unterbrechung der Stromversorgung. Ein Fachkommissariat des Landeskriminalamts hat die weiteren Ermittlungen übernommen. Sie dauern an.",https://www.berlin.de/polizei/polizeimeldungen/2026/pressemitteilung.1721507.php
Kollision mit geparktem Pkw – E-Scooter-Fahrer verletzt,05.10.2026,Lichtenberg,"Nr. 1311
Gestern Abend kam es in Lichtenberg zu einem Unfall, an dem ein E-Scooter-Fahrer beteiligt war. Gegen 19 Uhr bemerkten Einsatzkräfte des Regionalabschnitts 31/34 einen am Boden liegenden 18-Jährigen in der Ruschestraße. Nach ersten Erkenntnissen war der Heranwachsende zuvor mit einem E-Scooter in Richtung Normannenstraße unterwegs gewesen. Aus bislang ungeklärter Ursache soll er mit einem geparkten Pkw zusammengestoßen und anschließend zu Boden gestürzt sein. Alarmierte Rettungskräfte brachten den 18-Jährigen aufgrund des Verdachts auf ein Schädel-Hirn-Trauma zur stationären Behandlung in ein Krankenhaus. Die weiteren Ermittlungen zum Unfallhergang hat ein Fachkommissariat für Verkehrsdelikte der Polizeidirektion 3 (Ost) übernommen.",https://www.berlin.de/polizei/polizeimeldungen/2026/pressemitteilung.1721417.php
Kind auf E-Scooter bei Unfall verletzt,05.10.2026,Marzahn-Hellersdorf,"Nr. 1310
Bereits gestern Mittag ereignete sich ein Verkehrsunfall in Marzahn, bei dem ein Kind verletzt wurde. Den bisherigen Ermittlungen zufolge befuhr eine 40-jährige Autofahrerin den Geraer Ring in Richtung Greizer Straße, als sie mit dem Wagen gegen 12:10 Uhr verkehrsbedingt den Fahrstreifen wechseln musste. Dies soll sie mittels Blinker angezeigt und ihre Geschwindigkeit reduziert haben. Ein Zwölfjähriger, der zur selben Zeit mit einem E-Scooter hinter dem Auto fuhr, kollidierte mit dem langsamer werdenden Wagen und stürzte zu Boden. Dabei verletzte er sich am Knie und an der Hüfte. Rettungskräfte brachten das Kind vorsorglich in ein Krankenhaus, das es nach ambulanter Behandlung im Beisein seiner Mutter wieder verlassen konnte. Ihr wurde noch am Unfallort mitgeteilt, dass ihr Sohn kein Elektrokleinstfahrzeug führen darf und dass der E-Scooter eine Haftpflichtversicherung benötigt. In der Folge wurde ein Verfahren wegen des Verstoßes gegen das Pflichtversicherungsgesetz eingeleitet.
    Die weiteren Ermittlungen zu dem Verkehrsunfall führt nun ein Fachkommissariat der Polizeidirektion 3 (Ost).",https://www.berlin.de/polizei/polizeimeldungen/2026/pressemitteilung.1721376.php
Motorradfahrer bei Verkehrsunfall erheblich verletzt,05.10.2026,Lichtenberg,"Nr. 1309
Gestern Abend kam es in Lichtenberg zu einem Verkehrsunfall, bei dem ein Motorradfahrer verletzt wurde. Nach bisherigen Erkenntnissen befuhr der 24-Jährige gegen 17 Uhr mit seinem Motorrad einen Parkplatz eines Baumarktes an der Landsberger Allee. Nach Angaben einer Zeugin soll der Mann das Gefährt auf dem Parkplatz stark in Richtung der Ausfahrt beschleunigt haben. Kurz vor der Ausfahrt soll er eine Vollbremsung eingeleitet haben und gegen die Bordsteinkante im Bereich des Arendswegs gefahren sein. Infolge des Aufpralls soll sich das Motorrad mehrfach überschlagen haben. Der 24-Jährige stürzte zu Boden und erlitt dabei erhebliche Verletzungen. Alarmierte Rettungskräfte brachten ihn zur stationären Behandlung in ein Krankenhaus. Das Motorrad war nicht mehr fahrbereit. Einsatzkräfte der Berliner Feuerwehr räumten die Unfallstelle. Die weiteren Ermittlungen zum Unfallhergang hat ein Fachkommissariat für Verkehrsdelikte der Polizeidirektion 3 (Ost) übernommen.",https://www.berlin.de/polizei/polizeimeldungen/2026/pressemitteilung.1721362.php
Mutmaßlicher Brandstifter identifiziert und mit Lichtbild gesucht,05.10.2026,berlinweit,"Gemeinsame Meldung Polizei und Staatsanwaltschaft Berlin
Nr. 1308
Mit der Veröffentlichung eines Lichtbildes bitten das Landeskriminalamt und die Staatsanwaltschaft Berlin um Mithilfe bei der Aufklärung eines versuchten Tötungsdelikts. Bei der gesuchten Person handelt es sich um den 39-jährigen
Enrico JAHN
Dieser soll am 6. Dezember 2025 im Bereich der Spinnerbrücke im Ortsteil Nikolassee das Zelt eines wohnungslosen Mannes angezündet haben. Er soll dabei gewusst haben, dass sich der wohnungslose Mann schlafend in dem Zelt befand. Zuvor soll es Streitigkeiten gegeben haben, die der Beschuldigte provoziert haben soll. Der Beschuldigte soll sich nach der Tat weiter in der Nähe des brennenden Zelts aufgehalten haben, um sich zu versichern, dass dieses auch tatsächlich weiterbrennt. Anschließend soll er vom Tatort geflüchtet sein. Der Mann im Zelt wurde jedoch wegen des Rauchgeruchs wach und konnte sich schließlich aus dem brennenden Zelt retten, bevor es vollständig ausbrannte.
Der Beschuldigte wird wie folgt beschrieben:
circa 181 cm groß
schlanke Gestalt
Narben an der rechten Augenbraue und am Hinterkopf
hört auf die Spitznamen „Loan“, „Alain“ und „Iggi“
Die Ermittlerinnen und Ermittler fragen:
Wer kennt Enrico JAHN und kann Angaben zu seinem aktuellen Aufenthaltsort machen?
Wer kann Angaben zu etwaigen Kontaktpersonen des Enrico JAHN machen?
Wer kann sonst sachdienliche Angaben zu Enrico JAHN machen?
Hinweise nimmt das zuständige Fachkommissariat des Landeskriminalamts unter der Rufnummer (030) 4664-966211 oder per
E-Mail
an oeffentlichkeitsfahndungen@polizei.berlin.de entgegen. Auch an jede andere Polizeidienststelle oder die
Internetwache
können Hinweise gegeben werden.
Bitte sprechen Sie Enrico JAHN nicht an und treten Sie nicht an ihn heran! Sollte sofortiges polizeiliches Handeln erforderlich sein, so wählen Sie bitte den polizeilichen Notruf unter der Telefonnummer 110.
Folgemeldung Nr. 0062 vom 19.01.2026: Versuchter Mord –Zeuginnen und Zeugen gesucht
Mit der Veröffentlichung eines Fotos und einer Videosequenz bittet das Landeskriminalamt Berlin um die Mithilfe bei der Aufklärung eines versuchten Tötungsdelikts. Am 6. Dezember 2025 kam es im Badeweg 1, 14129 Berlin, gegen 19:15 Uhr zu einer Brandstiftung an einem Zelt. Darin befand sich zu diesem Zeitpunkt eine Person, die sich aus dem Zelt retten konnte, bevor es vollständig abbrannte. Der bislang unbekannte Täter flüchtete auf einem Fahrrad vom Tatort.
Erstmeldung Nr. 2549 vom 8. Dezember 2025: Zelt eines Obdachlosen in Brand gesetzt – Zeuginnen und Zeugen zu versuchtem Tötungsdelikt gesucht:
Die 1. Mordkommission des Landeskriminalamts sucht nach Zeuginnen und Zeugen eines versuchten Tötungsdeliktes, zu dem es am Samstagabend im Ortsteil Nikolassee kam. Gegen 19:30 Uhr wurde auf einem Parkplatz am Badeweg das Zelt eines Obdachlosen in Brand gesetzt. Der in diesem Moment schlafende Bewohner des Zeltes konnte sich noch rechtzeitig aus diesem retten, bevor es vollständig ausbrannte. Der Mann blieb unverletzt. Die Ermittlungen der 1. Mordkommission und der Staatsanwaltschaft Berlin dauern an.",https://www.berlin.de/polizei/polizeimeldungen/2025/pressemitteilung.1624068.php
Schussabgabe auf ein Restaurant,04.10.2026,Mitte,"Nr. 1307
Heute Mittag wurden Einschusslöcher an einem Restaurant in Moabit festgestellt. Nach derzeitigem Kenntnisstand alarmierte der Besitzer gegen 13:10 Uhr die Polizei in die Gotzkowskystraße, nachdem dieser die Einschusslöcher in der Fensterfront bemerkt hatte. Während der Tat befand sich niemand im Restaurant, das zuletzt am Vorabend geöffnet war. Die Ermittlungen, insbesondere zu den Hintergründen, dauern an.",https://www.berlin.de/polizei/polizeimeldungen/2026/pressemitteilung.1721251.php
Widerstand und tätlicher Angriff - Polizist bei Festnahme verletzt,04.10.2026,Friedrichshain-Kreuzberg,"Nr. 1306
Heute früh verletzte ein Heranwachsender einen Polizisten in Friedrichshain. Gegen 3:30 Uhr trafen Kräfte der Brennpunkt- und Präsenzeinheit einen jungen Mann nach begangener gefährlicher Körperverletzung an der Warschauer Brücke an. Da der Tatverdächtige in Richtung seines Gürtels griff, wurde er aus Eigensicherungsgründen zu Boden gebracht und festgenommen. Am Boden liegend, beim anschließenden Aufrichten, das nur unter erhöhtem Kraftaufwand der Einsatzkräfte möglich war sowie bei der Verbringung zu einem Gefangenentransporter, leistete der 20-Jährige wiederholt Widerstand. Dabei trat er unter anderem kraftvoll gegen ein Schienbein eines Polizisten und führte ruckartige Stöße mit seinem Kopf aus, die bei demselben Beamten eine Schulterverletzung zur Folge hatten. Zudem biss er in einen Finger der Dienstkraft. Der verletzte Polizist musste anschließend seinen Dienst beenden. In einem Polizeigewahrsam angekommen, leistete der junge Mann im Zuge seiner Identitätsfeststellung
    weiterhin Widerstand, der durch Anwendung körperlichen Zwanges gebrochen werden konnte. Der Festgenommene, bei dem nicht auszuschließen war, dass er unter dem Einfluss berauschender Mittel stand, musste sich schließlich noch einer staatsanwaltschaftlich angeordneten Blutentnahme unterziehen. Danach kam er auf freien Fuß. Während des gesamten Einsatzgeschehens beleidigte der Tatverdächtige die Einsatzkräfte. Die weiteren Ermittlungen wegen des Verdachts der Beleidigung, des Widerstands gegen und tätlichen Angriffs auf Vollstreckungsbeamte haben die örtlichen zuständigen Abschnittskommissariate übernommen. Ein Fachkommissariat der Polizeidirektion 5 (City) führt die weiteren Ermittlungen zur vorausgegangenen gefährlichen Körperverletzung.",https://www.berlin.de/polizei/polizeimeldungen/2026/pressemitteilung.1721249.php
Reizstoff gesprüht – zwei Verletzte,04.10.2026,Marzahn-Hellersdorf,"Nr. 1305
Gestern Abend versprühte ein Unbekannter in Hellersdorf Reizstoff. Nach bisherigen Erkenntnissen befand sich gegen 20:40 Uhr eine 17-Jährige auf einer Veranstaltung in der Hellersdorfer Straße. Sie verließ nach der Benutzung einer öffentlichen Toilette die Räumlichkeiten und nahm beim Betreten des Außenbereichs unmittelbar Reizstoff wahr. Die 17-Jährige erlitt Reizungen der Augen und Atemwegen und wurde ambulant behandelt. Ein 17-jähriger Freund bemerkte den Täter und verfolgte ihn in Richtung U-Bahnhof Cottbusser Platz. Als er ihn zur Rede stellen wollte, soll der Unbekannte ihm Reizgas ins Gesicht gesprüht und gegen sein Bein getreten haben. Danach führte der unbekannte Täter seine Flucht fort. Der 17-Jährige erlitt ebenfalls Reizungen der Augen und der Atemwege sowie eine Verletzung am Knie und wurde ambulant behandelt. Die weiteren Ermittlungen übernahm ein Fachkommissariat der Polizeidirektion 3 (Ost).",https://www.berlin.de/polizei/polizeimeldungen/2026/pressemitteilung.1721247.php
Auseinandersetzung im Hotel,04.10.2026,Charlottenburg-Wilmersdorf,"Nr. 1304
Gestern Abend wurden Einsatzkräfte des Polizeiabschnitts 24 und 26 zu einer gefährlichen Körperverletzung nach Charlottenburg alarmiert. Nach bisherigen Erkenntnissen und Zeugenaussagen betrat gegen 21:40 Uhr eine etwa zehnköpfige Gruppe ein Hotel in der Kaiser-Friedrich-Straße. Im Treppenhaus soll sie einen 37-Jährigen und einen 20-Jährigen in Form von Tritten und Schlägen körperlich angegriffen haben. Eine Person aus der Gruppe soll den 20-Jährigen zudem mit einer Waffe und einem Messer bedroht haben. Beide Angegriffenen wurden zur weiteren Behandlung in ein Krankenhaus gebracht, wobei sich der Jüngere Verletzungen am Kopf und Bein zuzog. Die Gruppe entfernte sich anschließend und flüchtete aus dem Hotel in unbekannte Richtung. Auf ihrer Flucht schlug sie dabei zwei 17-Jährigen Gästen mit der Faust ins Gesicht. Beide erlitten Verletzungen am Kopf. Eine anschließende Nahbereichssuche führte daraufhin zur Festnahme von drei Tatverdächtigen im Alter von 21, 21 und 28 Jahren. Sie
    kamen für erkennungsdienstliche Maßnahmen in einen Polizeigewahrsam und danach wieder auf freien Fuß. Die weiteren Ermittlungen wegen des Verdachts der gefährlichen Körperverletzung und Bedrohung mit Waffe übernahm ein Fachkommissariat der Polizeidirektion 2 (West).",https://www.berlin.de/polizei/polizeimeldungen/2026/pressemitteilung.1721243.php
"Unbekannter Kradfahrer entzieht sich einer Verkehrskontrolle, fährt Einsatzwagen an und flüchtet",04.10.2026,bezirksübergreifend,"Reinickendorf/Spandau
Nr. 1303
In der Nacht von Freitag auf Samstag entzog sich ein Kradfahrer in Reinickendorf einer Verkehrskontrolle und fuhr auf seiner Flucht gegen einen Einsatzwagen in Hakenfelde. An der Seidelstraße Ecke Avenue Jean Mermoz bemerkten Einsatzkräfte des Polizeiabschnitts 11 kurz nach 23 Uhr im Rahmen ihrer Streifentätigkeit einen Kradfahrer, der so stark beschleunigte, dass das Vorderrad von der Fahrbahn abhob. Die Polizisten entschieden sich, den Kradfahrer zu kontrollieren. Dieser missachtete jedoch die optischen sowie akustischen Anhaltesignale des Einsatzwagens und beschleunigte stattdessen stark. Die Beamten nahmen die Verfolgung des flüchtenden Kradfahrers unter Inanspruchnahme von Sonder- und Wegerechten auf. Während seiner Flucht über die Bernauer Straße, Paulsternstraße, Nonnendammallee, dem Falkenseer Platz und Falkenseer Damm missachtete er mehrere rote Ampeln. Am Askanierring brach der Sichtkontakt zum mutmaßlichen Raser ab. Gegen 23:50 Uhr sahen ihn Kräfte der
    Diensthundeführereinheit auf der Niederneuendorfer Allee und stellten ihren Einsatzwagen mit eingeschalteten Blaulicht auf Höhe der Bushaltestelle „Bürgerablage“ quer auf die Fahrbahn, um die Weiterfahrt zu unterbinden. Der Kradfahrer umfuhr das Polizeifahrzeug, kollidierte dabei mit diesem, traf mit seinem Lenker die Motorhaube, fuhr seitlich des Fahrbahnrands über den unbefestigten Untergrund und flüchtete weiter Richtung Henningsdorf. Die Einsatzkräfte fuhren ihm unter Inanspruchnahme von Sonder- und Wegerechten hinterher. An der Kreuzung Ruppiner Straße Ecke Hauptstraße in Henningsdorf verloren sie schließlich den Sichtkontakt zum unbekannten Täter. Die weiteren Ermittlungen wegen des Verdachts des verbotenen Kraftfahrzeugrennens und der Verkehrsunfallflucht haben die örtlich zuständigen Fachkommissariate für Verkehrsdelikte übernommen.",https://www.berlin.de/polizei/polizeimeldungen/2026/pressemitteilung.1721241.php
Einbruch in Einfamilienhaus – Ein Tatverdächtiger festgenommen,03.10.2026,Steglitz-Zehlendorf,"Nr. 1302
Gestern Abend kam es zu einem Einbruch in ein Einfamilienhaus in Lichterfelde. Nach bisherigen Erkenntnissen bemerkte eine Anwohnerin gegen 18:50 Uhr zwei bislang unbekannte Männer, die sich auf dem Grundstück des Einfamilienhauses im Oberhofer Weg aufhielten. Ein weiterer unbekannter Mann soll sich auf dem angrenzenden Gehweg vor dem Haus befunden haben. Alarmierte Einsatzkräfte stellten die drei Männer beim Eintreffen fest. Diese flüchteten daraufhin mit einem Pkw vom Ort. Im weiteren Verlauf kam es mit dem Fluchtfahrzeug zu einem Verkehrsunfall, bei dem drei weitere Pkw beschädigt wurden. Verletzt wurde hierdurch niemand. Infolge der Kollision verließen zwei der drei Männer das Fahrzeug und setzten ihre Flucht zu Fuß fort. Der dritte Tatverdächtige soll nach Angaben von Zeuginnen und Zeugen bereits zuvor aus dem Pkw ausgestiegen sein. Einsatzkräfte des Polizeiabschnitts 46 konnten einen der beiden zu Fuß flüchtenden Männer festnehmen. Der 31-jährige Tatverdächtige wurde einer
    erkennungsdienstlichen Behandlung unterzogen und soll im Laufe des heutigen Tages einem Bereitschaftsrichter vorgeführt werden. Das Fluchtfahrzeug wurde von Einsatzkräften durchsucht und anschließend sichergestellt. Dabei fanden die Beamtinnen und Beamten mutmaßliches Einbruchswerkzeug auf. Im weiteren Verlauf stellten die Einsatzkräfte einbruchstypische Beschädigungen an der Terrassentür sowie im Inneren des Einfamilienhauses fest. Nach bisherigen Erkenntnissen wurde zudem Schmuck entwendet. Die weiteren Ermittlungen hat ein Fachkommissariat der Polizeidirektion 4 (Süd) übernommen.",https://www.berlin.de/polizei/polizeimeldungen/2026/pressemitteilung.1721183.php
Zwei fremdenfeindliche Angriffe,03.10.2026,bezirksübergreifend,"Treptow-Köpenick/Lichtenberg
Gestern Abend ist es zu zwei fremdenfeindlichen Angriffen in Köpenick und Alt-Hohenschönhausen gekommen.
Nr. 1300
Gegen 18:50 Uhr soll sich eine mit einem Kopftuch bekleidete Frau auf der Mittelinsel an der Kreuzung der Salvador-Allende-Straße zur Wendenschloßstraße befunden haben. Den Angaben einer 36 Jahre alten Zeugin zufolge wurde die 25-Jährige von einer auf dem Gehweg befindlichen unbekannten Frau fremdenfeindlich beleidigt. Dem Vernehmen nach geschah dies unvermittelt und ohne jeglichen Vorkontakt. Im Anschluss sei die Unbekannte bedrohlich mit erhobenen Fäusten auf die Frau und die Zeugin hinzugerannt und habe der 25-Jährigen mit der Faust gegen die Schulter geschlagen. Die 36-Jährige soll daraufhin eingeschritten sein und die Täterin von weiteren Handlungen abgehalten haben. Als sich die Angreiferin daraufhin vom Ort entfernte, habe sie die 25-Jährige dabei weiterhin mehrfach fremdenfeindlich beleidigt und ihr eine nationalsozialistisch motivierte Äußerung entgegengerufen.
Nr. 1301
An der Tram-Station Freienwalder Straße soll gegen 19 Uhr ein Mann beim Ausstieg rassistisch beleidigt worden sein. Die Beleidigung habe sich gegen die Hautfarbe des 29-Jährigen gerichtet. Zudem soll sich der unbekannte Täter ihm gegenüber fremdenfeindlich geäußert haben. Im Zuge dessen sollen vier weitere Personen auf ihn zugekommen sein und versucht haben, ihn gemeinschaftlich zu schlagen. Einer der unbekannten Angreifer habe ihn dann mit der Faust ins Gesicht geschlagen. Ein unbekannt gebliebener Zeuge habe ihn daraufhin zum Schutz vor weiteren Angriffen in eine einfahrende Tram gebracht. Der Angegriffene erlitt ein Hämatom am Kopf. Eine medizinische Behandlung lehnte er ab. Eine Nahbereichsabsuche nach den unbekannt gebliebenen Tätern blieb ohne Erfolg.
In beiden Fällen übernahm der Polizeiliche Staatsschutz des Landeskriminalamts die weiteren Ermittlungen.",https://www.berlin.de/polizei/polizeimeldungen/2026/pressemitteilung.1721181.php
"DEIG-Einsatz – Festnahme nach Hausfriedensbruch, Sachbeschädigung und Widerstand gegen Vollstreckungsbeamte",03.10.2026,Mitte,"Nr. 1298
Gestern früh wurden Einsatzkräfte zu einer verhaltensauffälligen Person nach Mitte alarmiert. Gegen 6:25 Uhr soll sich der Mann schwankend auf einem Dach eines Wohnhauses in der Zionskirchstraße aufgehalten und Lärm verursacht haben. Wenig später stellten die Kräfte des Polizeiabschnitts 56 den 39-Jährigen auf einem Balkon im vierten Obergeschoss fest, wo er sich über die offenstehende Balkontür Zutritt in eine in Renovierung befindliche Wohnung verschaffte. Aus dieser nahmen die Polizistinnen und Polizisten laute Geräusche wahr. Auf eine Ansprache der Einsatzkräfte reagierte der Tatverdächtige nicht, verbarrikadierte die Wohnungseingangstür und verteilte Seife auf dem Boden. Nachdem sich die Kräfte Zutritt in die Wohnung verschaffen konnten, entnahmen sie Schlag- und Knallgeräusche aus dem Badezimmer, gegen dessen Tür sich der 39-Jährige anschließend stemmte, um das Eintreten der Beamten zu verhindern. Als sie schließlich die Badezimmertür öffnen konnten, fanden sie diverse
    Werkzeuge und gefährliche Gegenstände vor. Darunter befanden sich auch eine Metallstange und scharfkantige Kunststoffteile, die in greifbarer Nähe des Tatverdächtigen lagen. Dieser weigerte sich trotz mehrfacher polizeilicher Aufforderung, sich auf den Boden zu legen. In Anbetracht des Gefahrenpotenzials für alle Beteiligten setzte daraufhin ein Polizist das Distanzelektroimpulsgerät nach erfolgter Androhung gegen ihn ein. Der Mann wurde festgenommen und kam in ein Krankenhaus. Dort wurde er in einer psychiatrischen Fachstation vorgestellt, musste sich einer richterlich angeordneten Blutentnahme unterziehen und wurde danach aus den polizeilichen Maßnahmen entlassen. In der Wohnung wurden diverse Beschädigungen festgestellt. Der Tatverdächtige muss sich wegen des Verdachts des Hausfriedensbruchs, der Sachbeschädigung und des Widerstands gegen Vollstreckungsbeamte verantworten. Die Ermittlungen führen die örtlich zuständigen Abschnittskommissariate.",https://www.berlin.de/polizei/polizeimeldungen/2026/pressemitteilung.1721177.php
Gedenksteine mit Farbe besprüht – Tatverdächtiger festgenommen,03.10.2026,Pankow,"Nr. 1297
Gestern Nachmittag wurden Einsatzkräfte wegen einer Sachbeschädigung durch Farbschmiererei zum Ortsteil Prenzlauer Berg alarmiert. Nach bisherigen Erkenntnissen soll ein 46-jähriger Mann gegen 15:30 Uhr in der Greifswalder Straße mehrere auf dem dortigen Gehweg verlegte Gedenksteine mit Farbe besprüht haben. Die Einsatzkräfte konnten den Tatverdächtigen im unmittelbaren Nahbereich feststellen und vorläufig festnehmen. Nach Feststellung seiner Identität am Ort wurde der 46-Jährige entlassen. Die aufgebrachte Farbe konnte aufgrund ihrer Beschaffenheit nicht entfernt werden. Die weiteren Ermittlungen hat der Polizeiliche Staatsschutz des Landeskriminalamts Berlin übernommen.",https://www.berlin.de/polizei/polizeimeldungen/2026/pressemitteilung.1721172.php
Messerangriff auf Jugendlichen,03.10.2026,Mitte,"Nr.1296
Gestern Nachmittag wurden Einsatzkräfte wegen einer gefährlichen Körperverletzung zum Ortsteil Gesundbrunnen alarmiert. Nach bisherigen Erkenntnissen kam es gegen 17:50 Uhr im Bereich der Gartenstraße/Feldstraße zwischen einem 15-jährigen Jugendlichen und einer mehrköpfigen Personengruppe zunächst zu einem Streitgespräch. Im weiteren Verlauf soll eine männliche Person in der dortigen Parkanlage mehrfach mit einem Messer auf den Jugendlichen eingestochen haben. Anschließend entfernte sich die Personengruppe vom Ort. Der 15-Jährige erlitt hierbei mehrere Stichverletzungen im Bereich des Gesäßes. Alarmierte Rettungskräfte brachten ihn zur stationären Behandlung in ein Krankenhaus. Die weiteren Ermittlungen hat ein Fachkommissariat der Polizeidirektion 1 (Nord) übernommen.",https://www.berlin.de/polizei/polizeimeldungen/2026/pressemitteilung.1721169.php
Regenbogenbank im Großen Tiergarten beschmiert,02.10.2026,Mitte,"Nr. 1295
Einsatzkräfte des örtlich zuständigen Polizeiabschnittes stellten heute früh fest, dass ein oder mehrere Unbekannte die Gedenkbank zum Anschlag auf den CSD in Tiergarten beschmiert hatten. Die Polizeibeamten bemerkten gegen 4:20 Uhr in Höhe Ahornsteig im Großen Tiergarten starken Farbgeruch und stellten fest, dass die Bank großflächig mit schwarzer Farbe besprüht worden war. Die Einsatzkräfte reinigten die Bank mit eigenen Mitteln. Die weiteren Ermittlungen wegen des Verdachts der gemeinschädlichen Sachbeschädigung übernahm der Polizeiliche Staatsschutz des Landeskriminalamts.",https://www.berlin.de/polizei/polizeimeldungen/2026/pressemitteilung.1721089.php
Duo nach Diebstahl festgenommen,02.10.2026,Friedrichshain-Kreuzberg,"Nr. 1294
Polizeieinsatzkräfte nahmen gestern Nachmittag zwei Männer nach einem Autoeinbruch in Kreuzberg fest. Zuvor wurde der Jüngere der beiden, ein 20-Jähriger, dabei beobachtet, wie er gegen 14 Uhr die Scheibe eines in der Bernburger Straße parkenden Autos einschlug, um anschließend einen bisher unbekannten Gegenstand aus dem Wagen zu entwenden. Sein 44-jähriger mutmaßlicher Komplize sicherte die Tat aus der Entfernung ab. Im Rahmen der Personendurchsuchung beschlagnahmten die Einsatzkräfte potenzielles Tatwerkzeug, Mobiltelefone sowie ein Messer und eine Schere. Anschließend kamen die Tatverdächtigen in einen Polizeigewahrsam, von dem aus sie nach erfolgten erkennungsdienstlichen Maßnahmen den nun ermittelnden Kräften der Kriminalpolizei der Direktion 5 (City) überstellt wurden.",https://www.berlin.de/polizei/polizeimeldungen/2026/pressemitteilung.1720997.php
Keine Straftat – Geplante Nachbeschriftungsarbeiten,02.10.2026,Pankow,"Nr. 1293
Die am 29. September festgestellten Beschmierungen mehrerer Grabplatten mit schwarzer Farbe stellten sich als geplante Arbeiten einer Steinmetzfirma heraus. Die Verantwortlichen der Gräberanlage beauftragten für Nachbeschriftungsarbeiten ein Steinmetzunternehmen, welches für diese Arbeiten die Grabplatten mit schwarzer Farbe einstreichen musste. Somit liegt keine Straftat vor.
Erstmeldung Nr. 1282 vom 30. September 2026:
Gräberanlage beschmiert
Unbekannte beschmierten eine Gräberanlage in Niederschönhausen. Nach einem Hinweis stellten Einsatzkräfte gestern gegen 15 Uhr mehrere mit schwarzer Farbe beschmierte Grabplatten eines Ehrenhaines für Verfolgte des Nationalsozialismus auf einem Friedhof an der Straße Am Bürgerpark fest und dokumentierten die Sachbeschädigungen. Die weiteren Ermittlungen wegen des Verdachts der gemeinschädlichen Sachbeschädigung führt der Polizeiliche Staatsschutz beim Landeskriminalamt.",https://www.berlin.de/polizei/polizeimeldungen/2026/pressemitteilung.1720062.php
Verkehrsunfall mit lebensbedrohlich verletztem E-Scooter-Fahrer,02.10.2026,Marzahn-Hellersdorf,"Nr. 1292
Gestern Nachmittag kam es in Marzahn zu einem Verkehrsunfall, bei dem ein E-Scooter-Fahrer lebensbedrohlich verletzt wurde. Nach bisherigen Erkenntnissen soll der 18-Jährige gegen 14:15 Uhr die Tramgleise in der Raoul-Wallenberg-Straße in nördliche Richtung überquert haben. Beim anschließenden Überqueren der Fahrbahn kam es demnach zum Zusammenstoß mit einer von rechts kommenden 73-jährigen Autofahrerin. Durch die Kollision soll der E-Scooter-Fahrer über die Frontscheibe des Pkw geschleudert und anschließend zu Boden gestürzt sein. Alarmierte Rettungskräfte brachten den 18-Jährigen mit lebensbedrohlichen Kopfverletzungen zur stationären Behandlung in ein Krankenhaus. Die Autofahrerin blieb unverletzt. Aufgrund der Unfallaufnahme und der polizeilichen Maßnahmen war die nördliche Fahrbahn der Raoul-Wallenberg-Straße bis 19:30 Uhr für den Fahrzeug- und Fußgängerverkehr gesperrt. Die weiteren Ermittlungen hat ein Fachkommissariat für Verkehrsdelikte der Polizeidirektion 3 (Ost)
    übernommen.",https://www.berlin.de/polizei/polizeimeldungen/2026/pressemitteilung.1720912.php
Unbekannte Person flüchtet nach Unfall mit vierjährigem Kind,02.10.2026,Marzahn-Hellersdorf,"Nr. 1291
Nach einem Verkehrsunfall in Hellersdorf musste ein vierjähriger Junge gestern Abend ins Krankenhaus gebracht werden. Den bisherigen Ermittlungen zufolge soll das Kind gegen 17:30 Uhr die Zossener Straße betreten haben und von einer bislang unbekannten Person mit einem Fahrzeug angefahren worden sein. Die fahrende Person entfernte sich mit dem Fahrzeug, bei dem es sich nach Beobachtungen von Zeuginnen und Zeugen um einen Transporter gehandelt haben könnte, unerlaubt vom Unfallort. Das Kind wurde nach einer Erstversorgung mit einem Rettungswagen zur ambulanten Behandlung ins Krankenhaus gebracht. Die Ermittlungen zum Hergang des Unfalls dauern an.",https://www.berlin.de/polizei/polizeimeldungen/2026/pressemitteilung.1720907.php
20-Jährige bei E-Scooter-Unfall verletzt,02.10.2026,Mitte,"Nr. 1290
Bei einem Verkehrsunfall im Ortsteil Tiergarten wurde gestern Nachmittag eine 20-Jährige erheblich verletzt. Den bisherigen Ermittlungen zufolge überquerte die Heranwachsende kurz nach 15 Uhr auf einem E-Scooter die Helmut-Kohl-Allee und kollidierte mit einem Auto, mit dem ein 27-Jähriger – verbotenerweise auf der Busspur – Richtung Stülerstraße unterwegs war. Durch den Zusammenstoß stürzte die 20-Jährige. Sie kam mit Kopfverletzungen zur intensivmedizinischen Behandlung in ein Krankenhaus. Lebensgefahr soll nicht bestanden haben. Die Ermittlungen zum Unfallhergang führt ein Fachkommissariat der Direktion 2 (West).",https://www.berlin.de/polizei/polizeimeldungen/2026/pressemitteilung.1720894.php
Rassistische Beleidigung und Körperverletzung – Zeuginnen und Zeugen gesucht,01.10.2026,Charlottenburg-Wilmersdorf,"Nr. 1289
Am Dienstag, den 8. September 2026, soll es in Westend zu einer rassistischen Beleidigung, Körperverletzung und einem gefährlichen Eingriff in den Straßenverkehr gekommen sein. Nach bisherigen Erkenntnissen und Zeugenaussagen befuhr eine 24-jährige Autofahrerin gegen 9:35 Uhr mit einem schwarzen Toyota die Heerstraße in Richtung Kaiserdamm. Vor einer roten Ampel am Theodor-Heuss-Platz musste sie verkehrsbedingt nach einem Spurwechsel teils auf der linken Spur halten. Die 52-jährige Fahrerin eines dahinter befindlichen, schwarzen Audi soll daraufhin dicht aufgefahren sein und anhaltend gehupt haben. An der Ampel stieg die Audi-Fahrerin aus, trat an das geöffnete Fenster des Toyota und soll der 24-Jährigen unmittelbar ins Gesicht geschlagen haben. Diese konnte den Angriff teilweise abwehren, wurde aber am Arm getroffen. Währenddessen soll die ältere Frau die 24-Jährige rassistisch beleidigt haben. Anschließend kehrte die 52-Jährige in ihren Wagen zurück und fuhr der 24-Jährigen mit
    ihrem Audi auf dem Kaiserdamm in Richtung Ernst-Reuter-Platz dicht auffahrend hinterher, bis sie sich in unbekannte Richtung entfernte. Die 24-Jährige blieb körperlich unverletzt, stand jedoch unter dem Eindruck des Geschehens.
Die Ermittlerinnen und Ermittler fragen:
Wer hat den Vorfall am Dienstag, den 8. September 2026, zwischen 9:30 Uhr und 9:40 Uhr im Bereich Theodor-Heuss-Platz beobachtet?
Wer kann Angaben zu der flüchtigen Audi-Fahrerin oder dem genauen Tatablauf an der Ampel machen?
Wer verfügt über Dashcam-Aufnahmen oder andere Bild-/Videoaufzeichnungen aus dem relevanten Zeitraum und Bereich?
Wer kann sonst sachdienliche Angaben machen?
Hinweise nimmt der Polizeiliche Staatsschutz des Landeskriminalamts Berlin im Bayernring 44, 12101 Berlin-Tempelhof, unter der Telefonnummer (030) 4664-953515 oder per E-Mail an
lka535-hinweise@polizei.berlin.de
entgegen. Auch an jede andere Polizeidienststelle oder die
Internetwache
der Polizei Berlin können Hinweise gegeben werden.",https://www.berlin.de/polizei/polizeimeldungen/2026/pressemitteilung.1720637.php
Glasflasche auf den Kopf geschlagen,01.10.2026,Tempelhof-Schöneberg,"Nr. 1288
In der vergangenen Nacht schlug ein bisher Unbekannter einem Mann in Lichtenrade eine Glasflasche auf den Kopf. Nach derzeitigem Ermittlungsstand saßen drei Männer im Alter von 69, 64 und 62 Jahren um kurz nach Mitternacht auf der Terrasse eines Imbisses am Lichtenrader Damm. Dann seien vier bis fünf junge Männer erschienen. Einer aus dieser Gruppe soll sich plötzlich eine leere Bierflasche vom Tisch gegriffen und dem 64-Jährigen auf den Kopf geschlagen haben. Dadurch zerbrach die Flasche und der Mann erlitt eine Schnittverletzung am Kopf. Der 69-Jährige erlitt vermutlich durch umherfliegende Glasscherben eine Verletzung an der Nase. Anschließend sollen die Unbekannten die Männer mit Reizgas besprüht haben, wodurch alle drei Schmerzen an den Augen erlitten. Ein 40-Jähriger, der Bier aus dem Imbiss holte, verspürte beim Rausgehen ebenfalls Schmerzen an den Augen. Alle wurden von alarmierten Rettungskräften am Ort behandelt. Während der 40- und der 62-Jährige anschließend ihrer
    Wege gehen konnten, mussten die beiden Ältesten zu ambulanten Behandlungen in ein Krankenhaus. Die Unbekannten flüchteten. Die Kriminalpolizei der Direktion 4 (Süd) hat die weiteren Ermittlungen wegen gefährlicher Körperverletzung übernommen.",https://www.berlin.de/polizei/polizeimeldungen/2026/pressemitteilung.1720450.php
Nach Diebstahl aus Pkw mit mutmaßlicher Schusswaffe bedroht,01.10.2026,Friedrichshain-Kreuzberg,"Nr. 1287
Gestern Nachmittag kam es in Kreuzberg zu einem räuberischen Diebstahl. Nach bisherigen Erkenntnissen parkte ein 18-Jähriger gegen 14:30 Uhr sein Auto vor einem Juweliergeschäft in der Kottbusser Straße und begab sich anschließend in das Geschäft. Als er kurze Zeit später zu seinem Fahrzeug zurückkehrte, stellte er fest, dass die Mittelkonsole geöffnet worden war. Nach seinen Angaben befanden sich darin zuvor Bargeld sowie eine Armbanduhr. Über die Videoüberwachung des Juweliergeschäfts soll der Mann anschließend einen unbekannten Mann festgestellt haben, der sich zuvor auffällig an seinem Fahrzeug aufgehalten hatte. Als der 18-Jährige wenig später in Richtung Mariannenstraße unterwegs war, soll er den Tatverdächtigen wiedererkannt und ihn aufgefordert haben, stehen zu bleiben. Daraufhin soll der Unbekannte eine mutmaßliche Schusswaffe aus seinem Hosenbund gezogen haben. Diese soll er jedoch nicht auf den 18-Jährigen gerichtet haben. Der Heranwachsende flüchtete daraufhin
    unverletzt zu seinem nahegelegenen Fahrzeug und alarmierte die Polizei. Die weiteren Ermittlungen hat ein Fachkommissariat der Polizeidirektion 5 (City) übernommen.",https://www.berlin.de/polizei/polizeimeldungen/2026/pressemitteilung.1720399.php
Storno in Handfesseln – Räuberisch erpresste Fahrt endet mit vier Festnahmen,01.10.2026,Neukölln,"Nr. 1286
Gestern Abend wurde ein Essensauslieferer in Neukölln von einer fünfköpfigen Personengruppe überfallen. Gegen 19:50 Uhr sei der 26-Jährige nach seinem Feierabend mit einem Fahrrad auf der Saalestraße in Richtung Niemetzstraße unterwegs gewesen. An der Kreuzung zur Unstrutstraße sollen ihm dann fünf Jugendliche und Heranwachsende den Weg versperrt und ihn gefragt haben, ob er Drogen oder Essen mit sich führe. Nachdem er sich als Essensauslieferer zu erkennen gegeben habe, sei ihm ein Faltmesser vor den Hals gehalten worden. Dem Vernehmen nach tasteten ihn die Tatverdächtigen anschließend ab, nahmen sein Handy und orderten über sein Nutzerprofil einen Fahrdienst. Nach dessen Ankunft sollen vier von ihnen in das vorgefahrene Fahrzeug eingestiegen sein und dem 26-Jährigen sein Handy zurückgegeben haben. Alarmierte Einsatzkräfte des Polizeiabschnitts 54 konnten den Wagen des Fahrdienstleisters noch an der Kreuzung anhalten und das Quartett – bestehend aus je einem 16-, 17-, 18- und
    19-Jährigen – festnehmen. Derjenige, der mutmaßlich ein Messer mit sich geführt haben soll, konnte nicht mehr angetroffen werden. Die gebuchte Fahrt wurde storniert. Bei dem 17-Jährigen fanden die Kräfte ein 400 Milliliter fassendes Reizstoffsprühgerät und beschlagnahmten es. Während drei Tatverdächtige am Ort entlassen wurden, kam der 18-Jährige in einen Polizeigewahrsam. Dort musste er sich einer erkennungsdienstlichen Behandlung unterziehen, bevor er ebenfalls auf freien Fuß kam. Ein Fachkommissariat für täterorientierte Interventions- und Ermittlungsarbeit zur Verhinderung krimineller Karrieren von Kindern, Jugendlichen und Heranwachsenden übernahm die weiteren Ermittlungen wegen des Verdachts der gemeinschaftlichen räuberischen Erpressung mit Waffen.",https://www.berlin.de/polizei/polizeimeldungen/2026/pressemitteilung.1720392.php
Rettungskräfte angegriffen und bespuckt,01.10.2026,Marzahn-Hellersdorf,"Nr. 1285
In der vergangenen Nacht wurden Einsatzkräfte der Polizei Berlin zur Unterstützung von Kräften der Berliner Feuerwehr nach Marzahn alarmiert. Nach bisherigen Erkenntnissen hatten Einsatzkräfte der Berliner Feuerwehr gegen 1 Uhr einen 44-jährigen Mann in der Bruno-Baum-Straße medizinisch erstversorgt. Der Mann soll zuvor von einem bislang unbekannten Mann geschlagen worden sein. Während der Erstversorgung soll sich ein ebenfalls unbekannter Mann den Rettungskräften genähert und sich ihnen gegenüber bedrohlich verhalten haben. Im weiteren Verlauf soll er versucht haben, die 32-jährige behandelnde Notärztin zu schubsen. Anschließend soll er die Ärztin angespuckt haben. Aufgrund des zunehmend aggressiven Verhaltens des Mannes zogen sich die Rettungskräfte in ihr Einsatzfahrzeug zurück. Hieraufhin soll der Unbekannte mehrfach gegen die Fahrzeugtür sowie gegen die Windschutzscheibe des Einsatzfahrzeugs geschlagen haben. Anschließend entfernte er sich vom Ort. Die Notärztin verspürte
    durch das Anspucken Ekel und Brechreiz. Der zuvor behandelte 44-jährige Mann befand sich zu keinem Zeitpunkt in einem kritischen Gesundheitszustand. Er wurde zur weiteren medizinischen Versorgung in ein Krankenhaus gebracht. Die Ermittlungen dauern an.",https://www.berlin.de/polizei/polizeimeldungen/2026/pressemitteilung.1720334.php
Senior nach Verkehrsunfall im Krankenhaus verstorben – Zeuginnen und Zeugen gesucht,01.10.2026,Steglitz-Zehlendorf,"Nr. 1284
In der Nacht zu Mittwoch erlag ein Senior Verletzungen, die er Dienstagnachmittag bei einem Verkehrsunfall in Nikolassee erlitten hatte. Nach derzeitigen Erkenntnissen befuhr der 78-jährige Radfahrer gegen 15:30 Uhr den Kronprinzessinnenweg in Richtung Königstraße. Aus bisher nicht geklärter Ursache streifte der Mann dabei ein am rechten Fahrbahnrand stehendes Auto und kam in der Folge zu Fall. Dabei zog er sich erhebliche Verletzungen an Kopf und am Oberkörper zu, für deren Behandlung er in ein Krankenhaus kam. Das Fachkommissariat für Verkehrsdelikte der Polizeidirektion 4 (Süd) übernahm die weiteren Ermittlungen zu dem Unfall und bittet nun um Mithilfe bei dessen Rekonstruktion.
Die Polizei Berlin fragt:
Wer hat den Verkehrsunfall am Dienstag, den 29. September 2026, gegen 15:30 Uhr, beobachtet und kann Angaben zum Unfallhergang machen?
Wer kann sonst sachdienliche Angaben machen?
Hinweise nimmt das Fachkommissariat für Verkehrsdelikte der Polizeidirektion 4 (Süd) in der Eiswaldtstraße 18 in Berlin-Lankwitz unter der Rufnummer (030) 4664-472800 oder per E-Mail an
Dir-4-K-23@polizei.berlin.de
entgegen. Sie können Hinweise auch an jede andere Polizeidienststelle oder die
Internetwache
der Polizei Berlin geben.",https://www.berlin.de/polizei/polizeimeldungen/2026/pressemitteilung.1720324.php
Auftaktveranstaltung der Präventionswoche „Taschendiebstahl“,01.10.2026,bundeslandübergreifend,"Gemeinsame Meldung mit Polizei Brandenburg und Bundespolizeidirektion Berlin
Nr. 1283
Vom 5. bis 9. Oktober 2026 informieren die Polizei Berlin, die Polizei Brandenburg und die Bundespolizei im Rahmen einer Präventionswoche über das Thema Taschendiebstahl. Sie geben praktische Hinweise, wie sich Bürgerinnen und Bürger sowie Reisende und Touristinnen und Touristen vor Taschendiebstahl schützen können.
Trotz deutlich rückläufiger Fallzahlen bleibt Taschendiebstahl ein Thema. Besonders in Supermärkten, an Bahnhöfen und im öffentlichen Nahverkehr nutzen Täterinnen und Täter unbeobachtete Momente oder gezielte Ablenkung, um Geldbörsen und Mobiltelefone zu stehlen.
Die Präventionswoche sensibilisiert für die Vorgehensweisen von Taschendieben und vermittelt praktische Tipps zum Schutz vor Taschendiebstahl. Sie findet bereits zum fünften Mal statt. Die Polizei Berlin hatte sie erstmals 2022 initiiert; in der Folge wurde das Konzept von zahlreichen Länderpolizeien und der Bundespolizei übernommen.
Auftaktveranstaltung in Potsdam
Zum Auftakt der Präventionswoche informieren die Polizei Berlin, die Polizei Brandenburg und die Bundespolizei gemeinsam über die typischen Vorgehensweisen von Taschendieben und zeigen, wie man sich im Alltag und auf Reisen wirksam schützen kann.
Die Auftaktveranstaltung der Präventionswoche findet in Potsdam statt – jede und jeder Interessierte ist herzlich willkommen.
Ort:
Bahnhofspassagen Potsdam, Babelsberger Straße 16, 14473 Potsdam
Zeit:
Montag, 5. Oktober 2026, von 11 bis 14 Uhr
Um einen geeigneten Rahmen für die Veranstaltung zu schaffen, wird das Präventionsmobil der Polizei Berlin vor Ort als Bühne eingesetzt. Die Polizei Brandenburg unterstützt die gemeinsame Präventionsveranstaltung mit Einsatzkräften vor Ort. Darüber hinaus wird ein Team der Kriminalprävention der Bundespolizei in einer moderierten Vorführung anschaulich darstellen, wie Taschendiebe vorgehen und welche Möglichkeiten bestehen, sich vor dieser Art des Diebstahls zu schützen.
Die gemeinsame Auftaktveranstaltung in Potsdam steht zugleich beispielhaft für die länder- und behördenübergreifende Zusammenarbeit bei der Prävention von Taschendiebstahl. Parallel zu den Maßnahmen in Berlin informieren die Polizeien verschiedener Bundesländer gezielt vor Supermärkten über den Schutz vor Taschendiebstahl. Auch Kräfte der Bundespolizei führen bundesweit an Bahnhöfen und im Zugreiseverkehr entsprechende Präventionsmaßnahmen zum Schutz vor Taschen- und Handgepäckdiebstahl durch.
Um die Methoden der Täterinnen und Täter zu veranschaulichen, wurde durch das Landeskriminalamt das nachfolgende Video einer Tat veröffentlicht.",https://www.berlin.de/polizei/polizeimeldungen/2026/pressemitteilung.1720255.php
Drei Tatverdächtige nach Wohnungseinbruch festgenommen,30.09.2026,Tempelhof-Schöneberg,"Nr. 1281
Zivile Einsatzkräfte des Abschnitts 48 nahmen gestern Mittag in Zusammenarbeit mit der Operativen Gruppe Wohnungseinbruch der Polizeidirektion 4 (Süd) in Lichtenrade drei mutmaßliche Einbrecher fest. Der Mieter der betroffenen, in einem Mehrfamilienhaus in der Barnetstraße befindlichen Wohnung, hatte gegen 12:20 Uhr über die 110 die Polizei gerufen. Auf seinem Handy hatte er Live-Bilder von einer Überwachungskamera gesehen, auf denen er mehrere ihm unbekannte Personen in seiner Wohnung entdeckt hatte. Nach den bisherigen Kenntnissen hatten sich insgesamt drei Männer gewaltsam Zutritt zu seinen Räumen verschafft, daraus Schmuck entwendet und waren dann mit einem Auto geflüchtet. Polizeikräfte konnten kurz darauf im Nahbereich drei Tatverdächtige festnehmen. Die Männer im Alter von 25, 27 und 37 Jahren kamen zur Feststellung ihrer Identitäten in einen Polizeigewahrsam und wurden von dort der ermittlungsführenden Kriminalpolizei der Polizeidirektion 4 (Süd) übergeben. Sie sollen
    heute zum Erlass von Haftbefehlen einem Ermittlungsgericht vorgeführt werden. Die Ermittlungen zur Aufklärung des Einbruchs dauern an.",https://www.berlin.de/polizei/polizeimeldungen/2026/pressemitteilung.1720216.php
Fußgänger nach Zusammenstoß im Krankenhaus,30.09.2026,Marzahn-Hellersdorf,"Nr. 1280
Bei einem Verkehrsunfall, der sich vergangene Nacht in Marzahn ereignete, wurde ein Mann schwer verletzt. Nach derzeitigen Erkenntnissen betrat der 30-Jährige kurz nach Mitternacht von der Mittelinsel auf Höhe der Elisabethstraße kommend die Fahrbahn des Blumberger Damms und wurde dabei von einem 53-jährigen Autofahrer angefahren. Dieser war zum Unfallzeitpunkt in Richtung Landsberger Allee unterwegs. Infolge des Zusammenstoßes erlitt der 30-Jährige unter anderem schwere Kopfverletzungen und Hautabschürfungen. Rettungskräfte brachten ihn in ein Krankenhaus, in dem er stationär verblieb. Die weiteren Ermittlungen zum Unfallgeschehen hat das Verkehrsunfallkommando der Polizeidirektion 1 (Nord) übernommen.",https://www.berlin.de/polizei/polizeimeldungen/2026/pressemitteilung.1720046.php
Schüsse von Motorroller in Treptow-Köpenick,30.09.2026,Treptow-Köpenick,"Gemeinsame Meldung Polizei und Staatsanwaltschaft Berlin
Nr. 1279
Gestern Abend schossen Unbekannte auf drei Männer im Ortsteil Baumschulenweg. Gegen 20:30 Uhr sollen zwei Unbekannte den Berberitzenweg auf einem Motorroller befahren haben. Nach bisherigen Erkenntnissen schoss der Sozius auf Höhe eines Wohnhauses mehrfach auf die drei Männer, die sich auf dem Gehweg vor dem Grundstück befanden. Anschließend flüchtete das Duo. Zwei der drei Männer – ein 20- sowie ein 35-Jähriger – wurden getroffen. Sie kamen mit Schussverletzungen an den Beinen zur stationären Behandlung in ein Krankenhaus. Die dritte Person im Alter von 22 Jahren blieb unverletzt. Die weiteren Ermittlungen wegen des Verdachts der gefährlichen Körperverletzung und des Verstoßes gegen das Waffengesetz hat ein Fachkommissariat der Polizeidirektion 2 (West) gemeinsam mit der Staatsanwaltschaft Berlin übernommen.",https://www.berlin.de/polizei/polizeimeldungen/2026/pressemitteilung.1720036.php
13-Jährige wieder da,30.09.2026,Marzahn-Hellersdorf,"Nr. 1278
Die 13-Jährige, die seit dem 23. September 2026 vermisst wurde, ist wieder da. Sie begab sich gestern selbständig in eine Einrichtung der Jugendhilfe und wird dort betreut.
Erstmeldung Nr. 1272 vom 28.09.2026: 13-Jährige vermisst – Polizei bittet um Mithilfe
Mit der Veröffentlichung von Fotos bittet die Polizei Berlin um Mithilfe bei der Suche nach einer 13-Jährigen. Am Mittwoch, den 23. September 2026, verließ sie gegen 7 Uhr eine Einrichtung der Jugendhilfe in Marzahn-Hellersdorf, um zur Schule zu gehen. Dort kam sie allerdings nicht an. Wo sie sich derzeit aufhält, ist nicht bekannt. Es kann nicht ausgeschlossen werden, dass sich das Mädchen in einer hilflosen Lage befindet.",https://www.berlin.de/polizei/polizeimeldungen/2026/pressemitteilung.1719143.php
Autofahrerin bei Verkehrsunfall lebensbedrohlich verletzt,30.09.2026,Spandau,"Nr. 1277
Die 41-jährige Autofahrerin, die vergangenen Samstag bei einem so genannten Alleinunfall in Gatow lebensgefährliche Verletzungen davontrug, ist bereits in der Nacht zu Montag in einem Krankenhaus verstorben.
Erstmeldung Nr. 1260 vom 26. September 2026: Autofahrerin bei Verkehrsunfall lebensbedrohlich verletzt
In der vergangenen Nach wurde eine 41-jährige Autofahrerin bei einem Verkehrsunfall in Gatow erheblich verletzt. Nach den bisherigen Erkenntnissen befuhr die Frau gegen 0:30 Uhr mit einem Pkw den Groß-Glienicker Weg in Richtung Siedlung Habichtwald. Aus bislang ungeklärter Ursache kam die 41-Jährige nach links von der Fahrbahn ab und kollidierte mit einem am linken Fahrbahnrand stehenden Baum. Durch die Wucht des Aufpralls wurde das Fahrzeug auf die gegenüberliegende Fahrbahnseite geschleudert und kam anschließend in der dortigen Straßenbegrünung auf der linken Fahrzeugseite zum Liegen. Die 41-Jährige erlitt bei dem Unfall lebensbedrohliche Verletzungen. Alarmierte Einsatzkräfte der Berliner Feuerwehr versorgten die Frau und brachten sie zur stationären Behandlung in ein Krankenhaus. Die weiteren Ermittlungen zum Unfallhergang hat ein Fachkommissariat für Verkehrsdelikte der Polizeidirektion 4 (Süd) übernommen.",https://www.berlin.de/polizei/polizeimeldungen/pressemitteilung.1718519.php
Leichnam aus Tegeler See geborgen – Mordkommission und Staatsanwaltschaft ermitteln,29.09.2026,Reinickendorf,"Gemeinsame Meldung Polizei und Staatsanwaltschaft Berlin
Nr. 1276
Gestern gegen 14 Uhr entdeckten Bootsfahrer einen im Tegeler See treibenden Leichnam und alarmierten die Berliner Feuerwehr, die den toten Mann barg. Da die Auffindesituation auf ein Tötungsdelikt schließen ließ, übernahm eine Mordkommission im Auftrag der Staatsanwaltschaft Berlin die weiteren Ermittlungen wegen des Verdachts eines Tötungsdelikts. Der Leichnam wurde beschlagnahmt und zur Gerichtsmedizin gebracht. Dort wurde eine Obduktion durchgeführt, die den Verdacht bestätigte. Die Ermittlungen dauern an.",https://www.berlin.de/polizei/polizeimeldungen/2026/pressemitteilung.1719543.php
Festnahme nach Einbruch in Bäckerei,29.09.2026,Pankow,"Nr. 1275
In der vergangenen Nacht brachen zwei Männer in eine Bäckerei in Niederschönhausen ein. Nach bisherigen Erkenntnissen verschafften sich die beiden gegen 22:50 Uhr Zugang zu der Bäckerei in der Dietzgenstraße. Ein Zeuge hörte Geräusche aus dem Laden und alarmierte die Polizei, die im unmittelbaren Nahbereich einen der Männer festnehmen konnte. Der 38-jährige Tatverdächtige führte Einbruchswerkzeug und eine kleine Menge Betäubungsmittel mit sich. Beides wurde beschlagnahmt. Er wurde zur Feststellung seiner Identität in einen Polizeigewahrsam gebracht und anschließend von dort entlassen. Der zweite Tatverdächtige ist flüchtig. Die weiteren Ermittlungen führt die Kriminalpolizei der Direktion 1 (Nord).",https://www.berlin.de/polizei/polizeimeldungen/2026/pressemitteilung.1719443.php
Regenbogenbank erneut beschädigt,29.09.2026,Mitte,"Nr. 1274
In Tiergarten haben Unbekannte eine als Gedenkort anlässlich des Anschlags auf den Berliner CSD aufgestellte Regenbogenbank beschädigt. Nach ersten Erkenntnissen stellten Einsatzkräfte der Polizei im Rahmen ihrer Streifentätigkeit die Beschädigung gegen 2:20 Uhr in der Straße Ahornsteig im Großen Tiergarten fest. Mehrere Holzlatten der Sitzfläche waren mit einem unbekannten Gegenstand demoliert und mindestens ein Teilstück einer Latte vollständig abgebrochen worden. Bereits Anfang und Ende September war die Bank von Unbekannten mutwillig zerstört worden. Die Ermittlungen wegen gemeinschädlicher Sachbeschädigung dauern an und werden vom Polizeilichen Staatsschutz des Landeskriminalamtes geführt.",https://www.berlin.de/polizei/polizeimeldungen/2026/pressemitteilung.1719347.php
Messerangriff verletzte Polizisten und Schussabgabe,28.09.2026,Mitte,"Nr. 1273
Gestern Abend wurden Einsatzkräfte des Regionalabschnitts 17/18 nach Wedding alarmiert. Nach bisherigen Erkenntnissen und Zeugenaussagen kam es zwischen einer Gruppe von vier Personen im Alter von zwölf bis 16 Jahren sowie einem 28-Jährigen in einem Lokal in der Torfstraße gegen 19:45 Uhr zunächst zu verbalen Streitigkeiten. Im weiteren Verlauf entstand eine körperliche Auseinandersetzung, in der der 28-Jährige einem der 16-Jährigen mit einem Messer Stichwunden zugefügt haben soll. Der Jugendliche erlitt Verletzungen am Oberkörper und wurde zur stationären Behandlung in ein Krankenhaus gebracht. Lebensgefahr bestand nicht. Bei der anschließenden Sachverhaltsklärung wurden die alarmierten Einsatzkräfte der Polizei aus der widerstreitenden Gruppe körperlich angegriffen. Dabei wurden zwei Dienstkräfte am Gesicht und an der Hand verletzt, ambulant im Krankenhaus behandelt und traten vom Dienst ab. Drei Tatverdächtige, unter anderem der 28-Jährige, wurden einem Polizeigewahrsam
    zugeführt, erkennungsdienstlich behandelt und anschließend wieder entlassen.
Nach der Entlassung aus dem Polizeigewahrsam wurden diese Personen auf dem Gehweg der Perleberger Straße, unmittelbar gegenüber des Regionalabschnitts 27/28, aus einem vorbeifahrenden Fahrzeug heraus beschossen. Hierbei wurde einer der drei am Bein getroffen und anschließend zur stationären Behandlung in ein Krankenhaus gebracht. Die weiteren Ermittlungen dauern an.",https://www.berlin.de/polizei/polizeimeldungen/2026/pressemitteilung.1719167.php
64-Jähriger wieder da,28.09.2026,Reinickendorf,"Nr. 1271
Der 64-Jährige, der seit dem 10. September 2026 in Tegel vermisst wurde, ist inzwischen wohlbehalten an einer Tankstelle im Land Brandenburg angetroffen worden. Die Öffentlichkeitsfahndung hat sich somit erledigt.
Erstmeldung Nr. 1206 vom 18.09.2026: 64-Jähriger vermisst – Polizei bittet um Mithilfe
Mit der Veröffentlichung von Fotos bittet die Polizei Berlin um Mithilfe bei der Suche nach einem 64-Jährigen und seinem Auto. Er wird seit Donnerstag, den 10. September 2026, vermisst. An diesem Tag verließ er seine Arbeitsstelle am Buddeplatz in Berlin-Tegel mit seinem blauen VW Polo und ist seither nicht mehr gesehen worden. Nach Sichtung der Wohnung des Vermissten in Berlin-Reinickendorf gehen die Ermittlerinnen und Ermittler davon aus, dass es sich um einen medizinischen Notfall handeln könnte.",https://www.berlin.de/polizei/polizeimeldungen/2026/pressemitteilung.1716014.php
Live-Einbruchversuch und Experten-Tipps: Polizei Berlin zeigt wirksame Sicherungstechnik am Tag des Einbruchschutzes am 25. Oktober 2026,28.09.2026,berlinweit,"Nr. 1270
Zu Beginn der dunklen Jahreszeit steigen die Einbruchszahlen erfahrungsgemäß wieder an, da Täter verstärkt im Schutz der früh einsetzenden Dunkelheit agieren. Doch Bürgerinnen und Bürger können sich effektiv vor Einbrüchen schützen – in Berlin bleibt es bei fast jeder zweiten Tat beim Versuch.
Gelegenheit, sich über nachhaltige Schutzmaßnahmen zu informieren, bietet der bundesweite „Tag des Einbruchschutzes“ am Sonntag, den 25. Oktober 2026. Von 12 bis 16 Uhr laden die Polizei Berlin und die Tischler-Innung Berlin in das Foyer des Polizeipräsidiums, Platz der Luftbrücke 6, 12101 Berlin, zu einer Sonderberatung ein.
Fachkundige Kolleginnen und Kollegen informieren gemeinsam mit verschiedenen Sicherheitsfachfirmen über den optimalen Schutz von Haus, Wohnung und Gewerberäumen.
Das Programm bietet neben Theorie vor allem praktische Anschauung. Vorgestellt werden aktuelle Aspekte der modernen Sicherungstechnik – von einbruchhemmenden Fenstern und Türen über Nachrüstsysteme bis hin zu modernen Alarmanlagen.
Ein besonderer Höhepunkt erwartet die Besucherinnen und Besucher um 13 Uhr: Bei einem Live-Einbruchversuch wird demonstriert, wie standhaft ein speziell gesichertes Fenster sowie eine Sicherheitsverglasung gegen echte Aufbrechwerkzeuge sind.
Zusätzlich lohnt sich der Besuch am 25. Oktober doppelt: Für die gesamte Dauer der Veranstaltung öffnet auch die Polizeihistorische Sammlung im Polizeipräsidium ihre Pforten für das Publikum.
Für Bürgerinnen und Bürger, die am 25. Oktober verhindert sind, bietet die Polizei Berlin ganzjährig Unterstützung an: Unter der
Telefonnummer (030) 4664-979999
können kostenfreie Beratungstermine vereinbart werden.
Weitere Informationen zur Veranstaltung finden Sie unter folgendem Link:
https://www.berlin.de/polizei/aufgaben/praevention/diebstahl-und-einbruch/artikel.125014
.",https://www.berlin.de/polizei/polizeimeldungen/2026/pressemitteilung.1718998.php
Mann mutmaßlich durch Messerstich verletzt,28.09.2026,Neukölln,"Nr. 1269
Gestern Abend kam es in Britz zu einem Angriff, bei dem ein Mann eine Stichverletzung erlitt. Nach bisherigen Erkenntnissen lief der 30-Jährige gegen 20:35 Uhr durch die Fennpfuhl-Parkanlage, als plötzlich mehrere Personen dort aufgetaucht und ihn bedroht haben sollen. Aus der Gruppe heraus soll er unvermittelt mit Pfefferspray besprüht worden sein. Als er daraufhin in Richtung Fulhamer Allee geflüchtet sei, soll ihm ein Mann aus der Gruppe mutmaßlich mit einem Messer in das Gesäß gestochen haben. Auf der Fulhamer Allee warteten zwei Begleiter des Angegriffenen, die ebenfalls aus der Tätergruppe mit Pfefferspray besprüht worden sein sollen. Die Täter flüchteten anschließend in unbekannte Richtung. Der 30-Jährige kam zur stationären Behandlung in ein Krankenhaus. Lebensgefahr soll nicht bestehen. Die 20- und 26-jährigen Begleiter des Mannes erlitten Reizungen der Augen und wurden am Ort ambulant behandelt. Die weiteren Ermittlungen führt die Kriminalpolizei der Direktion 4 (Süd).",https://www.berlin.de/polizei/polizeimeldungen/2026/pressemitteilung.1718916.php
Mann bei Auseinandersetzung verletzt - Zeugenaufruf,28.09.2026,Mitte,"Nr. 1268
In der vergangenen Nacht kam es in Moabit zu einer Auseinandersetzung, bei der ein Mann verletzt wurde. Nach bisherigen Erkenntnissen wurde ein 28-Jähriger gegen 22 Uhr auf dem Gehweg vor einer Bar in der Turmstraße mit einer Stichverletzung im Brustbereich festgestellt. Der bislang unbekannte Tatverdächtige konnte in unbekannte Richtung flüchten. Der 28-jährige Verletzte wurde von Einsatzkräften der Polizei bis zum Eintreffen von Rettungskräften erstversorgt. Er wurde zur weiteren Behandlung in ein Krankenhaus gebracht und dort operiert. Lebensgefahr besteht nach derzeitigen Erkenntnissen nicht. Die weiteren Ermittlungen führt ein Fachkommissariat der Polizeidirektion 2 (West).
In diesem Zusammenhang fragen die Ermittlerinnen und Ermittler:
Wer hat zur Tatzeit gegen 22 Uhr in der vergangenen Nacht verdächtige Beobachtungen in der Turmstraße gemacht, die mit dem Tathergang im Zusammenhang stehen?
Wer kann sonstige Angaben zum Tatgeschehen, dem Tatverdächtigen oder dem Fluchtweg machen?
Wer hat Video- oder Bildmaterial, das zur Verfügung gestellt werden kann?
Hinweise nimmt die Kriminalpolizei der Direktion 2 (West) in der Perleberger Straße 61a, in 10559 Berlin, unter der Rufnummer (030) 4664 – 273100 (während der Dienstzeiten) und – 271100 außerhalb der Dienstzeiten entgegen. Selbstverständlich können sich Zeuginnen und Zeugen auch an jede andere Polizeidienststelle wenden, die
Internetwache
nutzen oder Informationen per E-Mail an
dir2k31@polizei.berlin.de
geben.",https://www.berlin.de/polizei/polizeimeldungen/2026/pressemitteilung.1718894.php
Vorderrad am Fahrrad entwendet (Elstal),05.10.2026,"Elstal, Überregional","Bislang unbekannte Täter entwendeten das Vorderrad eines E-Bikes, welches an einem öffentlich zugänglichen Fahrradständer angeschlossen war. Es entstand dadurch ein Schaden in Höhe von circa 300 Euro. Polizisten leiteten vor Ort Ermittlungen ein und sicherten Spuren.",https://polizei.brandenburg.de/pressemeldung/vorderrad-am-fahrrad-entwendet/5713821
Vielzahl von Verstößen festgestellt (BAB 12),01.10.2026,"BAB 12, Überregional","Am 01.10.2026 haben Beamte der Verkehrspolizei erneut Abstandskontrollen auf der Bundesautobahn 12 in Fahrtrichtung Bundesgrenze durchgeführt, bei denen die Einhaltung des vorgeschriebenen Sicherheitsabstandes für Fahrzeuge mit einer Gesamtmasse von mehr als 3,5 Tonnen im Fokus stand. Nach § 4 Abs. 3 der Straßenverkehrsordnung müssen LKW und Busse mit einer zulässigen Gesamtmasse über 3,5 Tonnen auf Autobahnen bei einer Geschwindigkeit von mehr als 50 km/h einen Abstand von mindestens 50 Metern zum vorausfahrenden Fahrzeug einhalten.
Dass dies oftmals nicht der Fall ist, zeigte sich auch am gestrigen Tag erneut. Sieben LKW-Fahrer sind aufgrund begangener Abstandsverstöße, nachdem das Geschehen mit Hilfe der Drohne erkannt und dokumentiert wurde, direkt gestoppt und einer Überprüfung unterzogen worden. In drei weiteren Fällen sind LKW-Fahrer gestoppt worden, die gegen das auf der BAB 12 bestehende LKW-Überholverbot verstoßen haben. Bei den sich anschließenden Kontrollen der Fahrer und der Fahrzeuge sind drei weitere Verstöße gegen das Fahrpersonalrecht, ein Geschwindigkeitsverstoß sowie eine mangelhafte Ladungssicherung festgestellt und sanktioniert worden.",https://polizei.brandenburg.de/pressemeldung/vielzahl-von-verstoessen-festgestellt/5713720
Leiterin / Leiter von IT-Projekten (w/m/d*),02.10.2026,Überregional,"Für den Zentraldienst der Polizei des Landes Brandenburg (ZDPol), Bereich Informationstechnik, Teilbereich IT-Systeme und kritische Infrastruktur sucht das Ministerium des Innern und für Kommunales des Landes Brandenburg zum nächstmöglichen Zeitpunkt eine
Leiterin / einen Leiter von IT-Projekten (w/m/d*)
(bis Besoldungsgruppe A 14 BbgBesO/ Entgeltgruppe 13 der Entgeltordnung zum TV-L) am Dienstort Potsdam oder Zossen (Ortsteil Wünsdorf).
Bewerbungsfrist
: 28. Oktober 2026
Weitere Informationen finden Sie im Ausschreibungstext unter Links zum Thema.",https://polizei.brandenburg.de/pressemeldung/leiterin-leiter-von-it-projekten-w-m-d-/5713663
Verkehrskontrolle (BAB12),30.09.2026,"BAB12, Überregional","Eine Streife der Autobahnpolizei kontrollierte am 29.09.2026 gegen 12:05 Uhr auf der BAB12 zwischen der Bundesgrenze zur Republik Polen und der Anschlussstelle Frankfurt (Oder)-Mitte in Fahrtrichtung Berlin einen Pkw Mercedes-Benz mit Berliner Zulassung. Am Steuer des Wagens fanden die Beamten einen 47-jährigen georgischen Staatsbürger vor, dem für das bundesdeutsche Staatsgebiet ein Fahrverbot auferlegt wurde. Die Beamten untersagten folglich die Weiterfahrt und leiteten gegen den Fahrer sowie den Fahrzeugverantwortlichen ein Strafverfahren wegen des Verdachts des Fahrens ohne Fahrerlaubnis ein.",https://polizei.brandenburg.de/pressemeldung/verkehrskontrolle/5713553
Digitaler Themenabend Einbruchschutz – online,30.09.2026,Überregional,,https://polizei.brandenburg.de/termin/digitaler-themenabend-einbruchschutz-onl/5713481
Aufgefahren (BAB 12 bei Friedrichshof),28.09.2026,"BAB 12 bei Friedrichshof, Überregional",Ein PKW war am Montag gegen 16:00 Uhr einem FORD-Transporter mit Anhänger am Übergang auf die Landesstraße 39 aufgefahren. Dabei wurde die 18-jährige Autofahrerin verletzt und anschließend zur medizinischen Behandlung in ein Krankenhaus gebracht. Sowohl der DAEWOO als auch das Gespann des „Tourneo Connect“ waren nicht mehr fahrbereit.  Die Schadenssumme wurde auf rund 10.000 Euro geschätzt. Die Landesstraße 39 wurde für den Zeitraum der Unfallaufnahme gesperrt.,https://polizei.brandenburg.de/pressemeldung/aufgefahren/5713424
Hohe Schäden durch Diebstähle verhindern: Bootsmotoren im Winterlager schützen,28.09.2026,Überregional,"Potsdam.
Viele Wassersportler genießen gegenwärtig noch den Spätsommer auf Brandenburgs Wasserstraßen. Doch schon bald endet die Wassersportsaison und die meisten Sportboote werden ins Winterlager überführt.
Ist das Boot erst einmal aus dem Wasser und winterfest gemacht, gilt es auch im Winterlager auf eine ausreichende Sicherung zu achten. Der Diebstahl von Bootsmotoren hat sich im letzten Jahr mehr als verdoppelt. Im Jahr 2024 registrierte die Polizei 40 Fälle. Im Jahr 2025 waren es 83 erfasste Fälle.
Um den Diebstahl von Bootsmotoren zu erschweren, bietet die Brandenburger Wasserschutzpolizei einen kostenlosen Gravur-Service an. Die gravierte Nummer ist deutlich sichtbar außen am Schaft des Motors angebracht. Sie ist dauerhaft, lässt sich nicht ohne sichtbare Beschädigung entfernen und wird zudem in einer Datenbank erfasst. Termine für eine Gravur können direkt bei den Wasserschutzpolizei-Dienststellen vereinbart werden.
Auch die Betreiber von Yachthäfen und Marinas sollten besonders in den Wintermonaten wachsam sein, Gelände und Gebäude ausreichend sichern sowie ihre Mitglieder für mögliche Gefahren sensibilisieren.
Weitere Tipps für ein sicheres Winterlager von Sportbooten hat die Polizei in einer Winterlager-Checkliste zusammengestellt.
Weitere Informationen gibt es auch auf den Social-Media-Kanälen der Polizei Brandenburg und auf dem Whatsapp-Kanal „Polizei Brandenburg“.",https://polizei.brandenburg.de/pressemeldung/hohe-schaeden-durch-diebstaehle-verhinde/5713282
Sachbearbeiter/innen Hinweisbearbeitung (m/w/d) (Dienstort Potsdam),25.09.2026,"Dienstort Potsdam, Überregional","Logo Polizei Wortbildmarke einzeilig
Im Polizeipräsidium des Landes Brandenburg befindet sich die Polizeidirektion West. Sie umfasst territorial die Landkreise Potsdam-Mittelmark, Teltow-Fläming und Havelland sowie die kreisfreien Städte Brandenburg an der Havel und die Landes-hauptstadt Potsdam.
Für die
Kriminalpolizei der Polizeidirektion West
als mittlere Ebene sucht das Polizeipräsidium zum nächstmöglichen Zeitpunkt in unbefristeter Anstellung zwei Tarifbeschäftigte
Sachbearbeiter
/
innen Hinweisbearbeitung
(m/w/d)
im Kriminalkommissariat Besondere Ermittlungen Cybercrime/Sexualisierte Gewalt gegen Kinder
am
Dienstort Potsdam
Die Stellen sind mit der
Entgeltgruppe
E 9a TV-L
bewertet.
Aufgabengebiete
:
Kriminalpolizeiliche Ermittlungsunterstützung/Hinweisbearbeitung
Fertigung von Strafanzeigen (u.a. im Deliktsbereich der sexualisierten Gewalt gegen Kinder und Jugendliche) und ggf. weitere Sachbearbeitung
Bearbeitung kleinerer und mittlerer Sachverhalte einschließlich der Durchführung von Ermittlungen (z.B. Identifizierung tatsächlicher Nutzer von E-Mail-Adressen, Telefonnummern, Internetaccounts)
Teilbeiträge zu Ermittlungen in Großverfahren
Sichtung und Selektion von personen- und sachbezogenen Informationen aus Ermittlungsvorgängen (Schriftlagen, Beweismittel, Ermittlungsinformationen, Videomaterial etc.)
Sichtung und Bewertung von Beweismitteln hinsichtlich ihrer Strafbarkeit (z.B. Kinder- und Jugendpornografische Inhalte) und ggf. Anlegen von Beweismittelbänden für das Ermittlungsverfahren
Unterstützung bei Durchsuchung von Personen und Objekten
Erstellung von Negativprognosen (hinsichtlich der Datenverarbeitung für Zwecke künftiger Strafverfahren/Gefahrenvorsorge)
Informationserhebung und Recherche/ Allgemeine Unterstützungsaufgaben
Recherche in polizeilichen Auskunftssystemen unter Anwendung polizeilicher Fachverfahren und Zuordnung zu bereits bestehenden Vorgängen
Recherchen von frei zugänglichen Informationen aus dem Internet (OSINT-Recherchen, ohne Einsatz spezieller Suchwerkzeuge)
Führung und Pflege dienststelleninterner Listen (Dienstplan, Alarmierungslisten etc.)
Begleitung und Einarbeitung von neuen Beschäftigten im Arbeitsbereich durch Vermittlung von praktischen und theoretischen Fachinhalten
Koordination von Qualifizierungsmaßnahmen für neue Beschäftigte im Arbeitsbereich
Mitwirkung bei Sonderlagen, BAO
Die Tätigkeit versteht sich als
polizeivollzugsunterstützende Tätigkeit
!
Anforderungen
:
formale Anforderung
Abgeschlossene kaufmännisch geprägte Berufsausbildung in einem anerkannten Büroberuf, verwaltungsbezogenen Ausbildung oder in der Rechtspflege (z.B. Rechtsanwaltsangestellte/r, Justizfachangestellte/r)
fachliche Anforderungen
Führerschein mindestens Klasse B
dreijährige Berufserfahrung mit Ausbildungsbezug
Bereitschaft zu Diensten am Wochenende und in der Nacht
außerfachliche Anforderungen
Engagement und Motivation
ein hohes Maß an psychischer Belastbarkeit
Kommunikationsfähigkeit
Verantwortungsbewusstsein und Entscheidungsvermögen
sehr gute Kenntnisse in deutscher Sprache und Schrift (Mindestqualifizierung nach B2 des GeR)
Aufgrund der zu bearbeitenden Thematik ist ein Kontakt mit kinder- und jugendpornografischen Darstellungen arbeitstäglich gegeben. Ein hohes Maß an psychischer Belastbarkeit ist aufgrund der wahrzunehmenden Aufgaben zwingend erforderlich. Hierzu wird bei Einstellungsabsicht ein psychosoziales Gespräch mit unserem Polizeipsychologen erfolgen.
Wir bieten Ihnen:
einen unbefristeten Arbeitsplatz mit einer Eingruppierung bis Entgeltgruppe 9a der Entgeltordnung zum Tarifvertrag der Länder (TV-L)
das gute Gefühl, einen Beitrag im Kampf gegen Kindesmissbrauch zu leisten
eine anspruchsvolle und herausfordernde, aber sinnstiftende Tätigkeit im polizeilichen Umfeld
bedarfsorientierte Fortbildungsmöglichkeiten
flexible Arbeitszeitgestaltung mit der Möglichkeit der flexiblen Arbeitsortgestaltung nach dienstlichen Bedarfen
Leistungen nach dem TV-L (z. B. 30 Tage Erholungsurlaub, Jahressonderzahlung, Zusatzversorgung der VBL, vermögenswirksame Leistungen)
die Möglichkeit zum Bezug eines VBB-Firmentickets mit Arbeitgeberzuschuss
betriebliches Gesundheitsmanagement
Die Polizei des Landes Brandenburg unterstützt die Vereinbarkeit von Beruf und Familie durch flexible Arbeitszeitgestaltung im Rahmen dienstlicher Möglichkeiten. Die Stelle ist grundsätzlich zur Besetzung mit Teilzeitkräften geeignet. Die Bereitschaft zu einer flexiblen Arbeitszeitgestaltung gemäß den dienstlichen Erfordernissen unter Berücksichtigung der familiären Belange wird vorausgesetzt.
Schwerbehinderte und denen gleichgestellte Menschen werden nach Maßgabe des Sozialgesetzbuchs (SGB) IX bei gleicher Eignung, Befähigung und fachlicher Leistung bevorzugt berücksichtigt. Der Hinweis auf eine Schwerbehinderung in der Bewerbung ist wünschenswert.
Es wird darauf hingewiesen, dass bei Einstellungsabsicht ein Auszug aus dem Bundeszentralregister (Führungszeugnis) gem. § 30 Abs. 5 Bundeszentralregistergesetz zur Vorlage bei einer Behörde abgefordert wird.
Sofern die formalen Anforderungen nicht erfüllt werden oder die Bewerbung unvollständig ist, kann diese nicht berücksichtigt werden.
Anfallende Kosten im Zuge des Bewerbungsverfahrens können nicht erstattet werden!
Fühlen Sie sich angesprochen?
Dann richten Sie Ihre Bewerbung bitte bis zum
07.10.2026
mit aussagekräftigen Unterlagen, einschließlich Qualifikationsnachweisen, Abschluss- und Arbeitszeugnissen, Kopie der Fahrerlaubnis etc. per E-Mail in einer zusammengefassten Datei im PDF-Format an:
stab3.pdwest@polizei.brandenburg.de
Bei Rückfragen steht Ihnen Frau Schmitt unter der Telefonnummer (03381) 560-2314 gern zur Verfügung.
Mit der Bewerbung erklären Sie sich damit einverstanden, dass die Bewerbungsunterlagen auch im Falle einer erfolglosen Bewerbung für die Dauer von mindestens drei Monaten aufbewahrt werden.
Es wird um Beachtung der Datenschutzhinweise auf der Internetseite www.polizei.brandenburg.de unter der Rubrik Stellenausschreibungen gebeten.
​​​​​​​
Sollten Sie uns Ihre Unterlagen verschlüsselt zusenden wollen, kontaktieren Sie uns zur Übermittlung unseres öffentlichen Schlüssels.",https://polizei.brandenburg.de/pressemeldung/sachbearbeiter-innen-hinweisbearbeitung-/5713198
Sachbearbeiter/in Bewirtschaftungsmanagement Zentrale Beschaffung (w/m/d) (Zossen OT Wünsdorf),24.09.2026,"Zossen OT Wünsdorf, Überregional","(ZDPol)
Der Zentraldienst der Polizei des Landes Brandenburg ist die zentrale Dienstleistungs- und Serviceeinrichtung für die Polizei sowie für andere Organisationsbereiche der Landesverwaltung.
Der
Zentraldienst der Polizei des Landes Brandenburg, Dienstort Zossen/OT Wünsdorf
sucht zum nächstmöglichen Zeitpunkt für den Bereich Zentralstelle für Beschaffung, Technik und Logistik (ZBTL) im Teilbereich Koordinierungsstelle Zentrale Beschaffung
eine/n Sachbearbeiter/in Bewirtschaftungsmanagement Zentrale Beschaffung (w/m/d).
Der Bereich Zentralstelle für Beschaffung, Technik und Logistik ist verantwortlich für die Organisation, Planung und Bereitstellung der technischen Ausstattung der Polizei.
Der Teilbereich Koordinierungsstelle Zentrale Beschaffung ist verantwortlich für relevante Beschaffungen für die Polizei und Landesverwaltung Brandenburg. Die Planung und Bewirtschaftung des Haushaltes erfolgt für die wesentlichen Beschaffungsvorgänge, Instandhaltungen und sonstigen Serviceleistungen für die Polizei.
Werden Sie Teil unseres Teams und unterstützen Sie die Polizeiarbeit durch die aktive Bewirtschaftung der zur Verfügung stehenden Haushaltsmittel! Ihr abwechslungsreicher und spannender
Aufgabenbereich umfasst
:
Prüfung von Beschaffungsanmeldungen in Bezug auf geplante Haushaltsmittel
Qualitätsprüfung der eingereichten Unterlagen
Anlage von Beschaffungsmaßnahmen in SAP
Erheben und Aufbereiten von Kennzahlen sowie Aufklärung von Abweichungen
Abstimmung mit anderen Fachbereichen zur Planung der Haushaltsmittel
Aufbereitung von Dokumentationen für andere Fachbereiche zur Erläuterung der Bewirtschaftung
Bewerben Sie sich, wenn Sie
über:
eine abgeschlossene Berufsausbildung als Verwaltungsfachangestellte/n oder Bankkauffrau/-mann oder Industriekauffrau/-mann oder Steuerfachangestellte/r oder
vergleichbar oder
die Laufbefähigung für den mittleren allgemeinen Verwaltungsdienst
verfügen.
Darüber hinaus erwarten wir:
einen sicheren Umgang mit gängiger Standardsoftware, MS-Office Produkten (insbesondere Excel und Outlook)
Teamfähigkeit, Kommunikationsfähigkeit und Kritikfähigkeit
eine gute Auffassungsgabe, strukturiertes Denken und Arbeiten
sehr gute Kenntnisse der deutschen Sprache in Wort und Schrift
ein ausgeprägtes Bewusstsein für Qualität, Kosten und Risiken
Kenntnisse über den Aufbau der Brandenburger Landesverwaltung
Durchsetzungs-, Kooperations- und Teamfähigkeit
Besitz einer gültigen Fahrerlaubnis der Klasse B, alternativ Gewährleistung der Mobilität.
Wünschenswert sind:
praktische Erfahrungen im Bereich Rechnungswesen, Buchhaltung, Bewirtschaftung eines Haushaltes
SAP-Kenntnisse
Unser Angebot:
ein sicherer Arbeitsplatz durch unbefristete Einstellung mit einer Eingruppierung nach der
Entgeltgruppe E 8 TV-L
bei Erfüllung der persönlichen Voraussetzungen ist die Übernahme in ein Beamtenverhältnis
bis zur Besoldungsgruppe A 9 BbgBesO
möglich
flexible Möglichkeiten der Arbeitszeitgestaltung durch Gleitzeitregelungen von Montag bis Freitag zwischen 06:00 und 21:00 Uhr sowie Arbeitsortflexibilisierung (z. B. Home-Office)
Möglichkeit der Samstagsarbeit von 06.00- 18.00 Uhr
30 Tage Erholungsurlaub sowie dienstfrei am 24. und 31. Dezember
betriebliches Gesundheitsmanagement
Leistungen nach dem Tarifvertrag der Länder (TV-L)
einen Arbeitgeberzuschuss für ein ÖPNV-Firmenticket oder das Deutschland Ticket Job
fachliche und kompetenzstärkende Weiterentwicklungsmöglichkeiten im Rahmen von Fortbildungen.
Ergänzende Hinweise:
Wir legen als attraktiver und durch das
audit „berufundfamilie“
zertifizierter Arbeitgeber bei der Gestaltung der Arbeitsplätze und -bedingungen großen Wert darauf, dass sich die Belange von Beruf und Familie bestmöglich vereinbaren lassen. Dieser Arbeitsplatz ist grundsätzlich auch für eine Teilzeitbeschäftigung geeignet. Teilzeitwünschen kann im Rahmen der dienstlichen Möglichkeiten entsprochen werden.
Der ZDPol legt großen Wert auf Vielfalt. Wir freuen uns über jede Bewerbung, unabhängig von Geschlecht, Nationalität (Kommunikationssprache ist Deutsch), ethnischer und sozialer Herkunft, Religion/Weltanschauung, Behinderung, Alter sowie sexueller Orientierung und geschlechtlicher Identität. Schwerbehinderte Menschen werden bei gleicher Qualifikation und Eignung
unter Berücksichtigung aller Umstände des Einzelfalls
bevorzugt berücksichtigt. Die berufliche Gleichstellung von Frauen und Männern wird gewährleistet.
Kontakt und Informationen
Auskünfte zum fachlichen Aufgabenbereich erteilt Ihnen gerne Frau Spann unter der Telefonnummer 033702 91-341. Für Fragen zum Ausschreibungsverfahren steht Ihnen gerne Herr Seedorf unter der Telefonnummer 033702 91-476 zur Verfügung.
Informationen über den Zentraldienst der Polizei des Landes Brandenburg erhalten Sie auf unserer Homepage
unter diesem Link
.
Haben wir Ihr Interesse geweckt?
Bitte reichen Sie Ihre Bewerbung mit den vollständigen Bewerbungsunterlagen (Bewerbungsschreiben, Lebenslauf, Urkunden/Zeugnisse über Berufs- bzw. Studienabschlüsse inkl. Diploma Supplement, aktuelle Arbeitszeugnisse)
per E-Mail
(mit Angabe der Kennzahl im Betreff) in einer zusammengefassten pdf-Datei mit einer Größe von max. 10 MB an
Bewerbung.ZDPol@polizei.brandenburg.de
oder
postalisch
an den
Zentraldienst der Polizei
Verwaltung (V1.3 Personalgewinnung)
Kennzahl: 44/26
Am Baruther Tor 20
15806 Zossen
unter Angabe der Kennzahl bis einschließlich
15. Oktober 2026
ein.
Es wird empfohlen, eine Behinderung/Gleichstellung zur Wahrung Ihrer Interessen bereits in der Bewerbung mitzuteilen und nachzuweisen.
Unvollständige Bewerbungsunterlagen können leider im weiteren Verfahren nicht berücksichtigt werden. Eine Erstattung der im Zusammenhang mit der Bewerbung entstehenden Kosten kann nicht erfolgen.
Bei
ausländischen Bildungsabschlüssen
bitten wir um Übersendung entsprechender Nachweise über die Gleichwertigkeit mit einem deutschen Abschluss.
Um Angabe der telefonischen Erreichbarkeit zur kurzfristigen Kontaktaufnahme wird gebeten.
Informationen zum Datenschutz
Der Zentraldienst der Polizei des Landes Brandenburg (ZDPol) verarbeitet Daten von Ihnen im Zusammenhang mit der Durchführung von Bewerbungsverfahren. Mit diesen Datenschutzhinweisen möchte der ZDPol Sie gemäß Art. 13 der Datenschutz-Grundverordnung (DSGVO) über die Verarbeitung Ihrer Daten informieren.
Weitere Informationen finden Sie
unter diesem Link
.
Eine Rücksendung der eingereichten Bewerbungsunterlagen erfolgt grundsätzlich nicht mehr. Daher wird gebeten, dem Bewerbungsschreiben lediglich Kopien beizufügen und keine Bewerbungsmappe zu verwenden. Sofern Sie dennoch die Rücksendung von Bewerbungsunterlagen wünschen, ist ein ausreichend frankierter Rückumschlag beizulegen.",https://polizei.brandenburg.de/pressemeldung/sachbearbeiter-in-bewirtschaftungsmanage/5713088
Vorfahrt missachtet (Duben),23.09.2026,"Duben, Überregional","Ein Verkehrsunfall auf der Bundesstraße 87 zwischen Neuendorf und Lübben war der Polizei am Dienstag kurz vor 14:30 Uhr gemeldet worden. Wegen der Missachtung der Vorfahrt nach dem Verlassen der Autobahn war ein PKW VW mit einem SKODA-SUV zusammengestoßen. Verletzt wurde dabei niemand, aber bei einer geschätzten Gesamt-Schadensbilanz von etwa 50.000 Euro mussten für beide Autos Abschleppdienste organisiert werden. Für eine halbe Stunde sorgte die Vollsperrung der Bundesstraße für erhebliche Verkehrsbehinderungen.",https://polizei.brandenburg.de/pressemeldung/vorfahrt-missachtet/5713064
Betrug per Fernzugriff (Wittenberge ),22.09.2026,"Wittenberge, Überregional","Ein 74-jähriger Mann hat am Montag festgestellt, dass durch Unberechtigte mehrere tausend Euro von seinem Konto abgebucht worden sind. Zuvor war ihm von bisher Unbekannten am Telefon ein Gewinn von 28.000 Euro aus einer angeblichen Geldanlage versprochen worden, woraufhin er den Anrufern einen Fernzugriff auf seinen Computer gewährte. Die Bank konnte die Abbuchung rückgängig machen, sodass ein finanzieller Schaden abgewendet werden konnte. Die Kriminalpolizei hat die Ermittlungen aufgenommen.",https://polizei.brandenburg.de/pressemeldung/betrug-per-fernzugriff/5713042
Einbrecher leistet Widerstand (Neuruppin ),22.09.2026,"Neuruppin, Überregional","Am Dienstagvormittag ist ein 50-jähriger Mann in ein Einfamilienhaus in Alt Ruppin eingedrungen. Der Mann hatte sich in Abwesenheit des 66-jährigen Bewohners durch ein Küchenfenster Zutritt zum Haus verschafft und verschiedene Räume durchwühlt. Der 50-Jährige konnte wenige Stunden später im Nahbereich festgestellt und vorläufig festgenommen werden. Während der anschließenden Maßnahmen leistete er Widerstand.
In der Nacht zum 23.09.2026 kam es im Polizeigewahrsam erneut zu einem Widerstand gegen Polizeibeamte. Der Mann überschüttete einen Beamten mit Wasser und sperrte sich gegen die Unterbringung in seiner Zelle. Verletzt wurde dabei niemand. Neben dem Einbruch muss er sich nun auch wegen Widerstands gegen Vollstreckungsbeamte verantworten.",https://polizei.brandenburg.de/pressemeldung/einbrecher-leistet-widerstand/5713041
Lassen Sie sich nicht betrügen! (Landkreis Märkisch-Oderland ),23.09.2026,"Landkreis Märkisch-Oderland, Überregional","Die Kriminalpolizei der Inspektion Märkisch-Oderland ermittelt gegenwärtig zu zwei Betrugsfällen, bei denen die Täter fast unisono vorgegangen sind.
Am 21.09.2026 wandte sich eine Frau an die Polizei, nachdem sie im Internet Rechnungen per Kreditkarte bezahlt hatte und anschließend eine Mail erhielt, als deren Absender sich „American Express“ ausgab.
Tags darauf ploppte auf dem Mobiltelefon eines Mannes eine Nachricht auf, die ebenfalls von „American Express“ stammen sollte.
Der jeweilige Text war identisch. So hieß es, dass vom Konto der Angeschriebenen eine Abbuchung größerer Summen in Schweizer Franken erfolgt sei und man doch über eine „Servicenummer“ Kontakt aufnehmen solle, wenn diese Abbuchungen nicht von den Betroffenen in Auftrag gegeben worden wären.
Als beide tatsächlich diese Nummer gewählt hatten, wurde ihnen eingeredet, dass ein Computervirus hinter den Abbuchungen stecken würde, man ihnen aber helfen könne.
Die Frau ließ daraufhin einen Fernzugriff auf ihren Rechner zu und musste erleben, wie mehr als 60.000 Euro per Mausklick einfach vom Konto verschwanden.  Der Mann gab ebenfalls persönliche Daten preis und folgte anschließend verschiedenen Anweisungen, die angeblich der sofortigen Rückbuchung der Überweisungen per Push-TAN dienten. Bei ihm waren im Endeffekt sogar mehr als 70.000 Euro verschwunden.
Denn bei den angeblichen Mitarbeitern der „Servicestelle“ handelte es sich um Betrüger, die mitnichten helfen wollten, sondern nur daran interessiert gewesen waren, mit ihrer Masche an das Geld der Betroffenen zu gelangen. Dies ist ihnen in den beiden genannten Fällen auch gelungen.
Die Kriminalpolizei ermittelt nun zur Identität der Ganoven und möchte allen Mitbürgern einige Verhaltenstipps für den Fall der Fälle an die Hand geben:
Erhalten Sie derartige Benachrichtigungen, dann bewahren Sie Ruhe und versuchen sie panische Reaktionen zu vermeiden!
Es mag leicht gesagt sein, aber lassen Sie sich von solchen Nachrichten nicht unter Druck setzen und rufen Sie niemals die in Mails angegebenen „Servicenummern“ an! Wenden Sie sich stattdessen zur Klärung des Ganzen direkt an ihr Geldinstitut.
Ebenfalls ganz wichtig und eigentlich so offensichtlich, ist folgendes Gebot – niemals werden persönliche Kontodaten auf Anfrage am Telefon oder per Mail herausgegeben und es ist grundsätzlich Misstrauen angebracht, wenn Sie auf derartige Weise über angebliche Abbuchungen von Ihren Konten informiert werden.
Das Beispiel der geschädigten Frau sollte allen Mitbürgern, die künftig mit derartigen Dingen konfrontiert werden, eine Lehre sein. Gestatten Sie also niemals einen Fernzugriff auf Ihren Computer, wenn es um Kontoklärungen oder Geldgeschäfte geht!
Und denken Sie nicht, dass Sie vor solchen Maschen gefeit seien! Dies kann nämlich jeden treffen. Auch wenn Sie die Ganoven durchschaut und abblitzen lassen haben und erst recht, wenn Sie Opfer eines Betruges wurden - informieren Sie darüber unbedingt die Polizei und erstatten Sie Anzeige!",https://polizei.brandenburg.de/pressemeldung/lassen-sie-sich-nicht-betruegen-/5713021
Sachbearbeiter/- innen Haushalt- und Kassenwesen (w/m/d) (Zossen OT Wünsdorf),23.09.2026,"Zossen OT Wünsdorf, Überregional","(ZDPol) Der Zentraldienst der Polizei des Landes Brandenburg ist die zentrale Dienstleistungs- und Serviceeinrichtung für die Polizei sowie für andere Organisationsbereiche der Landesverwaltung.
Der
Zentraldienst der Polizei des Landes Brandenburg, Dienstort Zossen, OT Wünsdorf
sucht zum nächstmöglichen Zeitpunkt für den Bereich Verwaltung
mehrere Sachbearbeiter/- innen Haushalt- und Kassenwesen (w/m/d).
Der Teilbereich Haushalt und Kassenwesen ist verantwortlich für die Haushaltsplanung, die Bewirtschaftung der finanziellen Mittel und den damit verbundenen Jahresendarbeiten
.
Zahlen sind Ihre Leidenschaft und Sie behalten auch bei komplexen Vorgängen den Überblick? Dann kommen Sie in unser Team und tragen maßgeblich zur Ordnungsmäßigkeit und Effizienz der Haushaltsführung bei.
Aufgabenbereich umfasst
:
Bearbeitung von Einzelvorgängen mit Haushaltsbezug
Erstellen von Annahmeanordnungen, insbesondere für Gebührenbescheide
Prüfung und Bearbeitung von Rechnungen, Erstellen von Auszahlungsanordnungen und logistische Rechnungen
Mitarbeit bei der Haushalts- und Betriebsmittelplanung
Bearbeiten von Verwahrbelegen und Zuordnung von Zahlungen (Forderungsmanagement)
Vorbereitung von Entscheidungen bei der Veränderung von Ansprüchen
Prüfung der mtl. Meldung der Landesbuchführung mit den SAP-Polizeidaten
Mitarbeit bei innerbetrieblichen Inventuren des sonstigen Vermögens
Organisation der ordnungsgemäßen Archivierung und Vernichtung von Unterlagen
souveräne Korrespondenz mit internen und externen Ansprechpartnern
Was Sie mitbringen:
formale Anforderungen
abgeschlossene Berufsausbildung als Verwaltungsfachangestellte/r oder Steuerfachangestellte/r
Laufbahnbefähigung für den mittleren allgemeinen Verwaltungsdienst,
Laufbahnbefähigung für den mittleren Steuerverwaltungsdienst.
fachliche Anforderungen
gute Kenntnisse im kameralen Haushaltsrecht
Kenntnisse in der Anwendung der Software SAP
ausgeprägtes Verständnis für Zahlen und Zusammenhänge
vorzugsweise
Berufserfahrung im Bereich Buchführung sowie in der Kosten- und Leistungsrechnung
Kenntnisse und Erfahrungen im Controlling und Budgetierung
außerfachliche Anforderungen
sicherer Umgang mit MS-Office Produkten
Zuverlässigkeit und Belastbarkeit,
Teamfähigkeit und hohes Verantwortungsbewusstsein
gutes sprachliches und schriftliches Ausdrucksvermögen
Unser Angebot:
ein sicherer Arbeitsplatz durch unbefristete Einstellung mit einer Eingruppierung nach der
Entgeltgruppe E 8 TV-L
bzw.
Besoldung bis A 9 BbgBesO,
vorbehaltlich der Prüfung der persönlichen Voraussetzungen. (Laufbahnwechsel in den mittleren allgemeinen Verwaltungsdienst)
bei Vorliegen der Voraussetzungen besteht die Möglichkeit einer Verbeamtung
eine flexible familienfreundliche Arbeitszeitgestaltung montags - freitags zwischen 6:00 und 21:00 Uhr und die Möglichkeit der Samstagsarbeit von 06:00 bis 18:00 Uhr
Arbeitsortflexibilisierung (z. B. Home-Office)
30 Tage Erholungsurlaub sowie dienstfrei am 24. und 31. Dezember
betriebliches Gesundheitsmanagement
Leistungen nach dem Tarifvertrag der Länder (TV-L)
einen Arbeitgeberzuschuss für ein ÖPNV-Firmenticket oder das Deutschland Ticket Job
fachliche und kompetenzstärkende Weiterentwicklungsmöglichkeiten im Rahmen von Fortbildungen.
Ergänzende Hinweise:
Wir legen als attraktiver und durch das
audit „berufundfamilie“
zertifizierter Arbeitgeber bei der Gestaltung der Arbeitsplätze und -bedingungen großen Wert darauf, dass sich die Belange von Beruf und Familie bestmöglich vereinbaren lassen. Dieser Arbeitsplatz ist grundsätzlich auch für eine Teilzeitbeschäftigung geeignet. Teilzeitwünschen kann im Rahmen der dienstlichen Möglichkeiten entsprochen werden.
Der ZDPol legt großen Wert auf Vielfalt. Wir freuen uns über jede Bewerbung, unabhängig von Geschlecht, Nationalität (Kommunikationssprache ist Deutsch), ethnischer und sozialer Herkunft, Religion/Weltanschauung, Behinderung, Alter sowie sexueller Orientierung und geschlechtlicher Identität. Schwerbehinderte Menschen werden bei gleicher Qualifikation und Eignung
unter Berücksichtigung aller Umstände des Einzelfalls
bevorzugt berücksichtigt. Die berufliche Gleichstellung von Frauen und Männern wird gewährleistet.
Kontakt und Informationen
Auskünfte zum fachlichen Aufgabenbereich erteilt Ihnen gerne Frau Findeklee unter der Telefonnummer 033702 214-513. Für Fragen zum Ausschreibungsverfahren steht Ihnen gerne Herr Seedorf unter der Telefonnummer 033702 91-476 zur Verfügung.
Informationen über den Zentraldienst der Polizei des Landes Brandenburg erhalten Sie auf unserer Internetseite
unter diesem Link
.
Haben wir Ihr Interesse geweckt?
Bitte reichen Sie ihre Bewerbung in deutscher Sprache mit den vollständigen Bewerbungsunterlagen (Bewerbungsschreiben, Lebenslauf, Urkunden/Zeugnisse über Berufs- bzw. Studienabschlüsse inkl. Diploma Supplement, aktuelle Arbeitszeugnisse)
per E-Mail
(mit Angabe der Kennzahl im Betreff) in einer zusammengefassten pdf-Datei mit einer Größe von max. 10 MB an
Bewerbung.ZDPol@polizei.brandenburg.de
oder
postalisch
an den
Zentraldienst der Polizei
Verwaltung (V 1.2 Personalgewinnung)
Kennzahl: 48/26
Am Baruther Tor 20
15806 Zossen
unter Angabe der Kennzahl bis einschließlich
14. Oktober 2026
ein.
Es wird empfohlen, eine Behinderung/Gleichstellung zur Wahrung Ihrer Interessen bereits in der Bewerbung mitzuteilen und nachzuweisen.
Unvollständige Bewerbungsunterlagen können leider im weiteren Verfahren nicht berücksichtigt werden. Eine Erstattung der im Zusammenhang mit der Bewerbung entstehenden Kosten kann nicht erfolgen.
Bei
ausländischen Bildungsabschlüssen
bitten wir um Übersendung entsprechender Nachweise über die Gleichwertigkeit mit einem deutschen Abschluss.
Um Angabe der telefonischen Erreichbarkeit zur kurzfristigen Kontaktaufnahme wird gebeten.
Informationen zum Datenschutz
Der Zentraldienst der Polizei des Landes Brandenburg (ZDPol) verarbeitet Daten von Ihnen im Zusammenhang mit der Durchführung von Bewerbungsverfahren. Mit diesen Datenschutzhinweisen möchte der ZDPol Sie gemäß Art. 13 der Datenschutz-Grundverordnung (DSGVO) über die Verarbeitung Ihrer Daten informieren.
Weitere Informationen finden Sie
unter diesem Link
.
Eine Rücksendung der eingereichten Bewerbungsunterlagen erfolgt grundsätzlich nicht mehr. Daher wird gebeten, dem Bewerbungsschreiben lediglich Kopien beizufügen und keine Bewerbungsmappe zu verwenden. Sofern Sie dennoch die Rücksendung von Bewerbungsunterlagen wünschen, ist ein ausreichend frankierter Rückumschlag beizulegen.",https://polizei.brandenburg.de/pressemeldung/sachbearbeiter-innen-haushalt-und-kassen/5713007
Gemeinsame Pressemitteilung: Festnahme nach Rinderdiebstählen,23.09.2026,Überregional,"Potsdam/Polen.
Nach dem Diebstahl von über 200 Rindern im Land Brandenburg konnten nach umfangreichen und über mehrere Monate geführten Ermittlungen der eingerichteten Ermittlungsgruppe Weide zwei Tatverdächtige identifiziert und am 17.09.2026 in Polen sowie an der Raststätte Berstetal an der BAB 13 festgenommen werden. Dabei handelt es sich um zwei polnische Männer im Alter von 46 und 41 Jahren
. Hintergrund der polizeilichen Maßnahmen ist ein Ermittlungsverfahren unter Sachleitungsbefugnis der Staatsanwaltschaft Frankfurt (Oder) wegen schweren Bandendiebstahls in Zusammenarbeit mit der Niederschlesischen Außenstelle der Landesstaatsanwaltschaft zur Bekämpfung der organisierten Kriminalität und Korruption in Breslau.
Aufgrund einer europäischen Ermittlungsanordnung der Staatsanwaltschaft Frankfurt (Oder) konnten Ermittler des Landeskriminalamtes gemeinsam mit Kräften des Zentralen Ermittlungsbüros CBSP Breslau am 17.09.2026 mehrere Objekte in der Woiwodschaft
Lebus im Landkreis Sagan durchsuchen. Dabei wurden mehrere mutmaßlich gestohlene Rinder sowie zahlreiche Beweismittel fest- und sichergestellt.
Zur fachgerechten Identifizierung der aufgefundenen Tiere kamen Amtstierärzte aus Deutschland und Polen zum Einsatz, die mithilfe von Haarproben einen Abgleich mit in Deutschland befindlichen Datenbanken möglich machen.
Die Ermittlungen dauern an.
Die beiden Tatverdächtigen stehen im Verdacht, die Tiere im Zeitraum von März bis Mai dieses Jahres in Viehtransporter verladen und anschließend nach Polen gebracht zu haben. In der Folge wurden die Tiere möglicherweise umetikettiert und in Polen neu angemeldet.
Gegen den in Brandenburg festgenommenen 46-jährigen Beschuldigten erließ das Amtsgericht Cottbus auf Antrag der Staatsanwaltschaft am 18.09.2026 einen Haftbefehl. Er befindet sich in einer Justizvollzugsanstalt.
Gegen den 41-jährigen Beschuldigten, der in Polen festgenommen wurde, ist Untersuchungshaft angeordnet worden.
Minister des Innern und für Kommunales Dr. Jan Redmann
„Brandenburgs Polizei und unsere polnischen Partner haben gesprochen: Nacht und Nebel sind kein gutes Versteck, erst recht nicht für Viehdiebe. Die Ermittler auf beiden Seiten der Grenze haben hervorragende Arbeit geleistet. Vier Monate haben sie nicht lockergelassen und sind dafür belohnt worden. Der Ermittlungserfolg ist nicht bloß eine neue Zeile in der Statistik. Er bringt den bestohlenen Bauern Gerechtigkeit. Heute ist Brandenburg ein Stück sicherer.“
Polizeipräsident Oliver Stepien
„Viehdiebstahl ist kein Kavaliersdelikt, sondern bedeutet mitunter einen erheblichen wirtschaftlichen Schaden für die Geschädigten. Ich bin daher sehr froh, dass es der eingerichteten Ermittlungsgruppe gelungen ist, viele einzelne Spuren zu einem Bild zusammenfügen und Tatverdächtige zu ermitteln. Dieser Ermittlungserfolg zeigt eindrücklich, wie wichtig eine enge und vertrauensvolle Zusammenarbeit über Grenzen hinweg ist. Unsere hervorragende Kooperation mit den polnischen Partnern war dabei ein entscheidender Erfolgsfaktor. Mein ausdrücklicher Dank gilt allen Kolleginnen und Kollegen in Brandenburg und Polen sowie den beteiligten Staatsanwaltschaften, die mit großer Beharrlichkeit und Professionalität ermittelt haben.“
Ministerin für Land- und Ernährungswirtschaft, Umwelt und Verbraucherschutz Hanka Mittelstädt
„Ich danke den Polizeibehörden für diesen Ermittlungserfolg. Das ist für alle Tierhalter und den ländlichen Raum eine sehr gute Nachricht. Die Rinderdiebstähle haben die Betriebe emotional und wirtschaftlich hart getroffen, und die verstärkten Kontrollen haben Wirkung gezeigt.“
Hintergrund:
Im Frühjahr 2026 wurden über 200 Rinder in verschiedenen Landkreisen gestohlen, am 29.03.2026 in Rabenstein/Fläming, Ortsteil Zixdorf (Landkreis Potsdam-Mittelmark), am 21.04.2026 in Uebigau-Wahrenbrück, Ortsteil Langennaundorf (Landkreis Elbe-Elster), von Januar 2026 - 06.05.2026 in Vetschau/Spreewald, Ortsteil Raddusch (Landkreis Ober-Spreewald-Lausitz) und vom 11.05.2026 - 12.05.2026 in Schenkendöbern, Ortsteil Hammer (Landkreis Spree-Neiße).
In der Folge richtete das Landeskriminalamt die Ermittlungsgruppe Weide mit acht Mitarbeitern ein. Die Beamtinnen und Beamten werteten akribisch Spuren aus, rekonstruierten Tatabläufe und arbeiteten eng mit anderen, insbesondere den polnischen Behörden zusammen. Darüber hinaus wurden landesweit Schwerpunktkontrollen unter Beteiligung der Veterinärämter durchgeführt. Ein im Juni veröffentlichter Zeugenaufruf erbrachte eine untere zweistellige Zahl an Hinweisen, darunter Zeugenangaben zum mutmaßlich genutzten Tatfahrzeug.",https://polizei.brandenburg.de/pressemeldung/gemeinsame-pressemitteilung-festnahme-na/5713000
Sachbereichsleiterin / einen Sachbereichsleiter (m/w/d) Technik  im Direktionsstabsbereich Logistik,22.09.2026,Überregional,"Die Polizeidirektion Ost im Polizeipräsidium des Landes Brandenburg ist mit ihren rund 1.450 Bediensteten zuständig für die Sicherheit der gut 740.000 Bürgerinnen und Bürger in den Landkreisen Uckermark, Barnim, Märkisch-Oderland, Oder-Spree sowie der kreisfreien Stadt Frankfurt (Oder).
Eine wesentliche Voraussetzung dafür, dass unsere Polizeikräfte ihre Kernaufgaben erfolgreich erledigen können, ist eine professionelle und leistungsstarke Polizeiverwaltung, die für einen reibungslosen Ablauf aller administrativen Prozesse sorgt.
So ist im Direktionsstab der Polizeidirektion Ost
ab dem 1. Januar 2027
folgende Stelle zu besetzen:
eine Sachbereichsleiterin / einen Sachbereichsleiter (m/w/d) Technik
im Direktionsstabsbereich Logistik
(bewertet nach
Besoldungsgruppe A 12 BbgBesO / Entgeltgruppe 11 TV-L
)
Dienstort
Frankfurt (Oder).
Die Stelle umfasst schwerpunktmäßig folgende Arbeitsaufgaben:
Führung des Sachbereiches Technik
Fachaufsicht für die Mitarbeiter/innen des Sachbereiches Technik in der Direktion
Beratung der Leiterin/des Leiters des Stabsbereiches Logistik der Direktion
Planung, Verwaltung, Organisation und Revision von Führungs- und Einsatzmitteln (FEM)
Unterstützung bei der IT-Sicherheit in Zusammenarbeit mit dem IT-Sicherheitsbeauftragten der Polizeidirektion
Koordinierung des Funk-, Fernmelde- und IT-Betriebes auf Direktionsebene in Zusammenarbeit mit dem Zentraldienst der Polizei
Dienststellenbestellung für Dienstbekleidung u. a.
Mitarbeit bei der Erarbeitung und Umsetzung von Richtlinien
Benutzerverwaltung-Administration (ComVor)
Überwachung/Koordination Auftragsvergabe
Wahrnahme der Halterpflichten
Koordination von Boten- und Fahrdienst
Anordnungsbefugnis (optional)
Titelverwaltung (optional)
Mitarbeit in BAO-Lagen (Besondere Aufbauorganisation)
Das bringen Sie mit:
Formale Anforderungen:
Befähigung für den gehobenen allgemeinen Verwaltungsdienst
oder
Befähigung für den gehobenen technischen Verwaltungsdienst
oder
vergleichbare Befähigungen für Tarifbeschäftigte z. B. erfolgreich abgeschlossenes Bachelor- bzw. Diplom-Studium (FH) der Fachrichtungen Öffentliche Verwaltung, Verwaltung und Recht, Wirtschaft und Recht, Public Management, Betriebswirtschaftslehre,
oder
Verwaltungsfachwirt/in
Fachliche Anforderungen:
ausgeprägtes technisches Verständnis
sehr gute Kenntnisse in den Bereichen öffentliches Haushaltsrecht (einschl. betriebswirtschaftlicher Grundlagen) sowie Aufbau- und Ablauforganisation
gute Kenntnisse in den Bereichen: Vergaberecht
allgemeines und besonderes Verwaltungsrecht
gute bis sehr gute Kenntnisse der gängigen MS-Office-Anwendungen
mehrjährige Berufserfahrungen im Bereich Datenschutz / Datenschutzmanagement
Darüber hinaus bringen Sie mit:
Führerschein Klasse B
ein hohes Maß an Selbstständigkeit / Eigeninitiative
Verantwortungsbewusstsein und Entscheidungsvermögen
Kooperations- / Teamfähigkeit
Kundenorientierung
Zuverlässigkeit
Auffassungsgabe
Lernfähigkeit / -bereitschaft
Ergebnisorientierung
Kommunikationsfähigkeit
Es wird darauf hingewiesen, dass bei Einstellungsabsicht ein Auszug aus dem Bundeszentralregister (
Führungszeugnis
) gemäß § 30 Absatz 5 Bundeszentralregistergesetz zur Vorlage bei der Behörde abgefordert wird.
Wir bieten Ihnen:
Einen unbefristeten Arbeitsplatz mit einer Eingruppierung nach
Entgeltgruppe 11
des Tarifvertrages der Länder (TV-L). Die
Möglichkeit der Verbeamtung beim Vorliegen der allgemeinen Voraussetzungen bzw. die statusgleiche Übernahme von Beamtinnen und Beamten bis zur BesGr. A 12 BbgBesO
.
Darüber hinaus bieten wir:
eine anspruchsvolle und zugleich herausfordernde Tätigkeit im polizeilichen Umfeld
kostenlose Nutzung von Maßnahmen des betrieblichen Gesundheitsmanagements
bedarfsorientierte Weiterbildungsmöglichkeiten
die Möglichkeit zum Bezug eines vom Arbeitgeber bezuschussten VBB-Firmentickets
30 Tage Erholungsurlaub im Kalenderjahr sowie bezahlte Freistellung am 24.12. und 31.12.
ein motiviertes Team mit fachlicher und sozialer Kompetenz
(nur für Tarifbeschäftigte:) betriebliche Altersvorsorge (VBL) und Jahressonderzahlung
Ihre besondere Verpflichtung sieht die Landespolizei in der Einstellung behinderter Menschen. Daher werden Bewerbende, die zum Personenkreis schwerbehinderter oder diesen gleichgestellten Menschen mit Behinderung gehören, bei gleicher Eignung bevorzugt berücksichtigt. Auf eine ggf. vorliegende Behinderung ist im Bewerbungsschreiben hinzuweisen.
Zudem fördert die Landespolizei aktiv die Gleichstellung aller Beschäftigten. Wir begrüßen deshalb Bewerbungen von Allen, unabhängig von deren Nationalität (Kommunikationssprache ist Deutsch), sozialer Herkunft, Alter, Religion, Behinderung oder sexueller Identität. Bewerbungen von Frauen sind ausdrücklich erwünscht.
Bei der Gestaltung der Arbeitsplätze und -bedingungen legt die Polizei des Landes Brandenburg großen Wert darauf, dass sich die Belange von Beruf und Familie bestmöglich vereinbaren lassen. Dieser Arbeitsplatz ist daher - im Rahmen der dienstlichen Möglichkeiten und Erfordernisse - grundsätzlich auch für eine Teilzeitbeschäftigung geeignet.
Kontakt und Informationen
Für Fragen im Zusammenhang mit dem Stellenbesetzungsverfahren steht Ihnen
Herr Hoppe
unter der
Telefonnummer (0335) 561-2310
gern zur Verfügung.
Wenn wir Ihr Interesse geweckt haben
,
dann
senden Sie Ihre aussagekräftigen Bewerbungsunterlagen mit einem Bewerbungsanschreiben, einem Lebenslauf, den
Nachweis über die erforderliche Qualifikation
und ggf. aktuelle Arbeitszeugnisse bitte
bis zum 19. Oktober 2026
an das
Polizeipräsidium des Landes Brandenburg
Polizeidirektion Ost
Stabsbereich 3
Nuhnenstraße 40
15234 Frankfurt (Oder)
oder per E-Mail an
bewerbungen.pdost@polizei.brandenburg.de
.
Bei Einsendung der Unterlagen per E-Mail sollte der
Anhang in einer pdf-Datei zusammengefasst werden
, die nicht größer als 5 MB ist.
Sollten Sie uns Ihre Unterlagen verschlüsselt zusenden wollen, kontaktieren Sie uns zur Übermittlung unseres öffentlichen Schlüssels.
Bewerbende, die bereits im öffentlichen Dienst tätig sind, werden gebeten, ihr Einverständnis zur Einsichtnahme in die Personalakte zu erklären und nach Möglichkeit Angaben zu ihrer personalführenden Stelle zu tätigen.
Eine Rücksendung eingereichter Bewerbungsunterlagen erfolgt grundsätzlich nicht. Daher wird gebeten, dem Bewerbungsschreiben lediglich Kopien beizufügen und keine Bewerbungsmappe zu verwenden. Sofern Sie dennoch die Rücksendung von Bewerbungsunterlagen wünschen, ist ein ausreichend frankierter Rückumschlag beizulegen. Anderenfalls werden die Bewerbungsunterlagen nach rechtskräftigem Abschluss des Stellenbesetzungsverfahrens vernichtet.
Hinweise zum Datenschutz
Es wird um Kenntnisnahme und Beachtung der auf der Website
www.polizei.brandenburg.de
eingestellten Hinweise zum Datenschutz gebeten, mit denen Sie gemäß Art. 13 der Datenschutz-Grundverordnung (DSGVO) über die Verarbeitung Ihrer personenbezogenen Daten im Zusammenhang mit Ihrer Bewerbung im Polizeipräsidium des Landes Brandenburg informiert werden.",https://polizei.brandenburg.de/pressemeldung/sachbereichsleiterin-einen-sachbereichsl/5712950
Die Fahrerlaubnis war ihm bereits entzogen (Bernau b. Berlin ),21.09.2026,"Bernau b. Berlin, Überregional","Am Vormittag des 21.09.2026 hielten Polizisten in der Rüdnitzer Chaussee einen Renault Megane zu einer Verkehrskontrolle an. Hinter dem Lenkrad des Wagens saß ein 31 Jahre alter Mann. Wie sich herausstellte, war ihm die Fahrerlaubnis bereits entzogen worden, was ihm eine entsprechende Anzeige einbrachte. Er musste das Auto dann auch stehen lassen und den weiteren Weg mit öffentlichen Verkehrsmitteln bestreiten.",https://polizei.brandenburg.de/pressemeldung/die-fahrerlaubnis-war-ihm-bereits-entzog/5712854
"Randalierende alkoholisierte Person (Luckenwalde, Stadtgebiet)",20.09.2026,"Luckenwalde, Stadtgebiet, Überregional","Mehrere aufmerksam gewordene Bürger informierten die Polizei, dass eine alkoholisierte Person in einem Mehrfamilienhaus und dessen Umfeld diverse Sachen zerstört. Die eintreffenden Polizeibeamten wurden durch diese Person angegriffen, blieben aber unverletzt. Der alkoholisierte Betroffene wurde in der Folge in den Polizeigewahrsam genommen, bei ihm eine Blutprobenentnahme durchgeführt und entsprechende Strafanzeigen gegen ihn aufgenommen.",https://polizei.brandenburg.de/pressemeldung/randalierende-alkoholisierte-person/5712810
Leitung für den Werbe- und Auswahldienst (w/m/d)*,15.09.2026,Überregional,"Für die Hochschule der Polizei (HPol) sucht das Ministerium des Innern und für Kommunales des Landes Brandenburg zum nächstmöglichen Zeitpunkt eine
Leitung für den Werbe- und Auswahldienst (w/m/d)*
(bis Besoldungsgruppe A 14 BbgBesO bzw. nach Entgeltgruppe 13 TV-L)
in Vollzeit am Dienstort Oranienburg.
Bewerbungsende
: 12. Oktober 2026.
Weitere Informationen
finden Sie unter Links zum Thema.",https://polizei.brandenburg.de/pressemeldung/leitung-fuer-den-werbe-und-auswahldienst/5710571
In der Nacht bestohlen (BAB 12),11.09.2026,"BAB 12, Überregional","Gegen 00:40 Uhr klopfte ein Unbekannter an die Fahrzeugtür eines 41-jährigen polnischen Bürgers, der auf dem Parkplatz Lebbiner Heide auf der Bundesautobahn 12 in seinem Fahrzeug schlief.
Als der Fahrer vermutlich noch schlaftrunken die eingestellte Türverriegelung seines Fahrzeugs entriegelte, soll eine weitere Person auf der Beifahrerseite die Tür geöffnet und vom Beifahrersitz eine Tasche entwendet haben, in der sich Bargeld, eine Bankkarte und Ausweisdokumente befanden. Mit dem Diebesgut ergriffen die Täter die Flucht, ohne dass der Bestohlene sie daran hindern konnte. Polizisten, die über das Geschehen informiert wurden, nahmen vor Ort eine Anzeige auf und suchten im Umfeld erfolglos nach den Tätern und dem Diebesgut.",https://polizei.brandenburg.de/pressemeldung/in-der-nacht-bestohlen/5712389
Mit einer Drohne in der Luft … (BAB 12),11.09.2026,"BAB 12, Überregional","… sind in den Vormittagsstunden des 10.09.2026 erneut gezielte Verkehrskontrollen der Polizei mit dem Schwerpunkt der Einhaltung des vorgeschriebenen Sicherheitsabstandes für LKW und Busse mit einem Gewicht von mehr als 3,5 Tonnen auf der Bundesautobahn 12 in Richtung Bundesgrenze erfolgt.
Dabei stellten die Einsatzkräfte der Polizei insgesamt 14 Abstandsverstöße sowie einen Verstoß gegen das Lkw-Überholverbot fest. Die Lkw-Fahrer, die einen Verstoß begangen haben, sind von Lotsen der Polizei auf den nächsten Parkplatz begleitet worden, auf dem eine Kontrolle des Fahrzeugs und des Fahrzeugführers erfolgte. Dabei sind weitere Verstöße gegen die zulässige Höchstgeschwindigkeit (2 x), gegen die Bestimmungen der Ladungssicherung (2 x) sowie gegen die Lenk- und Ruhezeiten (4x) festgestellt und sanktioniert worden.",https://polizei.brandenburg.de/pressemeldung/mit-einer-drohne-in-der-luft-/5712388
Vorfahrt missachtet (Wildau),10.09.2026,"Wildau, Überregional","Der Fahrer eines MERCEDES-Transporters rief am Mittwoch kurz vor 15:30 Uhr die Polizei, da er im Hochschulring einen Verkehrsunfall gehabt hatte. Nach einem Vorfahrtsfehler hatte er mit dem „Sprinter“ eine Fahrradfahrerin angestoßen, die daraufhin stürzte.
Die 49-Jährige trug dabei Verletzungen davon, die im Krankenhaus medizinisch zu versorgen waren. Die Sachschäden blieben mit einigen hundert Euro moderat.",https://polizei.brandenburg.de/pressemeldung/vorfahrt-missachtet/5712270
Tatverdächtigen mit Hilfe des Polizeihubschraubers gestellt (BAB 12),08.09.2026,"BAB 12, Überregional","In den Morgenstunden des 08.09.2026 versuchten zunächst Zivilfahnder aus dem Landkreis Märkisch-Oderland, einen PKW Porsche Cayman zu stoppen und zu kontrollieren. Der Fahrer konnte sich jedoch zunächst der Kontrolle entziehen.
Durch einen entsprechenden Fahndungshinweis über Funk sensibilisiert, gelang es wenig später Zivilfahndern der Gemeinsamen operativen Fahndungsgruppe Frankfurt (Oder), den Porsche, an dem sich Kennzeichen aus Niedersachsen befanden, auf der BAB 12 in Richtung Polen aufzunehmen. Der Fahrer verließ mit dem Porsche die BAB 12 an der Anschlussstelle Frankfurt (Oder)-West, da er offenkundig bemerkt hatte, dass er kontrolliert werden sollte. Der PKW konnte kurz darauf in der Nähe des Wildparks in Rosengarten verlassen aufgefunden werden.
Mit Unterstützung eines Polizeihubschraubers und der an Bord befindlichen Wärmebildkamera gelang es wenig später auch, den mutmaßlichen Fahrer des Fahrzeugs zu stellen und vorläufig festzunehmen. Es handelt sich um einen 35-jährigen polnischen Landsmann, der sich gegenwärtig in polizeilicher Obhut befindet. Den Porsche stellten die Beamten sicher.",https://polizei.brandenburg.de/pressemeldung/tatverdaechtigen-mit-hilfe-des-polizeihu/5712196
Fahnder misstrauisch (BAB12),08.09.2026,"BAB12, Überregional","In den Morgenstunden des 07.09.2026 kontrollierten Beamte der gemeinsamen operativen Fahndungsgruppe, bestehend aus Beamten der Polizeien des Landes und des Bundes, einen Kleintransporter Ford, der zuvor zwischen den Anschlussstellen Müllrose und Frankfurt (Oder)-West in Fahrtrichtung Polen unterwegs war. Bei Inaugenscheinnahme der Ladefläche kam der 25-jährige Belarusse in Erklärungsnöte über die Herkunft seiner Fracht. Die Beamten fanden dort einen BMW mit Berliner Kennzeichen vor. Der zuvor polizeilich Unbekannte wurde vorläufig festgenommen und erkennungsdienstlich behandelt. Der Vorhalt lautet auf Verdacht der Hehlerei. Das Motorrad im Wert von schätzungsweise 23.000 Euro sowie der Kleintransporter wurden sichergestellt. Die Berliner Polizei hat eine Strafanzeige wegen der Diebstahlshandlung im Bereich Steglitz-Zehlendorf aufgenommen. Nach der Möglichkeit, rechtliches Gehör bei der Kriminalpolizei zu erhalten, wird die Justiz über den weiteren Werdegang des 25-Jährigen entscheiden.",https://polizei.brandenburg.de/pressemeldung/fahnder-misstrauisch/5712137
Nach Angriffen auf die Stromversorgung,08.09.2026,Überregional,"Spree-Neiße.
Am Morgen des 1. September 2026 kam es in Turnow-Preilack in Brandenburg unweit des Kohlekraftwerkes Jänschwalde zu einem Angriff auf Oberleitungen an einem Umspannwerk. Vor Ort wurden unkonventionelle Spreng- und Brandvorrichtungen (USBV) im niedrigen zweistelligen Bereich aufgefunden, welche teilweise nicht umgesetzt wurden.
Die Polizei des Landes Brandenburg begann sofort mit umfangreichen Einsatz- und Ermittlungsmaßnahmen. Insbesondere die Entschärfung der noch vor Ort befindlichen USBV, die Absuche des Geländes sowie die Spurensicherung umfassten dabei mehrere Tage.
Am selben Tag wurden im Bundesland Nordrhein-Westfalen und am 04.09.2026 auch in Sachsen ähnlich gelagerte Sachverhalte bekannt. Gegenstand des Verfahrens der Staatsanwaltschaft Cottbus ist derzeit der Vorfall in Turnow-Preilack.
Am 3. September wurde die Polizei über ein Bekennerschreiben informiert, deren Authentizität umgehend geprüft wurde - auch ein Absender war aus dem Schreiben ersichtlich. Es erfolgte eine intensive und fortlaufende Zusammenarbeit mit der Polizei in Nordrhein-Westfalen und Sachsen. Im Zuge dessen ordnete das Amtsgericht Cottbus auf Antrag der Staatsanwaltschaft Cottbus die Durchsuchung der Wohnanschrift des Tatverdächtigen in Gevelsberg (NRW) an. Die Durchsuchungsmaßnahmen wurden am 4. September durch Kräfte der Polizei Nordrhein-Westfalen und der Polizei Brandenburg realisiert. Kurze Zeit später konnte auch das Fahrzeug des Tatverdächtigen in der nordrheinwestfälischen Region Düren (Hambacher Forst) aufgefunden und Beweismittel gesichert werden.
Jeweils auf Antrag der Staatsanwaltschaft Cottbus erließ das Amtsgericht Cottbus parallel zu den Maßnahmen vor Ort am 04.09.2026 einen Haftbefehl gegen den Tatverdächtigen und ordnete am 05.09.2026 die Öffentlichkeitsfahndung an.
Schließlich konnte der 48-jährige Tatverdächtige am Vormittag des 08.09.2026 in Nordrhein-Westfalen festgenommen werden.
Polizeipräsident Oliver Stepien:
„Die Festnahme des Tatverdächtigen ist ein wichtiger Schritt in den Ermittlungen. Von Jänschwalde aus haben unsere eingesetzten Kräfte mit großem Einsatz eine Vielzahl an Spuren gesichert, ausgewertet und Erkenntnisse zusammengeführt sowie umfangreiche Suchmaßnahmen durchgeführt. Mein Dank gilt allen Kolleginnen und Kollegen, die in den vergangenen Tagen mit sehr großem Einsatz an der Aufklärung und der Feststellung des Tatverdächtigen gearbeitet haben. Ebenso danke ich den Staatsanwaltschaften und allen weiteren beteiligten Behörden für die enge und professionelle Zusammenarbeit. Dieser Fall zeigt, wie wichtig es ist, dass Sicherheitsbehörden über Ländergrenzen hinweg gemeinsam handeln. Die Ermittlungen sind mit der Festnahme nicht abgeschlossen. Jetzt gilt es, die Hintergründe und Zusammenhänge der Taten weiter aufzuklären und die gewonnenen Erkenntnisse sorgfältig zu bewerten.“
Die Staatsanwaltschaft Cottbus ermittelt derzeit wegen des Verdachtes der Herbeiführung einer Sprengstoffexplosion und der Störung öffentlicher Betriebe, wobei weitere Tatbestände geprüft werden.
Die Ermittlungen dauern an.
Sehr geehrte Medienvertreterinnen und -vertreter, im Zusammenhang mit dem Auffinden des Tatverdächtigen endet die Öffentlichkeitsfahndung. Die Polizei bittet von einer weiteren Verbreitung der veröffentlichten Fahndungsbilder abzusehen und diese auf ihren Portalen, Kanälen und Webseiten zu löschen.",https://polizei.brandenburg.de/pressemeldung/nach-angriffen-auf-die-stromversorgung/5712076
Festnahme nach Einbrüchen in Feuerwehrgerätehäuser,25.09.2026,Berlin,"Berlin.
Im Rahmen eines Ermittlungsverfahrens der Gemeinsamen Ermittlungsgruppe (GEG) Berlin-Brandenburg durchsuchten wegen des Verdachts des bandenmäßigen Einbruchsdiebstahls unter Sachleitungsbefugnis der Staatsanwaltschaft Cottbus Einsatzkräfte des LKA Brandenburg und Berlin am 21.09.2026 ein Wohnobjekt in Berlin.
Bei dem 28-jährigen deutschen Beschuldigten konnten die Einsatzkräfte diverse Einbruchwerkzeuge sowie eine Rettungsschere und ein akkubetriebenes Rettungsspreizgerät fest- und sicherstellen, die bei einem Einbruch im September 2026 in Calau (Landkreis Oberspreewald-Lausitz) entwendet wurden.
Darüber hinaus steht der Mann im Verdacht, an einem Einbruchsdiebstahl in ein Feuerwehrgerätehaus in Luckau (Landkreis Dahme-Spreewald) beteiligt gewesen zu sein. Er wurde vor Ort vorläufig festgenommen.
Mögliche Tatzusammenhänge zu weiteren Einbruchsdiebstählen in anderen Feuerwehrgerätehäusern werden geprüft.
Gegen den Beschuldigten wurde am 22.09.2026 Haftbefehl erlassen, er wurde in eine Justizvollzugsanstalt gebracht.
Es ist vorgesehen, die entwendeten akkubetriebenen Rettungsgeräte schnellstmöglich wieder an die Feuerwehr zurückzugeben.
Zum Hintergrund:
Die GEG Berlin-Brandenburg ist eine gemeinsame Ermittlungsgruppe der Länder Berlin und Brandenburg (GEG). Sie bekämpft ausgewählte Straftaten der Eigentumskriminalität. Insbesondere aktuell relevante und schwerwiegende Phänomene wie länderübergreifende und bandenmäßige Einbruchsdiebstähle in Wohn- und Geschäftsräumen. Sie besteht aus Angehörigen der Polizei Berlin und Brandenburg. Die GEG ist dem jeweiligen Landeskriminalamt angegliedert. Dienstort ist Potsdam. Rechtsgrundlagen sind ein Verwaltungsabkommen zwischen den Ländern Berlin und Brandenburg sowie weitere Verwaltungsvereinbarungen.",https://polizei.brandenburg.de/pressemeldung/festnahme-nach-einbruechen-in-feuerwehrg/5713194
Festnahme nach Einbrüchen in Feuerwehrgerätehäuser,25.09.2026,Berlin,"Berlin.
Im Rahmen eines Ermittlungsverfahrens der Gemeinsamen Ermittlungsgruppe (GEG) Berlin-Brandenburg durchsuchten wegen des Verdachts des bandenmäßigen Einbruchsdiebstahls unter Sachleitungsbefugnis der Staatsanwaltschaft Cottbus Einsatzkräfte des LKA Brandenburg und Berlin am 21.09.2026 ein Wohnobjekt in Berlin.
Bei dem 28-jährigen deutschen Beschuldigten konnten die Einsatzkräfte diverse Einbruchwerkzeuge sowie eine Rettungsschere und ein akkubetriebenes Rettungsspreizgerät fest- und sicherstellen, die bei einem Einbruch im September 2026 in Calau (Landkreis Oberspreewald-Lausitz) entwendet wurden.
Darüber hinaus steht der Mann im Verdacht, an einem Einbruchsdiebstahl in ein Feuerwehrgerätehaus in Luckau (Landkreis Dahme-Spreewald) beteiligt gewesen zu sein. Er wurde vor Ort vorläufig festgenommen.
Mögliche Tatzusammenhänge zu weiteren Einbruchsdiebstählen in anderen Feuerwehrgerätehäusern werden geprüft.
Gegen den Beschuldigten wurde am 22.09.2026 Haftbefehl erlassen, er wurde in eine Justizvollzugsanstalt gebracht.
Es ist vorgesehen, die entwendeten akkubetriebenen Rettungsgeräte schnellstmöglich wieder an die Feuerwehr zurückzugeben.
Zum Hintergrund:
Die GEG Berlin-Brandenburg ist eine gemeinsame Ermittlungsgruppe der Länder Berlin und Brandenburg (GEG). Sie bekämpft ausgewählte Straftaten der Eigentumskriminalität. Insbesondere aktuell relevante und schwerwiegende Phänomene wie länderübergreifende und bandenmäßige Einbruchsdiebstähle in Wohn- und Geschäftsräumen. Sie besteht aus Angehörigen der Polizei Berlin und Brandenburg. Die GEG ist dem jeweiligen Landeskriminalamt angegliedert. Dienstort ist Potsdam. Rechtsgrundlagen sind ein Verwaltungsabkommen zwischen den Ländern Berlin und Brandenburg sowie weitere Verwaltungsvereinbarungen.",https://polizei.brandenburg.de/pressemeldung/festnahme-nach-einbruechen-in-feuerwehrg/5713193
Wasserrettungsstation beschmiert (Schmöckwitz),01.06.2026,"Schmöckwitz, Berlin","Am Sonntagnachmittag rückten Beamte der Wasserschutzpolizei zur Badestelle Schmöckwitz an der Dahme-Wasserstraße aus. Unbekannte Täter hatten die Frontseite der ASB-Wasserrettungsstation großflächig mit schwarzer Farbe beschmiert, wodurch ein Schaden in Höhe von etwa 2.000 Euro entstand. Die Beamten fertigten Lichtbilder, nun hat die Kriminalpolizei Berlin die Ermittlungen aufgenommen.",https://polizei.brandenburg.de/pressemeldung/wasserrettungsstation-beschmiert/5705410
"""GEMEINSAM BUNT"" (10623 Berlin, Kantstraße 12, Theater des Westens)",10.03.2026,"10623 Berlin, Kantstraße 12, Theater des Westens, Berlin","Die große Theaterkonzertshow des LPO gegen Hass, Ausgrenzung gruppenbezogene Kriminalität mit Stars aus der deutschen Pop-, Jazz- und Musicalszene. In diesem Jahr mit dabei sind unter anderem Kerstin Ott, Maksim, Desiree Nick, Maria Danaé Bansen, Oliver Urbanski u.v.a.",https://polizei.brandenburg.de/termin/-gemeinsam-bunt-/5699778
"„ABBA und die Musik Ihrer Zeit“ (16321 Bernau bei Berlin, Bürgermeisterstraße 25, Marktplatz, Open-Air-Bühne)",10.03.2026,"16321 Bernau bei Berlin, Bürgermeisterstraße 25, Marktplatz, Open-Air-Bühne, Berlin","Eine der erfolgreichsten Bands der Musikgeschichte, über 400 Millionen verkaufte Tonträger - ABBA hat die Geschichte der Popmusik wesentlich mitgeprägt. Trotz US-amerikanischer und britscher Dominanz gelang Agnetha Fältskog, Anni-Frid „Frida“ Lyngstad, Benny Andersson und Björn Ulvaeus 1974 nach ihrer Teilnahme am Eurovision Song Contest mit Waterloo der ultimative Durchbruch. Obwohl es über einen Zeitraum von fast 40 Jahren weder Bandauftritte noch neue Musik gab, blieben ihre Lieder nach wie vor populär. Das LPO Brandenburg lässt es bei dieser mit Simone Bernaldo, Amelie Dobler, Daniel Johnson und Michael Heller gesanglich hochkarätig besetzten Konzertshow ordentlich „krachen“. Alle vier Sängerinnen und Sänger sind bekannt im europäischen Musicalgeschäft und beim Landespolizeiorchester Brandenburg immer wieder gern gesehene Gäste. Natürlich steht nicht nur Musik von ABBA auf dem Programm sondern auch Musik aus dieser Zeit, d.h. beispielsweise auch von Queen, Fleetwood Mac oder … Ireen Sheer (!!!).",https://polizei.brandenburg.de/termin/-abba-und-die-musik-ihrer-zeit-/5699770
Bei Kontrolle Widerstand geleistet (Hennigsdorf ),06.10.2026,"Hennigsdorf, Oberhavel","Im Rahmen einer polizeilichen Verkehrskontrolle hat ein 32-Jähriger zuerst gefälschte Dokumente vorgelegt und dann die Flucht ergriffen. Die Polizeibeamten konnten den Bosnier stellen, wobei der Mann Widerstand leistete und einen Beamten leicht verletzte. Der 32-Jährige ist nicht in Besitz einer gültigen Fahrererlaubnis und befindet sich derzeit im offenen Vollzug einer Justizvollzugsanstalt, wo er sich bis zur Abendzeit zurückmelden musste. Nach Abschluss der Maßnahmen wurde er dorthin gebracht. Die gefälschten Dokumente sowie sein Handy wurden beschlagnahmt.",https://polizei.brandenburg.de/pressemeldung/bei-kontrolle-widerstand-geleistet/5713931
Terrassentür aufgebrochen (Oberkrämer ),06.10.2026,"Oberkrämer, Oberhavel",Mit einem bisher unbekannten Werkzeug haben Unbekannte am Montagvormittag die Terrassentür eines Einfamilienhauses im Ortsteil Eichstädt gewaltsam geöffnet. Im Inneren des Hauses durchsuchten sie zahlreiche Schränke und entwendeten einen vierstelligen Bargeldbetrag und weitere Wertgegenstände. Der entstandene Schaden wird auf rund 15.000 Euro geschätzt.,https://polizei.brandenburg.de/pressemeldung/terrassentuer-aufgebrochen/5713930
Zwei Personen mit Pfefferspray verletzt (Oranienburg ),05.10.2026,"Oranienburg, Oberhavel","Am gestrigen Nachmittag wurden gegen 14:05 Uhr in einem Parteibüro in der Bernauer Straße zwei Personen verletzt. Während einer internen Veranstaltung betrat ein bisher Unbekannter die Lokalität. Der Unbekannte äußerte sich provozierend gegenüber den vier Anwesenden, woraufhin er gebeten wurde, das Büro zu verlassen. Da er dem nicht nachkam, gingen zwei der vier Anwesenden in Richtung des Mannes, woraufhin es zu einem Wortgefecht und zu körperlichen Rangeleien kam. Daraufhin zog der Unbekannte Pfefferspray und sprühte es in Richtung der beiden 20 und 32 Jahre alten Personen. Beide wurden dabei verletzt und der Unbekannte flüchtete mit seinen bis dahin vor der Tür wartenden Begleitern zu Fuß in unbekannte Richtung. Sie konnten im Rahmen der Nachbereichsfahndung nicht mehr festgestellt werden. Die beiden Verletzten wurden ärztlich im Rettungswagen bzw. im Krankenhaus versorgt. Die Kriminalpolizei hat die Ermittlungen übernommen.",https://polizei.brandenburg.de/pressemeldung/zwei-personen-mit-pfefferspray-verletzt/5713883
Mit Leitplanken zusammengestoßen (BAB 10/Velten ),04.10.2026,"BAB 10/Velten, Oberhavel","Aufgrund eines medizinischen Vorfalls ist eine 35-Jährige am Sonntag gegen 18:20 Uhr im Autobahndreieck Kreuz Oranienburg mit ihrem Pkw Mercedes-Benz von der Fahrbahn abgekommen und zunächst gegen die linke und dann gegen die rechte Leitplanke geprallt. Die Frau war in der Tangente von der Bundesautobahn 111 zur Bundesautobahn 10 in Fahrtrichtung Autobahndreieck Pankow unterwegs, als es zu dem Notfall kam. Verletzt wurde sie durch den Unfall nicht, Rettungskräfte brachten die Frau aber zur Behandlung des Auslösers ins Krankenhaus. Das Fahrzeug, an dem ein Schaden von über 10.000 Euro entstand, wurde zum Eigentumsschutz sichergestellt.",https://polizei.brandenburg.de/pressemeldung/mit-leitplanken-zusammengestossen/5713866
Mit Zaun kollidiert (Oranienburg ),04.10.2026,"Oranienburg, Oberhavel","Aus bisher ungeklärter Ursache hat ein 23-Jähriger am Sonntag gegen 18:30 Uhr in der Hans-Grade-Straße die Kontrolle über sein Motorrad verloren und ist gegen einen Zaun geprallt. Dabei wurde er leicht verletzt, mit einem Rettungswagen kam er zur Behandlung ist Krankenhaus. Das Motorrad der Marke Honda war nicht mehr fahrbereit und wurde an einen Angehörigen übergeben. Der entstandene Sachschaden wird auf etwa 1.000 Euro geschätzt.",https://polizei.brandenburg.de/pressemeldung/mit-zaun-kollidiert/5713864
Rettungsdienst und Polizisten angegriffen (Hennigsdorf ),04.10.2026,"Hennigsdorf, Oberhavel","Im Rahmen eines Rettungsdiensteinsatzes hat ein 18-Jähriger am Sonntagabend versucht, die Rettungskräfte zu schlagen. Diese zogen sich daraufhin zurück und alarmierten die Polizei. Auch nachdem die Polizeibeamten eingetroffen waren, verhielt sich der 18-Jährige stark aggressiv und ging bedrohlich auf die Beamten zu. Ihm wurde daraufhin der Einsatz des sogenannten Tasers angedroht. Der Oberhaveler versuchte dann, einen Beamten mit der flachen Hand ins Gesicht zu schlagen und griff nach dem Taser. Er konnte durch die Beamten zu Boden gebracht und gefesselt werden. Da er sich offenbar in einem psychischen Ausnahmezustand befand, wurde er in Begleitung der Polizeibeamten ins Krankenhaus gebracht. Die Polizeibeamten blieben unverletzt.",https://polizei.brandenburg.de/pressemeldung/rettungsdienst-und-polizisten-angegriffe/5713863
Simson gestohlen (Oranienburg ),04.10.2026,"Oranienburg, Oberhavel","Ein an einem Fahrradstellplatz in der Theodor-Neubauer-Straße abgestelltes Moped haben bisher Unbekannte am vergangenen Wochenende gestohlen. Im Zeitraum zwischen Samstag, 23:00 Uhr, und Sonntag, 09:30 Uhr, wurde die Simson entwendet. Der entstandene Schaden beläuft sich auf rund 2.500 Euro.",https://polizei.brandenburg.de/pressemeldung/simson-gestohlen/5713861
In Wohnhaus eingedrungen (Oranienburg ),04.10.2026,"Oranienburg, Oberhavel","Mithilfe eines bisher unbekannten Gegenstandes haben Einbrecher im Laufe der vergangenen Woche die Tür eines Einfamilienhauses im Sperlingsweg im Ortsteil Lehnitz gewaltsam geöffnet. Anschließend durchsuchten sie sämtliche Räume, ob etwas entwendet wurde, ist derzeit noch unbekannt.
Auch an einem benachbarten Wohnhaus machten sich Unbekannte am vergangenen Wochenende zu schaffen. Hier gelang es ihnen aber nicht, ins Haus zu gelangen.
An beiden Grundstücken stellten Polizeibeamte Blattreste zwischen Schließblech und Schlossfalle des Gartentors fest, welche beim Öffnen des Tores zu Boden gefallen wären. Es ist davon auszugehen, dass diese als Markierung dienten, um über die An- oder Abwesenheit der Eigentümer Kenntnis zu erlangen. Die Polizei rät deshalb dazu, Tore auf ähnlich platzierte Blätter zu kontrollieren und diese gegebenenfalls zu entfernen und die Polizei zu informieren.",https://polizei.brandenburg.de/pressemeldung/in-wohnhaus-eingedrungen/5713859
Vorfahrt missachtet (Mühlenbecker Land),01.10.2026,"Mühlenbecker Land, Oberhavel",Am Donnerstagvormittag ist in Schildow ein 46-jähriger Motorradfahrer bei einem Verkehrsunfall leicht verletzt worden. Ein 71-jähriger Skoda-Fahrer wollte in die Hauptstraße einbiegen und übersah dabei offenbar den vorfahrtsberechtigten Motorradfahrer. Durch den Zusammenstoß wurde dieser leicht verletzt und konnte nach medizinischer Erstversorgung durch die Rettungskräfte vor Ort entlassen werden. Die Schadenshöhe beläuft sich auf rund 2.500 Euro.,https://polizei.brandenburg.de/pressemeldung/vorfahrt-missachtet/5713691
Werkzeug verletzt Radfahrer (Oberkrämer),01.10.2026,"Oberkrämer, Oberhavel","Am Donnerstagnachmittag ist in Bötzow ein 63-jähriger Radfahrer leicht verletzt worden. Ein 42-jähriger Pick-up-Fahrer überholte den Radfahrer auf der Veltener Straße, als sich die Ladeklappe seines Fahrzeugs öffnete und mehrere Werkzeuge auf die Fahrbahn fielen. Eines der Werkzeuge verletzte den Radfahrer am Bein, woraufhin er zur Behandlung in ein Krankenhaus gebracht werden musste.",https://polizei.brandenburg.de/pressemeldung/werkzeug-verletzt-radfahrer/5713690
Radfahrerin nach Kollision verletzt (Glienicke/Nordbahn ),02.10.2026,"Glienicke/Nordbahn, Oberhavel","Weil ein 21-jähriger Mercedes-Fahrer beim Einfahren in die Schönfließer Straße offenbar eine 45-jährige Radfahrerin übersehen hat, ist diese am Donnerstagnachmittag bei einer Kollision leicht verletzt worden. Die Radfahrerin war auf der falschen Straßenseite unterwegs gewesen, sie konnte nach ambulanter Behandlung durch die Rettungskräfte vor Ort wieder entlassen werden. Der entstandene Sachschaden wird auf rund 500 Euro geschätzt.",https://polizei.brandenburg.de/pressemeldung/radfahrerin-nach-kollision-verletzt/5713689
Tatverdächtiger gesucht (Oranienburg),02.10.2026,"Oranienburg, Oberhavel","Die Kriminalpolizei sucht mithilfe von Aufnahmen einer Überwachungskamera nach einem bislang unbekannten Mann, der am 27.05.2026 gegen 12 Uhr den Rucksack einer Frau an sich genommen und anschließend mit deren Debitkarte in einem Zeitungsladen in der Stralsunder Straße bezahlt haben soll. Die Polizei bittet Zeugen, die Hinweise zur Identität des Mannes oder zu seinem Aufenthaltsort machen können, sich unter der Telefonnummer
03301 - 851-0
an die Polizeiinspektion Oberhavel zu wenden oder das polizeiliche Hinweisportal im Internet zu nutzen (www.polizei.brandenburg.de).",https://polizei.brandenburg.de/fahndung/tatverdaechtiger-gesucht/5713688
In Einfamilienhaus eingedrungen (Glienicke/Nordbahn ),02.10.2026,"Glienicke/Nordbahn, Oberhavel","Bislang Unbekannte sind am Donnerstagabend in ein Einfamilienhaus in der Kieler Straße eingedrungen. Die Täter gelangten in Abwesenheit der Bewohner offenbar gewaltsam in das Gebäude und durchsuchten mehrere Räume.
Nachbarn bemerkten gegen 21:00 Uhr verdächtige Geräusche und stellten anschließend den Einbruch fest. Der entstandene Sachschaden wird auf mehrere tausend Euro geschätzt. Die Kriminalpolizei hat die Ermittlungen übernommen.",https://polizei.brandenburg.de/pressemeldung/in-einfamilienhaus-eingedrungen/5713683
Ein Verletzter nach Reifenplatzer (BAB10/Oberkrämer ),30.09.2026,"BAB10/Oberkrämer, Oberhavel",Ein 22-jähriger Motorradfahrer ist am Mittwochnachmittag auf der Bundesautobahn 10 zwischen der Anschlussstelle Oberkrämer und dem Autobahndreieck Havelland nach einem Reifenplatzer gestürzt und leicht verletzt worden. Er wurde zur Behandlung in ein Krankenhaus gebracht. Der entstandene Sachschaden wird auf etwa 5.000 Euro geschätzt.,https://polizei.brandenburg.de/pressemeldung/ein-verletzter-nach-reifenplatzer/5713623
Motorradfahrer schwer verletzt (BAB10/Mühlenbeck ),30.09.2026,"BAB10/Mühlenbeck, Oberhavel",Auf der Bundesautobahn 10 ist am Mittwoch gegen 13:00 Uhr zwischen der Anschlussstelle Mühlenbeck und dem Autobahndreieck Pankow ein 42-jähriger Motorradfahrer bei einem Verkehrsunfall schwer verletzt worden. Der Mann wechselte vom mittleren auf den linken Fahrstreifen und kollidierte dabei mit einem dort fahrenden VW Passat. Der Motorradfahrer stürzte und wurde zur medizinischen Versorgung in ein Krankenhaus gebracht. Der entstandene Gesamtschaden wird auf etwa 10.000 Euro geschätzt. Für die Unfallaufnahme musste der rechte Fahrstreifen zeitweise gesperrt werden.,https://polizei.brandenburg.de/pressemeldung/motorradfahrer-schwer-verletzt/5713621
Radfahrerin bei Unfall schwer verletzt (Liebenwalde),30.09.2026,"Liebenwalde, Oberhavel","An der Kreuzung Ernst-Thälmann-Straße/Berliner Straße ist am Mittwoch gegen 13:45 Uhr eine 62-jährige Radfahrerin bei einem Verkehrsunfall verletzt worden. Ein 40-jähriger Fahrer eines Multicars wollte von der Ernst-Thälmann-Straße nach links in die Berliner Straße abbiegen. Ein Renault-Fahrer beabsichtigte aus entgegengesetzter Richtung in die Berliner Straße abzubiegen, hielt jedoch an, um die vorfahrtsberechtigte Radfahrerin die Kreuzung passieren zu lassen. Diesen Vorgang wertete der Multicar-Fahrer als Vorfahrtsverzicht und bog ab, ohne die Radfahrerin wahrgenommen zu haben. Die Frau wurde bei der folgenden Kollision schwer verletzt und mit einem Rettungshubschrauber in ein Krankenhaus gebracht.",https://polizei.brandenburg.de/pressemeldung/radfahrerin-bei-unfall-schwer-verletzt/5713618
Diebstahl nach Betrugsmasche (Velten),30.09.2026,"Velten, Oberhavel","Zwei bislang unbekannte Männer haben sich am Mittwochvormittag gegenüber einer 88-Jährigen als Mitarbeiter eines Energieversorgers ausgegeben und sich dadurch Zutritt zu ihrer Wohnung verschafft. Während die Frau abgelenkt wurde, entwendete einer der Täter offenbar Schmuck aus dem Schlafzimmer. Der entstandene Schaden wird auf mehrere tausend Euro geschätzt. Die Polizei rät, unbekannten Personen keinen Zutritt zur Wohnung zu gewähren. Bei angeblichen Mitarbeitern von Versorgungsunternehmen sollte zunächst beim jeweiligen Unternehmen nachgefragt werden, ob tatsächlich ein Termin oder Einsatz vorliegt.",https://polizei.brandenburg.de/pressemeldung/diebstahl-nach-betrugsmasche/5713603
Wohnmobil gestohlen (Löwenberger Land),30.09.2026,"Löwenberger Land, Oberhavel","In der Nacht zu Mittwoch haben bislang Unbekannte in Nassenheide ein Wohnmobil von einem umfriedeten Grundstück an der Liebenwalder Chaussee gestohlen. Der entstandene Schaden wird auf etwa 60.000 Euro geschätzt. Auf einem angrenzenden Grundstück versuchten die Täter zudem, ein weiteres Wohnmobil zu entwenden. Dies gelang jedoch nicht, es entstand Sachschaden. Die Kriminalpolizei sicherte Spuren und hat die Ermittlungen übernommen. Nach dem gestohlenen Fahrzeug wurde eine Fahndung eingeleitet.",https://polizei.brandenburg.de/pressemeldung/wohnmobil-gestohlen/5713600
Einbruch in Einfamilienhaus (Oranienburg),30.09.2026,"Oranienburg, Oberhavel","Bislang unbekannte Täter sind in den vergangenen Tagen gewaltsam in ein Einfamilienhaus in der Elisabethstraße eingedrungen und haben sämtliche Räume durchsucht.
Nach ersten Erkenntnissen entwendeten die Täter eine Kassette mit Dokumenten, der entstandene Schaden wird auf etwa 500 Euro geschätzt. Die Kriminalpolizei ermittelt.
Die Polizei weist darauf hin, dass bereits einfache Maßnahmen dazu beitragen können, das Risiko eines Einbruchs zu verringern. Fenster und Türen sollten auch bei kurzer Abwesenheit vollständig geschlossen und verriegelt werden; bei längerer Abwesenheit können beispielsweise Zeitschaltuhren oder Smart-Home-Anwendungen den Eindruck vermitteln, dass das Haus bewohnt ist. Einen zusätzlichen Schutz bieten einbruchhemmende Türen und Fenster sowie geprüfte Sicherungstechnik.",https://polizei.brandenburg.de/pressemeldung/einbruch-in-einfamilienhaus/5713597
Küchenbrand (Mühlenbecker Land),30.09.2026,"Mühlenbecker Land, Oberhavel","Bei einem Küchenbrand sind am Mittwochnachmittag in Schildow eine 31-jährige Frau und ihr vier Monate altes Kind leicht verletzt worden. Die Frau hatte nach eigenen Angaben den Backofen eingeschaltet und die Küche kurzzeitig verlassen. Als sie zurückkehrte, stand die Küche bereits in Flammen und der Rauchmelder hatte ausgelöst. Die Feuerwehr löschte den Brand und verhinderte ein Übergreifen auf weitere Räume des Einfamilienhauses. Die beiden Verletzten wurden zur Behandlung in ein Krankenhaus gebracht. Der entstandene Sachschaden wird auf etwa 20.000 Euro geschätzt, die Kriminalpolizei hat die Ermittlungen zur Brandursache übernommen.",https://polizei.brandenburg.de/pressemeldung/kuechenbrand/5713596
Mit Verkehrsinsel kollidiert (Oranienburg),30.09.2026,"Oranienburg, Oberhavel","Ein 28-jähriger Mercedes-Fahrer ist am Dienstagabend in der Stralsunder Straße von der Fahrbahn abgekommen und anschließend mit einer Verkehrsinsel kollidiert. Der 28-Jährige war mit seinem Mercedes in Richtung Dr.-Heinrich-Byk-Straße unterwegs, als er aus bislang ungeklärter Ursache nach links von der Fahrbahn abkam und mit der Verkehrsinsel kollidierte. Der Mann wurde dabei leicht verletzt und zur Behandlung in ein Krankenhaus gebracht. Das Mercedes war nicht mehr fahrbereit, es entstand ein Schaden von mehreren tausend Euro.",https://polizei.brandenburg.de/pressemeldung/mit-verkehrsinsel-kollidiert/5713479
Eine Verletzte nach Vorfahrtsverstoß (Oranienburg),30.09.2026,"Oranienburg, Oberhavel","Weil ein 54-jähriger BMW-Fahrer beim Abbiegen von der Bundesstraße 96 die Vorfahrt missachtet hat, ist eine 42-jährige Frau am Dienstagvormittag leicht verletzt worden.
Der 54-Jährige war mit seinem Pkw BMW auf der B96 unterwegs und nahm die Ausfahrt in Richtung Leegebruch. An der folgenden Kreuzung bog er nach rechts in den Bärenklauer Weg in Richtung Oranienburg ab und übersah dabei die 42-jährige VW-Fahrerin, welche die Straße aus Richtung Leegebruch befuhr. In der Folge kam es zur Kollision beider Fahrzeuge, wodurch die Geschädigte leicht verletzt und zur medizinischen Behandlung in ein Krankenhaus gebracht wurde.
Beide Fahrzeuge waren nicht mehr fahrbereit und mussten abgeschleppt werden. Für die Bergung musste die Straße etwa zweieinhalb Stunden gesperrt werden, der entstandene Sachschaden wird auf rund 40.000 Euro geschätzt.",https://polizei.brandenburg.de/pressemeldung/eine-verletzte-nach-vorfahrtsverstoss/5713478
In Einfamilienhaus eingebrochen (Hohen Neuendorf ),30.09.2026,"Hohen Neuendorf, Oberhavel","Bislang unbekannte Täter sind am Dienstag in der Zeit von 06:30 bis 16:00 Uhr in ein Einfamilienhaus in Borgsdorf eingedrungen. Nach aktuellen Erkenntnissen gelangten sie in Abwesenheit der 56-jährigen Bewohnerin durch das Aufhebeln der Terrassentür in das Gebäude. Dort durchsuchten sie sämtliche Räume, entwendeten augenscheinlich jedoch nichts. Die Kriminalpolizei hat die Ermittlungen aufgenommen.",https://polizei.brandenburg.de/pressemeldung/in-einfamilienhaus-eingebrochen/5713477
Zusammenstoß auf Radweg (Hennigsdorf ),29.09.2026,"Hennigsdorf, Oberhavel","Zwei Radfahrer stießen am Montagnachmittag auf dem Radweg der Spandauer Landstraße frontal zusammen und wurden dabei leicht verletzt. Ein 55-jähriger Rennradfahrer befuhr gegen 14:00 Uhr den Radweg in Richtung Berlin, während ihm eine 46-jährige Radfahrerin in Richtung Hennigsdorf entgegenkam. Dabei kam es zum Zusammenstoß. Die Radfahrerin wurde zur weiteren Behandlung in ein Krankenhaus gebracht, der Rennradfahrer konnte vor Ort entlassen werden. Es entstand geringer Sachschaden in Höhe von etwa 50 Euro.",https://polizei.brandenburg.de/pressemeldung/zusammenstoss-auf-radweg/5713394
Notrufmissbrauch (Zehdenick ),29.09.2026,"Zehdenick, Oberhavel","Ein Anrufer meldete am Montagmorgen gegen 09:00 Uhr einen angeblichen bewaffneten Überfall auf eine örtliche Bank und löste damit einen Polizeieinsatz aus. Eine sofortige Überprüfung vor Ort ergab jedoch, dass in der Bank normaler Kundenbetrieb herrschte und kein Überfall stattgefunden hatte. Die Polizei ermittelte einen 57-Jährigen und befragte ihn anschließend. Dabei stellte sich heraus, dass der Überfall vollständig erfunden war. Gegen den Mann leitete die Polizei ein Ermittlungsverfahren wegen Notrufmissbrauchs ein.",https://polizei.brandenburg.de/pressemeldung/notrufmissbrauch/5713390
Nach Spurwechsel aufgefahren (BAB 24/Temnitz ),06.10.2026,"BAB 24/Temnitz, Ostprignitz-Ruppin","Direkt nach einem Wechsel vom rechten auf den linken Fahrstreifen ist ein 76-jähriger Toyota-Fahrer gestern gegen 10:30 Uhr auf den Pkw VW einer 61-Jährigen aufgefahren, die verkehrsbedingt abbremsen musste. Der Mann hatte zwischen der Anschlussstelle Neuruppin und dem Rasthof Walsleben Ost den auf der linken Spur der Bundesautobahn 24 fahrenden VW passieren lassen und war direkt danach ebenfalls auf die linke Spur gewechselt. Dabei bemerkte er zu spät, dass die VW-Fahrerin abbremsen musste. Bei der Kollision wurde die 61-Jährige leicht verletzt, Rettungskräfte brachten sie zur Behandlung ins Krankenhaus. Für die Unfallaufnahme musste die Richtungsfahrbahn nach Hamburg für etwa 30 Minuten gesperrt werden. An den Fahrzeugen entstand ein Sachschaden von rund 20.000 Euro, der VW wurde zum Eigentumsschutz sichergestellt.",https://polizei.brandenburg.de/pressemeldung/nach-spurwechsel-aufgefahren/5713932
Zwei Brände in Mehrfamilienhaus (Kyritz ),06.10.2026,"Kyritz, Ostprignitz-Ruppin","Zu einem Kellerbrand sind Einsatzkräfte von Polizei und Feuerwehr am Montag gegen 17:00 Uhr in die Ammerländer Straße alarmiert worden. Ein Zeuge hatte Rauch aus dem Kellerbereich des Mehrfamilienhauses aufsteigen sehen. Alle Bewohner mussten das Gebäude während der Löscharbeiten verlassen, verletzt wurde niemand. Die Feuerwehr war mit rund 40 Einsatzkräften und zehn Fahrzeugen vor Ort. Der entstandene Sachschaden wird auf rund 10.000 Euro geschätzt, nach Abschluss der Löscharbeiten konnten alle Bewohner in ihre Wohnungen zurückkehren.
Heute gegen 05:50 Uhr musste die Feuerwehr erneut zu demselben Haus ausrücken, weil wieder Rauch aus dem Keller aufstieg. Nach etwa anderthalb Stunden war auch das zweite Feuer gelöscht und das Gebäude konnte wieder freigegeben werden.
Die Kriminalpolizei hat die Ermittlungen zu den Bränden aufgenommen, Kriminaltechniker wurden beauftragt, nach den Ursachen der beiden Feuer zu suchen.",https://polizei.brandenburg.de/pressemeldung/zwei-braende-in-mehrfamilienhaus/5713927
Garage in Brand (Neuruppin ),04.10.2026,"Neuruppin, Ostprignitz-Ruppin","Die Asche einer Feuerschale hat am Sonntagnachmittag im Ortsteil Stöffin offenbar einen Brand ausgelöst, bei dem eine Garage beschädigt wurde. Ein 75-Jähriger hatte die seiner Meinung nach erkaltete Asche zuvor in einer Mülltonne entsorgt, die neben der Garage stand, und dann sein Grundstück verlassen. Als er zurückkehrte, stellt er fest, dass es zu einem Brand der Tonne gekommen war, der dann auf die Garage übergriff. Die Feuerwehr kam zum Einsatz, um die Flammen zu löschen. Der entstandene Sachschaden wird auf rund 5.000 Euro geschätzt.",https://polizei.brandenburg.de/pressemeldung/garage-in-brand/5713858
Detonation nach Brand (Fehrbellin),02.10.2026,"Fehrbellin, Ostprignitz-Ruppin","B
ei einem Brand in der Ernst-Thälmann-Straße in Wustrau ist am Donnerstagnachmittag ein 81-jähriger Mann leicht verletzt worden. Eine Anwohnerin stellte gegen 17:30 Uhr einen brennenden Holzschuppen auf dem Grundstück einer 74-jährigen Frau fest. Das Feuer beschädigte mehrere Gebäude und ein Carport. Im weiteren Verlauf kam es offenbar zur Explosion einer Gasflasche, bei der der
81-jährige Nachbar leicht verletzt wurde. Er kam zur medizinischen Behandlung in ein Krankenhaus.
Der Sachschaden wird auf rund 100.000 Euro geschätzt, die Ermittlungen zur Brandursache dauern an.",https://polizei.brandenburg.de/pressemeldung/detonation-nach-brand/5713682
Palettenbrand in Zaatzke (Heiligengrabe),02.10.2026,"Heiligengrabe, Ostprignitz-Ruppin","Am Donnerstagnachmittag sind auf einem Grundstück im Ortsteil Zaatzke mehrere Paletten in Brand geraten. Nach aktuellen Erkenntnissen führten Glutreste in einer Feuertonne dazu, dass das Feuer auf die daneben gelagerten Paletten übergriff. Beim Eintreffen der Polizeibeamten war der Brand durch die Feuerwehr bereits gelöscht worden, eine Gefahr für angrenzende Gebäude bestand nicht. Der entstandene Sachschaden wird auf etwa 150 Euro geschätzt.",https://polizei.brandenburg.de/pressemeldung/palettenbrand-in-zaatzke/5713681
Radfahrerin nach Sturz verletzt                                                                (Neuruppin),30.09.2026,"Neuruppin, Ostprignitz-Ruppin",Bei einem Verkehrsunfall ist am Mittwochvormittag eine 75-jährige Radfahrerin in der Karl-Marx-Straße schwer verletzt worden. Die Frau stürzte aus bislang ungeklärter Ursache mit ihrem Fahrrad. Eine Streifenwagenbesatzung bemerkte sie am Boden liegend und leistete Erste Hilfe. Rettungskräfte brachten die Radfahrerin anschließend zur weiteren Behandlung in ein Krankenhaus.,https://polizei.brandenburg.de/pressemeldung/radfahrerin-nach-sturz-verletzt-/5713610
Vier Verletzte nach Verkehrsunfall (BAB24/Fehrbellin ),30.09.2026,"BAB24/Fehrbellin, Ostprignitz-Ruppin","Am Mittwochvormittag sind auf der Bundesautobahn 24 in Fahrtrichtung Berlin vier Personen bei einem Verkehrsunfall mit einem Reisebus leicht verletzt worden. Zwischen den Anschlussstellen Neuruppin/Süd und Fehrbellin fuhr ein 50-jähriger Kleintransporter-Fahrer auf einen vorausfahrenden Pkw VW auf. Die 62-jährige VW-Fahrerin hatte ihr Fahrzeug zuvor aufgrund des hohen Verkehrsaufkommens im Bereich einer Tagesbaustelle abgebremst. Der VW kam durch den Aufprall nach rechts von der Fahrbahn ab, kollidierte mit der Seitenschutzplanke und anschließend mit dem Reisebus. Im weiteren Verlauf stieß der Kleintransporter mit einem Mercedes Vito zusammen. Neben dem 50-jährigen Kleintransporter-Fahrer und der 62-jährigen VW-Fahrerin wurden auch der 50-jährige Fahrer des Mercedes und seine 46-jährige Beifahrerin verletzt. Die Insassen des Busses blieben unverletzt. Die vier Verletzten wurden zur medizinischen Behandlung in ein Krankenhaus gebracht. Für die Unfallaufnahme musste die Richtungsfahrbahn für etwa 45 Minuten vollständig gesperrt werden, der entstandene Gesamtschaden wird auf etwa 40.000 Euro geschätzt.",https://polizei.brandenburg.de/pressemeldung/vier-verletzte-nach-verkehrsunfall/5713607
Laubhaufen angezündet (Neuruppin),30.09.2026,"Neuruppin, Ostprignitz-Ruppin","Ein 39-jähriger Bewohner einer betreuten Wohneinrichtung in Radensleben hat am Mittwochabend in einer etwa neun Quadratmeter großen Gartenhütte auf dem Gelände der Einrichtung einen Laubhaufen angezündet. Zuvor hatte er ein Seitenfenster der Hütte eingeschlagen.
Mitarbeiter löschten das Feuer, anschließend führte die Feuerwehr Nachlöscharbeiten durch. Die Hütte wurde leicht beschädigt, der entstandene Sachschaden wird auf etwa 200 Euro geschätzt. Die Kriminalpolizei hat die Ermittlungen aufgenommen.",https://polizei.brandenburg.de/pressemeldung/laubhaufen-angezuendet/5713593
Von Fahrbahn abgekommen (Wittstock/Dosse ),29.09.2026,"Wittstock/Dosse, Ostprignitz-Ruppin","Ein mit 23,5 Tonnen tiefgekühltem flüssigem Stickstoff beladener Sattelzug kam am Montagnachmittag auf der A19 bei Wittstock/Dosse von der Fahrbahn ab und kippte um. Der 60-jährige Fahrer wurde dabei leicht verletzt. Der Unfall ereignete sich gegen 14:10 Uhr in Fahrtrichtung Rostock zwischen der Anschlussstelle Wittstock und der Landesgrenze nach Mecklenburg-Vorpommern. Nach ersten Erkenntnissen kam die Fahrzeugkombination aufgrund eines technischen Mangels an der Sattelzugmaschine nach rechts von der Fahrbahn ab und kippte im Böschungsbereich auf die Beifahrerseite. Der verletzte Fahrer wurde zur weiteren Behandlung in ein Krankenhaus gebracht. Gefahrgut trat aus dem Sattelauflieger nicht aus. Das Sattelkraftfahrzeug war nicht mehr fahrbereit und musste geborgen werden. Während der Unfallaufnahme war die Richtungsfahrbahn zunächst für etwa eine Stunde vollständig gesperrt. Für die Bergung des Sattelzuges musste die Fahrbahn am Dienstagmorgen ab 09:00 Uhr erneut vollständig gesperrt werden.",https://polizei.brandenburg.de/pressemeldung/von-fahrbahn-abgekommen/5713392
Gegen Stein geprallt (Neuruppin ),29.09.2026,"Neuruppin, Ostprignitz-Ruppin","Ein 32-Jähriger ist am Montagmorgen gegen 05:30 Uhr offenbar aufgrund überhöhter Geschwindigkeit mit seinem Pkw nach links vom unbefestigten Weg zwischen Zermützel und Molchow abgekommen und mit einem Stein kollidiert. Er blieb dabei unverletzt, weigerte sich jedoch bei Eintreffen der Polizeibeamten das Fahrzeug zu verlassen. Der Mann, der sich offenbar in einem psychischen Ausnahmezustand befand, musste in weiterer Folge durch die Beamten aus dem Fahrzeug geführt und in ein Krankenhaus gebracht werden. Wegen des Verdachtes auf Drogen- oder Medikamenteneinfluss wurde eine Blutprobenentnahme bei dem 32-Jährigen veranlasst. Sein Führerschein wurde beschlagnahmt, der PKW wurde sichergestellt. Durch den Unfall entstand ein Sachsachaden in Höhe von etwa 10.000 Euro.",https://polizei.brandenburg.de/pressemeldung/gegen-stein-geprallt/5713391
Einbruch in Wohnhaus (Wusterhausen/Dosse ),29.09.2026,"Wusterhausen/Dosse, Ostprignitz-Ruppin","Während der Bewohner im Urlaub war, verschafften sich bisher unbekannte Täter in der Nacht zu Montag Zugang zu einem Grundstück in einem Ortsteil und hinterließen dabei ein durchwühltes Haus. Ob die Täter etwas gestohlen haben, ist bislang noch nicht bekannt. Entdeckt wurde der Einbruch erst am Montagabend, als der Besitzer zurückkehrte und die Polizei verständigte. Die Kriminalpolizei hat die Ermittlungen übernommen.",https://polizei.brandenburg.de/pressemeldung/einbruch-in-wohnhaus/5713385
Fünf Verletzte nach Auffahrunfall (BAB24/Heiligengrabe ),25.09.2026,"BAB24/Heiligengrabe, Ostprignitz-Ruppin","Weil ein 74-jähriger Nissan-Fahrer offenbar nicht genügend Sicherheitsabstand gehalten hatte, sind am Donnerstag gegen 12:45 Uhr fünf Personen bei einem Verkehrsunfall auf der Bundesautobahn 24 verletzt worden. Der Mann fuhr zwischen den Anschlussstellen Herzsprung und dem Autobahndreieck Wittstock/Dosse in Fahrtrichtung Hamburg mit seinem Nissan auf einen vorausfahrenden Pkw Mercedes auf, dessen 74-jährige Fahrerin verkehrsbedingt bremsen musste. Durch den Aufprall wurde der Mercedes auf ein weiteres Fahrzeug geschoben. Der Nissan-Fahrer und seine 68-jährige Beifahrerin wurden schwer verletzt und stationär in einem Krankenhaus aufgenommen. Drei weitere Personen erlitten leichte Verletzungen und wurden ambulant behandelt. Alle drei Fahrzeuge waren nicht mehr fahrbereit und mussten abgeschleppt werden. Der entstandene Sachschaden wird auf etwa 15.000 Euro geschätzt. Für die Unfallaufnahme musste der rechte Fahrstreifen für rund eine Stunde gesperrt werden.",https://polizei.brandenburg.de/pressemeldung/fuenf-verletzte-nach-auffahrunfall/5713190
Fußgängerin bei Verkehrsunfall verletzt (Wittstock/Dosse ),25.09.2026,"Wittstock/Dosse, Ostprignitz-Ruppin","Eine 30-jährige Frau ist am Donnerstagnachmittag bei einem Verkehrsunfall in der Rosa-Luxemburg-Straße leicht verletzt worden. Ein 65-jähriger Mercedes-Fahrer bog von einer Grundstücksausfahrt nach links auf die Straße ein, während die 30-jährige Fußgängerin die Straße überquerte. Dabei kam es zur Kollision, bei der die Frau leicht verletzt und anschließend in einem Rettungswagen medizinisch versorgt wurde.",https://polizei.brandenburg.de/pressemeldung/fussgaengerin-bei-verkehrsunfall-verletz/5713189
Festnahmen nach Diebstahlsmasche (Neuruppin),25.09.2026,"Neuruppin, Ostprignitz-Ruppin","Die Polizei hat am Donnerstagabend in einem Hotel in Neuruppin mehrere Personen vorläufig festgenommen. Hintergrund sind Ermittlungen wegen des Verdachts von Diebstahls- und Betrugsdelikten. Nach bisherigen Erkenntnissen sollen die Tatverdächtigen arbeitsteilig vorgegangen sein. Dabei sollen Frauen männlichen Hotelgästen sexuelle Handlungen angeboten haben. Während sich die Geschädigten anschließend im Badezimmer aufhielten, sollen Mittäter die Fahrzeugschlüssel an sich genommen, die Fahrzeuge nach Wertgegenständen durchsucht und die Schlüssel anschließend zurück ins Hotelzimmer gebracht haben. Die Ermittlungen, insbesondere zu möglichen Zusammenhängen mit weiteren gleichgelagerten Straftaten, dauern an.",https://polizei.brandenburg.de/pressemeldung/festnahmen-nach-diebstahlsmasche/5713187
Schwerer Unfall beim Überholen (Herzberg(Mark) ),24.09.2026,"Herzberg(Mark), Ostprignitz-Ruppin","Ein 49-jähriger Autofahrer wurde am Mittwochnachmittag bei einem Verkehrsunfall auf der Landesstraße 164 zwischen Herzberg und Radensleben schwer verletzt. Gegen 14:45 Uhr hatte ein 71-jähriger Fahrer eines Pkw VW zum Überholen angesetzt und dabei offenbar einen Pkw BMW übersehen, der sich bereits auf gleicher Höhe befand und ebenfalls überholte. Durch den seitlichen Zusammenstoß kam der BMW nach links von der Fahrbahn ab und prallte gegen einen Straßenbaum. Rettungskräfte brachten den 49-jährigen BMW-Fahrer zur Behandlung in ein Krankenhaus. Der BMW war infolge des Unfalls nicht mehr fahrbereit und musste abgeschleppt werden. Es entstand ein Sachschaden von etwa 30.000 Euro.",https://polizei.brandenburg.de/pressemeldung/schwerer-unfall-beim-ueberholen/5713104
Betrugsmasche führt zu 5000 Euro Schaden (Lindow(Mark) ),24.09.2026,"Lindow(Mark), Ostprignitz-Ruppin","Ein 76-jähriger Mann wurde am frühen Mittwochmorgen Opfer eines Computerbetrugs und erlitt dabei einen Schaden von rund 5.000 Euro. Auf seinem Computer erschien ein Fenster mit dem Hinweis, dass das Gerät gesperrt worden sei. Um die vermeintliche Sperre aufzuheben, sollte der Mann eine angegebene Telefonnummer kontaktieren und den Anweisungen folgen. Dabei wurde er aufgefordert, einen Geldbetrag sowie Gutscheinkarten zu übermitteln. Insgesamt entstand ein Schaden von rund 5.000 Euro. Die Kriminalpolizei hat die Ermittlungen aufgenommen.",https://polizei.brandenburg.de/pressemeldung/betrugsmasche-fuehrt-zu-5000-euro-schade/5713100
Vorfahrt missachtet (Heiligengrabe ),22.09.2026,"Heiligengrabe, Ostprignitz-Ruppin","Bei einem Verkehrsunfall auf der Landesstraße 14 am Abzweig Wulfersdorf wurde am Dienstagmittag ein 50-jähriger Radfahrer leicht verletzt. Der Unfall ereignete sich gegen 12:20 Uhr. Nach bisherigen Erkenntnissen übersah eine 59-jährige Autofahrerin beim Abbiegen den vorfahrtsberechtigten Radfahrer. Es kam zum Zusammenstoß, bei dem der 50-Jährige stürzte und leicht verletzt wurde. Rettungskräfte brachten den Radfahrer zur weiteren Behandlung in ein Krankenhaus. Der Pkw und das Fahrrad blieben trotz des Unfalls fahrbereit.",https://polizei.brandenburg.de/pressemeldung/vorfahrt-missachtet/5713046
Fahrzeugbrand auf der BAB24 (BAB24/Heiligengrabe ),22.09.2026,"BAB24/Heiligengrabe, Ostprignitz-Ruppin","Auf der Bundesautobahn 24 in Richtung Berlin ist am Dienstagmorgen gegen 09:30 Uhr ein Pkw Mercedes während der Fahrt aus bislang ungeklärter Ursache in Brand geraten. Dem 36-jährigen Fahrer gelang es noch, das Fahrzeug auf den Rastplatz Prignitz-West zu lenken, wo es durch die Feuerwehr gelöscht wurde. Das Fahrzeug brannte vollständig aus, der 36-Jährige und seine Beifahrerin blieben unverletzt. Der entstandene Sachschaden wird auf rund 15.000 Euro geschätzt.",https://polizei.brandenburg.de/pressemeldung/fahrzeugbrand-auf-der-bab24/5713045
Drängler verursacht Unfall auf der Autobahn (BAB 24 / Wittstock/Dosse ),22.09.2026,"BAB 24 / Wittstock/Dosse, Ostprignitz-Ruppin","Die riskante Fahrweise eines 59-jährigen BMW-Fahrers hat am Montag gegen 19:40 Uhr offenbar einen Verkehrsunfall auf der Bundesautobahn 24 verursacht, bei dem eine 80-Jährige leicht verletzt wurde.
Die Seniorin war mit ihrem Pkw Audi auf der BAB 24 zwischen der Anschlussstelle Herzsprung und dem Autobahndreieck Wittstock/Dosse in Richtung Hamburg unterwegs und dabei, ein anderes Fahrzeug zu überholen. Hinter ihr fuhr der 59-Jährige mit seinem BMW und signalisierte mit der Lichthupe, überholen zu wollen. Die Audi-Fahrerin nahm dies wahr und blinkte nach rechts, um auf den rechten Fahrstreifen zu wechseln. Aufgrund der Verkehrsdichte war dies jedoch nicht möglich. Der BMW befand sich in diesem Moment aber schon neben dem Audi, beschleunigte stark und war bereits im Überholvorgang. Dabei kam es zur seitlichen Berührung beider Fahrzeuge, wodurch der BMW-Fahrer die Kontrolle über seinen SUV verlor und in die Mittelschutzplanke fuhr. Die Audi-Fahrerin kam auf dem Seitenstreifen zum Stillstand, Rettungskräfte brachten sie in ein Krankenhaus. Beide Fahrzeuge waren nicht mehr fahrbereit und mussten abgeschleppt werden.
Zeugen gaben an, dass der BMW-Fahrer bereits im Vorfeld mehrfach die Lichthupe betätigt haben soll, um andere Fahrzeuge vom linken Fahrstreifen zu drängeln. Der Führerschein des mutmaßlichen Unfallverursachers wurde beschlagnahmt und ein Strafverfahren eingeleitet. Für die Rettungsmaßnahmen sowie die Bergung der Fahrzeuge musste die Richtungsfahrbahn Hamburg für etwa eine Stunde gesperrt werden. Die Gesamtschadenshöhe beträgt etwa 110.000 Euro.",https://polizei.brandenburg.de/pressemeldung/draengler-verursacht-unfall-auf-der-auto/5712944
Nicht auf den Fahrzeugverkehr geachtet (Neuruppin ),22.09.2026,"Neuruppin, Ostprignitz-Ruppin","Weil eine sechsjährige Radfahrerin am Montag die Fahrbahn überquert hat, ohne auf den vorfahrtberechtigten Verkehr zu achten, ist es im Fontaneweg zu einem Zusammenstoß mit einem Pkw Mercedes gekommen, bei dem das Kind leicht verletzt wurde. Der Unfall ereignete sich gegen 15:45 Uhr im Ortsteil Alt Ruppin. Der Einsatz eines Rettungswagens wurde durch einen Erziehungsberechtigten abgelehnt. Bei der Kollision ist augenscheinlich kein Sachschaden entstanden.",https://polizei.brandenburg.de/pressemeldung/nicht-auf-den-fahrzeugverkehr-geachtet/5712942
Ford aufgefunden (Neuruppin ),22.09.2026,"Neuruppin, Ostprignitz-Ruppin","Der am Wochenende von einem Grundstück im Ortsteil Alt-Ruppin entwendete Pkw Ford Ranger ist am Montag wieder aufgefunden worden. Bei einem 50-Jährigen wurden zunächst der Personalausweis des Eigentümers und der Fahrzeugschlüssel aufgefunden, wenig später entdeckten Polizeibeamte das Fahrzeug nahe der Bechliner Chaussee. Nach erfolgter Spurensicherung konnte das Fahrzeug, an dem es Unfallspuren gab, an den Eigentümer übergeben werden. Die Ermittlungen der Kriminalpolizei dauern an.",https://polizei.brandenburg.de/pressemeldung/ford-aufgefunden/5712934
Um Investitionen betrogen (Neuruppin ),22.09.2026,"Neuruppin, Ostprignitz-Ruppin","Um einen fünfstelligen Geldbetrag haben bisher Unbekannte eine 71-Jährige betrogen. Auf ihrem Telefon hatte sie eine Werbung erhalten, in der das einfache Vermehren von Geld mithilfe von Wertanlagen beworben wurde. Sie nahm daraufhin online Kontakt auf und übermittelte all ihre persönlichen Daten inklusive aller Bankdaten. Einen Tag später überwies sie zudem einen dreistelligen Euro-Betrag auf ein Konto mit zyprischer IBAN. Wenig später nahm ein angeblicher Finanzvermittler Kontakt auf und schlug ihr vor, einen Kredit aufzunehmen, um mehr Kapital zum Vermehren zur Verfügung zu haben. Die fünfstellige Kreditsumme überwies die Frau ebenfalls auf das Konto. Später konnte sie über eine App sehen, dass sich ihre Einlagen verdoppelt hatten. Zur Ausschüttung wurde sie dann angewiesen, einen weiteren niedrigen fünfstelligen Betrag an Steuern zu zahlen. Nachdem sie dies ebenfalls getan hatte, riss der Kontakt zum Vermittler ab, und auch in der App waren keine Veränderungen mehr zu sehen. Die Kriminalpolizei ermittelt nun in dem Betrugsfall.",https://polizei.brandenburg.de/pressemeldung/um-investitionen-betrogen/5712933
Missglücktes Ausweichmanöver (BAB 24 / Wittstock/Dosse ),21.09.2026,"BAB 24 / Wittstock/Dosse, Ostprignitz-Ruppin","Weil er einem die Fahrbahn überquerenden Reh ausweichen wollte, hat ein 18-jähriger Skoda-Fahrer am Sonntag gegen 20:30 Uhr die Kontrolle über sein Fahrzeug verloren,
ist nach links von der Fahrbahn abgekommen, mit der Mittelschutzplanke kollidiert und dabei leicht verletzt worden. Der Unfall ereignete sich auf der Bundesautobahn 24, zwischen den Anschlussstellen Neuruppin und Herzsprung in Fahrtrichtung Hamburg. Der Skoda-Fahrer wurde bei dem Unfall leicht verletzt und anschließend in ein Krankenhaus gebracht. Zu einem Zusammenstoß mit dem Tier ist es nicht gekommen. Der Pkw ist weiterhin fahrbereit, der entstandene Sachschaden beträgt etwa 3.000 Euro.",https://polizei.brandenburg.de/pressemeldung/missgluecktes-ausweichmanoever/5712819
Feuer in leerstehendem Gebäude (Märkisch Linden ),21.09.2026,"Märkisch Linden, Ostprignitz-Ruppin","Aus bisher unbekannter Ursache ist in der Nacht zu Sonntag ein kleines Gebäude auf einem verlassenen Gelände im Ortsteil Werder in Brand geraten. Am Sonntagmorgen löschte die Feuerwehr noch glimmende Reste, vermutlich waren dort alte Autoreifen angezündet worden. Kriminaltechniker sicherten vor Ort Spuren, die Kriminalpolizei hat die weiteren Ermittlungen übernommen. Der entstandene Schaden wird mit rund 500 Euro beziffert.",https://polizei.brandenburg.de/pressemeldung/feuer-in-leerstehendem-gebaeude/5712816
Pkw entwendet (Neuruppin ),21.09.2026,"Neuruppin, Ostprignitz-Ruppin","Von einem Grundstück im Ortsteil Alt Ruppin haben bisher Unbekannte am Samstag einen Pkw Ford Ranger gestohlen. Nach ersten Erkenntnissen hatten sie zunächst einen auf dem Grundstück stehenden Wohnwagen aufgebrochen, anschließend entwendeten sie den Pkw. Dabei wurde auch ein Poller in unmittelbarer Nähe des Ereignisortes beschädigt. Der Wert des Fahrzeugs wird auf rund 18.000 Euro geschätzt, die Kriminalpolizei hat die Ermittlungen aufgenommen.",https://polizei.brandenburg.de/pressemeldung/pkw-entwendet/5712815
In Wohnhaus eingebrochen (Karstädt ),06.10.2026,"Karstädt, Prignitz","In ein Wohnhaus im Ortsteil Boberow sind bisher Unbekannte innerhalb der vergangenen zweieinhalb Wochen eingedrungen. Eine Angehörige des Bewohners stellte am Montag Beschädigungen an der Hauseingangstür fest. Ob etwas entwendet wurde, ist derzeit noch unklar. Allein der Sachschaden wird auf rund 100 Euro geschätzt.",https://polizei.brandenburg.de/pressemeldung/in-wohnhaus-eingebrochen/5713929
Mit QR-Code betrogen (Gumtow ),06.10.2026,"Gumtow, Prignitz","Mithilfe eines QR-Codes haben bisher Unbekannte eine 61-Jährige um einen niedrigen fünfstelligen Geldbetrag betrogen. Sie hatten der Frau einen Brief geschickt, der den Anschein erweckte, von ihrer Hausbank zu sein. In dem Schreiben befand sich ein QR-Code, welchen sie scannte. Kurz darauf erhielt sie einen Anruf, bei welchem die Telefonnummer ihrer Hausbank angezeigt wurde. Unter dem Vorwand, dass ihre Kontodaten ausgespäht worden seien, wurde sie dazu gebracht, Abbuchungen zu genehmigen. Erst nachdem sie mehrere Abbuchungen freigegeben hatte, wurde die Frau misstrauisch und erkundigte sich direkt bei ihrer Hausbank. Dabei stellte sich heraus, dass sie betrogen worden war. Jetzt ermittelt die Kriminalpolizei.",https://polizei.brandenburg.de/pressemeldung/mit-qr-code-betrogen/5713928
Zwei Radfahrer schwer verletzt (Weisen),30.09.2026,"Weisen, Prignitz","Am Mittwochabend sind zwei Radfahrer bei einem Verkehrsunfall auf der Chausseestraße schwer verletzt worden. Eine 59-jährige Radfahrerin befuhr die Krumme Straße und wollte die Chausseestraße überqueren. Dabei übersah sie einen gleichaltrigen Radfahrer, der dort auf dem Radweg unterwegs war. Bei der anschließenden Kollision wurden beide schwer verletzt und zur Behandlung in Krankenhäuser gebracht. Eines der Fahrräder war nach dem Unfall nicht mehr fahrbereit und wurde Angehörigen übergeben.",https://polizei.brandenburg.de/pressemeldung/zwei-radfahrer-schwer-verletzt/5713615
Kollision mit Linienbus (Marienfließ),30.09.2026,"Marienfließ, Prignitz","Weil ein 64-jähriger Busfahrer am Mittwoch gegen 12:45 Uhr beim Wenden auf der Landesstraße 14 zwischen Krempendorf und Stepenitz einen hinter ihm wartenden Motorradfahrer übersehen hat, ist der 66-Jährige bei der anschließenden Kollision schwer verletzt worden.
Der Motorradfahrer wurde zur Behandlung in ein Krankenhaus gebracht. Das Motorrad war nach dem Unfall nicht mehr fahrbereit und musste abgeschleppt werden. Der entstandene Sachschaden wird auf etwa 2.000 Euro geschätzt. Zum Zeitpunkt des Unfalls befanden sich zudem acht Schulkinder im Bus. Keines der Kinder wurde verletzt, sie wurden anschließend von ihren Erziehungsberechtigten abgeholt.",https://polizei.brandenburg.de/pressemeldung/kollision-mit-linienbus/5713612
Erneuter Waldbrand (Wittenberge),30.09.2026,"Wittenberge, Prignitz",Bislang unbekannte Täter haben am Mittwochnachmittag im Bereich der Lenzener Chaussee auf bislang unbekannte Weise ein Stück Waldboden in Brand gesetzt. Dabei wurden auf einer Fläche von etwa 15 mal 15 Metern der Waldboden sowie 14 Bäume im bodennahen Bereich beschädigt. Der entstandene Sachschaden wird auf etwa 500 Euro geschätzt. Der Brandort grenzt unmittelbar an den Bereich eines bereits am Vortag gemeldeten Brandes. Aufgrund der örtlichen Nähe wird ein Zusammenhang zwischen den Taten geprüft. Die Kriminalpolizei hat die Ermittlungen übernommen.,https://polizei.brandenburg.de/pressemeldung/erneuter-waldbrand/5713595
Betrugsmasche über Onlineabstimmung (Prignitz),30.09.2026,"Prignitz, Prignitz","In zwei Fällen haben bislang unbekannte Täter über manipulierte WhatsApp-Konten versucht, die Kontakte der jeweiligen Kontoinhaber zu Geldzahlungen zu bewegen. Zuvor hatten die Betroffenen Nachrichten von vermeintlich bekannten Personen mit der Bitte erhalten, an einer Abstimmung zu einem Tanzwettbewerb oder Tanzkurs teilzunehmen. In einem Fall wurde der darin enthaltene Link geöffnet. Anschließend versandten die Täter von den betroffenen Konten Nachrichten an die gespeicherten Kontakte und baten um die Überweisung von jeweils 730 Euro, unter anderem für einen Spendenaufruf oder eine Zahnarztrechnung.
Die Polizei rät, unerwartete Links in WhatsApp-Nachrichten nicht zu öffnen und Geldforderungen über Messenger stets über einen anderen Kontaktweg zu überprüfen. Auch bei Nachrichten von bekannten Personen sollte zunächst die Echtheit überprüft werden. Falls sie bereits auf einen Link geklickt haben oder unsicher sind, prüfen Sie in den Einstellungen, ob unbefugte Geräte mit Ihrem Konto verbunden sind.",https://polizei.brandenburg.de/pressemeldung/betrugsmasche-ueber-onlineabstimmung/5713594
Brand auf Waldfläche (Wittenberge),30.09.2026,"Wittenberge, Prignitz","Am Dienstagnachmittag ist aus bislang ungeklärter Ursache eine Waldfläche an der Lenzener Chaussee in Brand geraten. Eine Passantin stellte gegen 15:00 Uhr ein Feuer im Waldgebiet nahe des Friedensteiches fest und informierte die Feuerwehr. Die Einsatzkräfte löschten die Brandfläche von etwa 15 x 15 Metern, ein Übergreifen der Flammen auf angrenzende Bäume oder Gebäude konnte verhindert werden. Die Kriminalpolizei ermittelt zur Brandursache, Angaben zur Schadenshöhe liegen derzeit nicht vor.",https://polizei.brandenburg.de/pressemeldung/brand-auf-waldflaeche/5713476
Auffahrunfall (Wittenberge ),29.09.2026,"Wittenberge, Prignitz","Ein 18-Jähriger fuhr am Montagnachmittag auf der B189 mit seinem Pkw Ford auf einen vorausfahrenden Pkw Audi auf und verletzte dabei die 35-jährige Fahrerin leicht. Der junge Mann war gegen 16:15 Uhr in Richtung Weisen unterwegs und übersah offenbar den vor ihm abbremsenden Pkw Audi, wodurch es zu einem Zusammenstoß kam. Rettungskräfte brachten die 35-Jährige zur weiteren Behandlung in ein Krankenhaus. Der Ford war nach dem Unfall nicht mehr fahrbereit und musste abgeschleppt werden. Es entstand ein Sachschaden von rund 10.000 Euro.",https://polizei.brandenburg.de/pressemeldung/auffahrunfall/5713393
Erpressungsversuch über Social Media (Pritzwalk ),29.09.2026,"Pritzwalk, Prignitz","Mit einem intimen Foto haben Unbekannte am Montagabend versucht, einen 17-Jährigen zu erpressen. Gegen 20:45 Uhr erhielt er auf einer Social Media-Plattform eine Freundschaftsanfrage von einer ihm unbekannten Person. Im weiteren Verlauf übersandte der Jugendliche das Bild von sich. Die Unbekannten drohten nun mit der Veröffentlichung dieses Fotos, sollte der Jugendliche nicht 500 Euro überweisen. Der 17-Jährige kam der Aufforderung nicht nach und erstattete Strafanzeige. Die Kriminalpolizei hat die Ermittlungen aufgenommen.",https://polizei.brandenburg.de/pressemeldung/erpressungsversuch-ueber-social-media/5713389
Betrugsversuch durch falsche Polizisten              (Wittenberge ),29.09.2026,"Wittenberge, Prignitz","Ein 86-Jähriger hat am Montagmittag einen Betrugsversuch durch falsche Polizeibeamte erkannt und dadurch einen finanziellen Schaden verhindert. Der Senior erhielt gegen 14:30 Uhr Anrufe von zwei bislang unbekannten Tätern, die sich als Mitarbeiter der „Kripo“ Perleberg ausgaben. Im Verlauf des Gesprächs fragten die Männer den 86-Jährigen, ob er kürzlich bei einer Bank einen konkreten vierstelligen Betrag abgehoben habe. Da dem Mann die Fragen verdächtig vorkamen, beendete er das Telefonat und informierte die Polizei. Die Kriminalpolizei hat die Ermittlungen aufgenommen.
Die Polizei rät dazu, am Telefon keine Auskünfte über finanzielle Verhältnisse oder Bankdaten zu erteilen.",https://polizei.brandenburg.de/pressemeldung/betrugsversuch-durch-falsche-polizisten-/5713388
Feldhäcksler geriet in Brand (Pritzwalk ),29.09.2026,"Pritzwalk, Prignitz","Aus bislang ungeklärter Ursache geriet am Montag gegen 12:15 Uhr in der Dorfstraße im Ortsteil Kemnitz ein Feldhäcksler in Brand und verursachte einen Sachschaden von rund 90.000 Euro. Die selbstfahrende Arbeitsmaschine war kurz zuvor von einem 62-Jährigen betankt und anschließend auf dem Grundstück abgestellt worden. Nachdem der Mann die Örtlichkeit verlassen hatte, meldeten Zeugen mehrere Explosionen. Wenig später stand der Häcksler vollständig in Flammen. Das Feuer griff zudem auf einen angrenzenden Schuppen über, in dem unter anderem Dieselkraftstoff und Düngemittel gelagert waren. Die alarmierte Feuerwehr löschte den Brand. Während der Löscharbeiten war die Fahrbahn zeitweise voll gesperrt. Kriminaltechniker untersuchten den Brandort. Die Kriminalpolizei hat die weiteren Ermittlungen zur Brandursache aufgenommen.",https://polizei.brandenburg.de/pressemeldung/feldhaecksler-geriet-in-brand/5713387
Versuchter Betrug (Perleberg ),29.09.2026,"Perleberg, Prignitz","Bislang unbekannte Täter haben einem 52-Jährigen in einer E-Mail vorgeworfen, unter anderem Webseiten mit kinderpornografischen Inhalten und Gewaltdarstellungen besucht zu haben. Die Absender drohten, sämtliche Privatkontakte des Mannes per SMS über die vermeintlichen Onlineaktivitäten zu informieren, sollte die Zahlung eines dreistelligen Geldbetrages ausbleiben. Da der Mann die genannten Internetseiten nicht besucht hatte und den Betrug durchschaute, kam er der Forderung nicht nach und überwies kein Geld. Die Kriminalpolizei hat die Ermittlungen aufgenommen.",https://polizei.brandenburg.de/pressemeldung/versuchter-betrug/5713386
Mit dem Motorrad gestürzt (Pritzwalk ),28.09.2026,"Pritzwalk, Prignitz","Aus bisher unbekannter Ursache ist ein Motorradfahrer am Sonntag gegen 13:35 Uhr auf der Bundesstraße 107 zwischen Mesendorf und Pritzwalk ins Schlingern geraten und gestürzt. Der 21-Jährige wurde dabei leicht verletzt, Rettungskräfte brachten ihn zur Behandlung in ein Krankenhaus. Angehörige kümmerten sich um seine nicht mehr fahrbereite KTM, an der ein Schaden von rund 1.000 Euro entstand.",https://polizei.brandenburg.de/pressemeldung/mit-dem-motorrad-gestuerzt/5713276
Um dreistelligen Geldbetrag betrogen (Pirow),24.09.2026,"Pirow, Prignitz","Eine 63-Jährige wurde am Dienstagnachmittag gegen 15:30 Uhr beim Versuch, ihr Geld gewinnbringend anzulegen, um einen dreistelligen Geldbetrag betrogen. Die Frau war auf ihrem Telefon auf eine Werbung gestoßen, die mit der einfachen Vermehrung von Geld durch Wertanlagen warb. Nachdem sie ihre Kontaktdaten hinterlassen hatte, meldete sich eine unbekannte Frau bei ihr und bot eine angebliche Beratung zu Geldanlagen an. Die 63-Jährige folgte den Anweisungen und tätigte eine Einzahlung. Als sie später einen Betrug annahm und die Rückabwicklung der Zahlung verlangte, wurde dies verweigert. Jetzt ermittelt die Kriminalpolizei.",https://polizei.brandenburg.de/pressemeldung/um-dreistelligen-geldbetrag-betrogen/5713101
Fehler beim Abbiegen (Karstädt ),22.09.2026,"Karstädt, Prignitz","Schwere Verletzungen erlitt ein 22-jähriger Kradfahrer am Dienstagvormittag bei einem Verkehrsunfall auf der Postliner Straße. Gegen 10 Uhr wollte ein 65-jähriger Dacia-Fahrer in die Pestalozzistraße abbiegen. Dabei übersah er den entgegenkommenden Kradfahrer, woraufhin der 22-Jährige stürzte und das Kraftrad in weiterer Folge gegen eine Straßenreinigungsmaschine prallte. Der Kradfahrer wurde schwer verletzt und zur Behandlung in ein Krankenhaus gebracht. Das Kraftrad war nicht mehr fahrbereit, der entstandene Sachschaden wurde auf rund 11.000 Euro geschätzt.",https://polizei.brandenburg.de/pressemeldung/fehler-beim-abbiegen/5713047
Rotes Ampelsignal missachtet (Pritzwalk ),22.09.2026,"Pritzwalk, Prignitz","Als ein 14-jähriger Fahrradfahrer am Montagmorgen die Perleberger Straße bei für ihn grüner Ampel überquerte, ist er von einem Pkw Hyundai erfasst und dabei leicht verletzt worden.
Der 52-jährige Pkw-Fahrer hatte das für ihn geltende rote Signal der Ampelanlage missachtet und den querenden Radfahrer offenbar übersehen. Durch den Zusammenstoß kam der 14-Jährige zu Fall und wurde dabei leicht verletzt. Eine medizinische Versorgung war nicht notwendig, der entstandene Sachschaden beträgt etwa 600 Euro.",https://polizei.brandenburg.de/pressemeldung/rotes-ampelsignal-missachtet/5712946
Wurzelbereich in Flammen (Wittenberge ),22.09.2026,"Wittenberge, Prignitz","In der Elbstraße ist am Montagvormittag der Fuß einer alten Weide in Brand geraten. Gegen 10:30 Uhr wurde das Feuer gemeldet, die Feuerwehr konnte die Flammen schnell löschen.
Die Höhe des entstandenen Schadens ist unbekannt, es wird davon ausgegangen, dass der Baum den Brand überstehen wird.",https://polizei.brandenburg.de/pressemeldung/wurzelbereich-in-flammen/5712936
Brandursache ermittelt (Pritzwalk ),22.09.2026,"Pritzwalk, Prignitz","Das Feuer in einer Garage an der Straße Zur Hainholzmühle ist auf Brandstiftung zurückzuführen. Das ist das Ergebnis der kriminaltechnischen Untersuchung, bei der entsprechende Spuren gefunden wurden. Bei dem Feuer war am Sonntagabend ein Schaden von rund 10.000 Euro entstanden. Die Kriminalpolizei ermittelt weiter.",https://polizei.brandenburg.de/pressemeldung/brandursache-ermittelt/5712935
Garage in Flammen (Pritzwalk ),21.09.2026,"Pritzwalk, Prignitz","Zu einem Brand einer Garage in einem Garagenkomplex an der Straße Zur Hainholzmühle sind Einsatzkräfte von Polizei und Feuerwehr am Sonntagabend gegen 18:30 Uhr gerufen worden. Ein in der Garage stehender Pkw brannte vollständig aus, Verletzte gab es nach ersten Erkenntnissen nicht. Die Brandursache ist derzeit noch ungeklärt, Kriminaltechniker wurden beauftragt, den Brandort zu untersuchen. Der Sachschaden wird auf etwa 10.000 Euro geschätzt.",https://polizei.brandenburg.de/pressemeldung/garage-in-flammen/5712817
Vorfahrt missachtet (Plattenburg ),18.09.2026,"Plattenburg, Prignitz","Beim Abbiegen von der Ortsverbindungsstraße nach Groß Leppin auf die Bundesstraße 107 hat der 44-jährige Fahrer eines Pkw BMW am Donnerstag gegen 15:30 Uhr die Vorfahrt einer 56-Jährigen missachtet, sodass es zum Zusammenstoß kam. Die Seat-Fahrerin wurde dabei leicht verletzt, Rettungskräfte brachten sie zur Behandlung ins Krankenhaus. Beide Fahrzeuge waren nicht mehr fahrbereit und mussten abgeschleppt werden. Der entstandene Sachschaden beläuft sich auf etwa 10.000 Euro. Für die Dauer der Verkehrsunfallaufnahme musste die Straße an der Unfallstelle halbseitig gesperrt werden.",https://polizei.brandenburg.de/pressemeldung/vorfahrt-missachtet/5712739
Erpressungsversuch über soziale Medien (Bad Wilsnack),17.09.2026,"Bad Wilsnack, Prignitz","Am 16. September 2026 hat ein Minderjähriger bei der Polizei eine versuchte Erpressung mit intimen Bildern angezeigt. Er war über soziale Medien von einer bislang unbekannten Person kontaktiert worden, im weiteren Verlauf kam es zum Austausch privater Bildaufnahmen. Anschließend forderte der Unbekannte die Übersendung von Guthabenkarten und drohte mit der Veröffentlichung der Aufnahmen im persönlichen Umfeld des Jugendlichen. Dieser Forderung kam der Minderjährige nicht nach, sondern wandte sich an die Polizei. Die Ermittlungen der Kriminalpolizei dauern an.",https://polizei.brandenburg.de/pressemeldung/erpressungsversuch-ueber-soziale-medien/5712661
Feldhäcksler landet im Graben                      (Plattenburg),16.09.2026,"Plattenburg, Prignitz","Bei einem Verkehrsunfall auf der Kreisstraße 7010 zwischen Garz und Lindenberg ist am Dienstagvormittag ein 23-jähriger Fahrer eines Feldhäckslers leicht verletzt worden. Der Mann kam aus bislang ungeklärter Ursache von der Fahrbahn ab und fuhr mit dem Fahrzeug in einen Graben. Er wurde mit leichten Verletzungen in ein Krankenhaus gebracht. Der Feldhäcksler war nach dem Unfall nicht mehr fahrbereit, der entstandene Sachschaden wird auf rund 50.000 Euro geschätzt.",https://polizei.brandenburg.de/pressemeldung/feldhaecksler-landet-im-graben-/5712596
Strohmiete entzündet (Pritzwalk),16.09.2026,"Pritzwalk, Prignitz","In der Nacht zum
16.09.2026 ist gegen 03:15 Uhr auf einem Feld im Pritzwalker Ortsteil Streckenthin eine Strohmiete in Brand geraten. Nach ersten Erkenntnissen bestehen keine Anhaltspunkte für eine witterungsbedingte Selbstentzündung, sodass wegen des Verdachts der Brandstiftung ermittelt wird.
Der entstandene Sachschaden beläuft sich auf mehrere tausend Euro. Die Kriminalpolizei hat die Ermittlungen zur Brandursache übernommen.",https://polizei.brandenburg.de/pressemeldung/strohmiete-entzuendet/5712592
Anlagebetrug (Gumtow),16.09.2026,"Gumtow, Prignitz",Eine 79-jährige Frau hat durch eine betrügerische Geldanlage einen finanziellen Schaden von mehreren tausend Euro erlitten. Die Frau war im Internet auf eine Werbeanzeige aufmerksam geworden und nach erfolgreicher Anmeldung von einem vermeintlichen Finanzberater kontaktiert worden. Im Anschluss überwies sie insgesamt mehrere tausend Euro auf verschiedene Konten. Zudem installierte sie auf Wunsch des angeblichen Finanzberaters eine App und übermittelte persönliche Daten. Eine Auszahlung oder einen Gewinn erhielt die 79-Jährige bislang nicht.,https://polizei.brandenburg.de/pressemeldung/anlagebetrug/5712591
"Verkehrsunfall mit drei Beteiligten
  (Karstädt)",15.09.2026,"Karstädt, Prignitz","Bei einem Verkehrsunfall auf der Bundesstraße 5 ist eine 26-jährige Frau am Montagmorgen leicht verletzt worden. Nach bisherigen Erkenntnissen befuhr ein Traktor die B5 und verringerte seine Geschwindigkeit, um nach rechts auf einen Seitenstreifen abzubiegen und dort Mäharbeiten am Grünstreifen durchzuführen. Die 26-Jährige, die mit ihrem Pkw Hyundai hinter dem Traktor fuhr, hielt zunächst hinter dem Mähfahrzeug an. Kurz darauf setzte sie zum Überholen an und wechselte auf die Gegenfahrbahn, wobei sie einen 62-jährigen Lkw-Fahrer offenbar übersah, der sich bereits im Überholvorgang befand. In der Folge kam es zum Zusammenstoß der drei Fahrzeuge. Die Hyundai-Fahrerin wurde bei dem Unfall leicht verletzt und zur Behandlung in ein Krankenhaus gebracht. Ihr Pkw musste durch ein Abschleppunternehmen geborgen werden.",https://polizei.brandenburg.de/pressemeldung/verkehrsunfall-mit-drei-beteiligten-/5712513
Verdacht auf Raubdelikt (Bernau b. Berlin ),06.10.2026,"Bernau b. Berlin, Barnim","Am frühen Morgen des 06.10.2026 wandten sich Rettungskräfte an die Polizei, nachdem sie in der Karl-Marx-Straße/Ecke Am Mahlbusen auf einen verletzten und alkoholisierten Mann gestoßen waren.
Nach ersten Erkenntnissen erhielt der 21-Jährige zuvor von einem mutmaßlichen Jugendlichen unvermittelt einen Faustschlag ins Gesicht. Der Schläger hätte sich mit mehreren anderen jungen Leuten dem Geschädigten genähert, dem keine der ihm entgegentretenden Personen bekannt gewesen sei. Anschließend wären ihm sein Mobiltelefon sowie seine Geldkarte und sein Personalausweis abgenommen worden. Was genau geschah und wer der Schläger und seine Kumpels gewesen sind, ermitteln nun Kriminalisten der Inspektion Barnim.",https://polizei.brandenburg.de/pressemeldung/verdacht-auf-raubdelikt/5713918
Falsche Polizisten machten Kasse (Schorfheide),06.10.2026,"Schorfheide, Barnim","Am Abend des 05.10.2026 wurde der Polizei ein Geschehen bekannt, welches sich im Tagesverlauf abgespielt hatte und eine Rentnerin um einen größeren Geldbetrag brachte.
Die hochbetagte Dame bekam gleich drei Anrufe von angeblichen Polizeibeamten, welche ihr die Geschichte von den gefassten Einbrechern auftischten, bei denen man Zettel mit den Anschriften potenzieller Opfer gefunden habe. Und auch der Name der Rentnerin hätte darauf gestanden. Die Polizei könne ihr bei der Sicherung ihrer Wertsachen und eventuell vorhandenen Bargeldes helfen. Dazu müsse sie das Ganze aber an „Kollegen“ übergeben, die sich extra zu ihr bemühen würden…
Tatsächlich erschienen zwei Männer in wohl täuschend echt aussehenden Uniformen bei der Frau, die ihr auch noch angebliche Dienstausweise präsentiert haben sollen. Derart überzeugt von der Richtigkeit der Angaben übergab sie dem Duo rund 20.000 Euro.
Hier noch einmal einige wichtige Hinweise für den Umgang mit derartigen Drucksituationen:
Auflegen:
Beenden Sie das Gespräch sofort. Die Polizei fordert nämlich niemals Geld oder Wertsachen am Telefon und verwahrt das Ganze auch nicht für Sie!
Prüfen:
Rufen Sie eine vertraute Person an.
Stopp:
Geben Sie niemals Geld oder Wertsachen an Unbekannte.
Im Notfall:
Rufen Sie die Polizei unter der
110
an.
Wenn Sie diese Tipps beachten, schaffen es Betrüger erst gar nicht bis zu Ihrer Wohnungstür! Und somit nutzt denen dann auch ihre scheinbar amtliche Maskerade nichts.
So denn Ganoven einmal nicht den Weg über ein vorheriges Telefonat suchen sollten und mit zusammengeschusterten Uniformteilen und gefakten Dienstausweisen direkt vor Ihrer Tür stehen, dann lassen Sie diese Personen nicht einfach in die Wohnung! Geben Sie zu verstehen, erst einmal bei der Polizei (entweder unter der
110
oder direkt in der zuständigen Inspektion) anrufen zu wollen. Dort kennt man die Einsätze aller Kolleginnen und Kollegen und kann unter Umständen sofort zu Ihrer Hilfe eilen.",https://polizei.brandenburg.de/pressemeldung/falsche-polizisten-machten-kasse/5713917
Ermittlungen laufen (Ahrensfelde OT Eiche ),04.10.2026,"Ahrensfelde OT Eiche, Barnim","Am Morgen des 03.10.2026 wollten Polizisten in der Landsberger Chaussee einen VW Golf zu einer Kontrolle anhalten. Die Beamten mussten jedoch erleben, wie der Fahrer sämtliche Anhalteaufforderungen ignorierte und aus dem Wagenfenster ein Beutel geworfen wurde. Erst danach stoppte der 21-jährige Berliner das Auto. In dem Beutel hatten sich mutmaßliche Betäubungsmittel befunden. Der junge Mann und sein 16 Jahre alten Beifahrer sind daraufhin genauer unter die Lupe genommen worden, was größere Bargeldmengen und weitere Betäubungsmittel sowie ein Messer ans Licht beförderte. Das Ganze begründete den Verdacht auf Drogenhandel. Nun folgte mit richterlichem Beschluss die Durchsuchung der Wohnräume der Delinquenten. Dabei fanden sich noch mehr Betäubungsmittel und Gegenstände, die aus einem Einbruch im südlichen Berliner Umland stammten. Aber auch scharfe Munition hatten die Herren gebunkert. Was es mit dem Ganzen auf sich hat, ermitteln nun Kriminalisten der Inspektion Barnim. In dem Verfahren wird zudem dem Vorwurf des Fahrens ohne Fahrerlaubnis nachgegangen. Dieses Dokument besaß der 21-Jährige nämlich gar nicht.",https://polizei.brandenburg.de/pressemeldung/ermittlungen-laufen/5713873
Vereinshaus von Einbrechern heimgesucht (Schorfheide),02.10.2026,"Schorfheide, Barnim","Wie der Polizei am 01.10.2026 angezeigt wurde, sind Einbrecher in das Vereinsheim eines Sportclubs in der Straße Am Sportplatz eingedrungen. Im Objekt haben die Täter das Mobiliar durchwühlt und schließlich Bargeld mit sich genommen. Wer diejenigen waren, ermitteln nun Kriminalisten der Inspektion Barnim.",https://polizei.brandenburg.de/pressemeldung/vereinshaus-von-einbrechern-heimgesucht/5713646
Schon gesucht worden (Eberswalde),02.10.2026,"Eberswalde, Barnim","Am Nachmittag des 01.10.2026 wandte sich eine aufmerksame Zeugin an die Polizei, nachdem sie in der Werbelliner Straße einen offensichtlich hilflosen Mann entdeckt hatte. Der Ukrainer schien gesundheitliche Probleme zu haben, wollte sich jedoch nicht helfen lassen. Als Polizisten sich dann seiner annahmen, stellten sie fest, dass nach dem 68-Jährigen bereits gesucht wurde. Hatte die Staatsanwaltschaft Frankfurt (Oder) ihn doch zur Festnahme ausgeschrieben. Da der Delinquent die ersatzweise ausgesprochene Geldstrafe nicht zahlen konnte, wird er nun seine Haft auch antreten müssen.",https://polizei.brandenburg.de/pressemeldung/schon-gesucht-worden/5713645
Ermittlungen eingeleitet (Parstein ),01.10.2026,"Parstein, Barnim","Am Vormittag des 01.10.2026 meldete sich ein Zeuge bei der Polizei, nachdem er in einem Graben kurz vor Pehlitz einen VW Passat entdeckt hatte. Offensichtlich war das Auto in einen Verkehrsunfall verwickelt gewesen. Diverse Beschädigungen kündeten jedenfalls davon. Vom Fahrer oder etwaig weiteren Insassen fehlte indes jede Spur.
Die Ermittlungen führten schließlich zu einem 19-Jährigen Barnimer, der in jüngerer Vergangenheit bereits mit Verkehrsdelikten auffällig geworden war. Ihm wird nun Verkehrsunfallflucht vorgeworfen.",https://polizei.brandenburg.de/pressemeldung/ermittlungen-eingeleitet/5713583
Kradfahrer erleidet bei Verkehrsunfall schwere Verletzungen (L23),01.10.2026,"L23, Barnim","Am Nachmittag des 30.09.2026 wurde der Polizei ein Verkehrsunfall gemeldet. Demnach hatte auf der L23, zwischen Joachimsthal und Golzow, ein junger Mann die Kontrolle über seine Aprilia verloren und war damit in den Gegenverkehr geraten. Dort stieß die Maschine mit einem Mitsubishi Space Star zusammen. Der 25-Jährige erlitt dabei schwere Verletzungen und musste von Rettungskräften in ein Krankenhaus gebracht werden. Die Kriminalpolizei schaut sich das Ganze nun noch einmal sehr genau an.",https://polizei.brandenburg.de/pressemeldung/kradfahrer-erleidet-bei-verkehrsunfall-s/5713582
Rauchgasvergiftung erlitten (Bernau b. Berlin ),01.10.2026,"Bernau b. Berlin, Barnim","Am Nachmittag des 30.09.2026 ertönte aus einer Wohnung in der Ladeburger Chaussee der Alarmton des Rauchmelders. Wie sich herausstellte, hatte ein Teppich Feuer gefangen und der Qualm sich bereits im betroffenen Mehrfamilienhaus ausgebreitet. Dadurch erlitten drei Mieter leichte Verletzungen. Sie alle kamen mit Verdacht auf Rauchgasintoxikation in ein Krankenhaus.
Wie es zu dem Geschehen hatte kommen können, ermittelt nun die Kriminalpolizei.",https://polizei.brandenburg.de/pressemeldung/rauchgasvergiftung-erlitten/5713580
Und dazu noch Widerstand geleistet (Werneuchen),01.10.2026,"Werneuchen, Barnim","Am frühen Morgen des 01.10.2026 wollten sich Polizisten einen Mann einmal etwas näher besehen, der mit einem Elektroroller durch die Alte Hirschfelder Straße gefahren war. Da der 32-Jährige im Gespräch Alkoholgeruch verströmte, kam ein entsprechendes Messgerät zum Einsatz. Das zeigte einen Wert von 1,94 Promille an. Damit war die Fahrt dann auch beendet. Doch erwachte nun plötzlich der Widerstandsgeist in dem Delinquenten. Der deutsche Staatsbürger schlug um sich und versuchte zu fliehen. Selbst in Handfesseln tobte er seine Wut noch am Streifenwagen aus. Letztlich beruhigte er sich zwar, sieht jedoch trotzdem einem Ermittlungsverfahren wegen Widerstandes gegen Vollstreckungsbeamte entgegen. Die Trunkenheitsfahrt fällt dadurch natürlich nicht weg und wird ebenfalls geahndet.",https://polizei.brandenburg.de/pressemeldung/und-dazu-noch-widerstand-geleistet/5713579
Keller heimgesucht (Bernau bei Berlin),30.09.2026,"Bernau bei Berlin, Barnim","Kriminelle drangen gewaltsam in die Kellerverschläge eines Mehrfamilienhauses Am Mahlbusen und brachten sich schließlich in den Besitz von Angelbedarf sowie Reinigungsmitteln. Der entstandene Schaden wird auf 3.200 Euro geschätzt. Die Polizei nahm hierzu am 29.09.2026 Strafanzeige auf, die nun durch die Kripo bearbeitet wird.",https://polizei.brandenburg.de/pressemeldung/keller-heimgesucht/5713546
Kind vom PKW erfasst (Eberswalde),30.09.2026,"Eberswalde, Barnim","Einsatzkräfte von Feuerwehr, Rettungsdienst und Polizei eilten am 29.09.2026 gegen 13:20 Uhr auf die L200 zwischen Eberswalde und Sandkrug. Dort hielt zunächst ein Linienbus, aus dem ein 4-Jähriger mit seinem Vater ausstieg. Die beiden sollen sich hinter dem Bus zum Überqueren der Fahrbahn bereitgehalten haben, als plötzlich der Junge auf die Straße lief und hierbei von einem Pkw erfasst wurde und Verletzungen erlitt. Ein Rettungshubschrauber brachte den Jungen in ein Krankenhaus. In Abstimmung mit der Staatsanwaltschaft kam ein Sachverständiger bei der Verkehrsunfallaufnahme zum Einsatz. Die Unfallstelle war für ca. eine Stunde vollgesperrt. Nun ermittelt die Kriminalpolizei zu dem konkreten Ablauf.",https://polizei.brandenburg.de/pressemeldung/kind-vom-pkw-erfasst/5713545
Kleintransporter aufgeschnitten (Panketal),30.09.2026,"Panketal, Barnim",Unbekannte verursachten schätzungsweise 5.000 Euro Schaden beim Zerschneiden einer Schiebetür eines Transporters der Marke Hyundai. In das Innere sind die Täter offensichtlich nicht gelangt. Die Polizei protokollierte die Schäden am 29.09.2026 und leitete ein Strafverfahren wegen des Verdachts des besonders schweren Falls des Diebstahls ein.,https://polizei.brandenburg.de/pressemeldung/kleintransporter-aufgeschnitten/5713544
In Wohnhaus eingebrochen (Ahrensfelde),30.09.2026,"Ahrensfelde, Barnim","In der Freiligrathstraße drangen Unbekannte durch Aufhebeln eines Fensters in das Innere eines Gebäudes und durchwühlten die Inneneinrichtung. Ob dabei etwas gestohlen wurde, ist bisher unbekannt. Die Polizei nahm hierzu am 29.09.2026 eine Strafanzeige auf. Kriminaltechniker sicherten am Einsatzort Spuren. Nun befasst sich die Kriminalpolizei mit dem Sachverhalt.",https://polizei.brandenburg.de/pressemeldung/in-wohnhaus-eingebrochen/5713543
Mit defektem Abblendlicht… (Ahrensfelde ),28.09.2026,"Ahrensfelde, Barnim","… fiel ein Peugeot 206 am 29.09.2026 gegen 01:20 Uhr in der Landsberger Chaussee auf. Eine Streife kontrollierte den Wagen und stellte dabei Hinweise fest, die bei dem 21-Jährigen am Steuer des Wagens auf einen Betäubungsmittelkonsum deuteten. Außerdem brachte die Kontrolle im Fahrzeug deponierte Betäubungsmittel sowie eine nicht unerhebliche Menge Bargeld zum Vorschein. Die Beamten nahmen den 21-Jährigen vorläufig fest, ordneten die Entnahme einer Blutprobe an und stellten diverse Beweismittel sicher. Nun befasst sich die Kriminalpolizei mit dem Geschehen.",https://polizei.brandenburg.de/pressemeldung/mit-defektem-abblendlicht-/5713426
Täter mit Kennerblick (Eberswalde ),28.09.2026,"Eberswalde, Barnim","Im Schutz der Dunkelheit schlug am 28.09.2026 gegen 02:00 Uhr ein Krimineller die Seitenscheibe der Beifahrertür eines in der Uckermarkstraße abgestellten Pkws ein. Im Inneren befand sich ein Samsung Galaxy S26 Ultra, das aktuelle Topmodell des Smartphoneherstellers, dass der Täter an sich nahm. Die Polizei sicherte Beweismittel und leitete ein Strafverfahren ein.",https://polizei.brandenburg.de/pressemeldung/taeter-mit-kennerblick/5713425
In Container eingebrochen (Bernau bei Berlin ),28.09.2026,"Bernau bei Berlin, Barnim",Im Laufe des vergangenen Wochenendes verschafften sich Kriminelle auf einem Firmengelände in der Potsdamer Straße Zugang zu einem Baucontainer. Dort haben die Täter diverse Gegenstände mitgenommen und schätzungsweise 10.000 Euro Schaden hinterlassen. Nun ermittelt die Kriminalpolizei.,https://polizei.brandenburg.de/pressemeldung/in-container-eingebrochen/5713423
Offensichtlich Fälschung vorgelegt (Eberswalde),28.09.2026,"Eberswalde, Barnim","Am frühen Morgen des 28.09.2026 besahen sich Polizisten einen Mann und dessen VW Passat einmal etwas näher. Sie hatten das Fahrzeug im Brandenburgischen Viertel ausgemacht und sich zu einer Kontrolle entschlossen. Und ihr kriminalistischer Spürsinn hatte sie nicht getrogen! Der 24-Jährige zeigte ihnen nämlich einen Führerschein vor, der bereits erster Begutachtung auf Fälschungsmerkmale nicht standhielt. Das angebliche Dokument wurde sichergestellt und der Delinquent musste sich eine Mitfahrgelegenheit suchen. Zudem ist ein Ermittlungsverfahren eingeleitet worden.",https://polizei.brandenburg.de/pressemeldung/offensichtlich-faelschung-vorgelegt/5713340
Kabel von Ladesäulen gestohlen (Eberswalde ),28.09.2026,"Eberswalde, Barnim","Am frühen Morgen des 28.09.2026 bemerkten Zeugen, dass von mehreren Ladesäulen für E-Fahrzeuge in der Eberswalder Straße und der Angermünder Straße die Kabel abgeschnitten worden waren. Der so entstandene Sachschaden wird auf ca. 3.000 Euro geschätzt. Wer sich da betätigte, ermittelt nun die Kriminalpolizei.",https://polizei.brandenburg.de/pressemeldung/kabel-von-ladesaeulen-gestohlen/5713339
Mutmaßliche Diebe sogar noch gesehen (Eberswalde ),28.09.2026,"Eberswalde, Barnim","Am Nachmittag des 27.09.2026 wurde der Polizei der Diebstahl eines Lastenfahrrades zur Anzeige gebracht. Die Geschädigte hatte ihr Gefährt gegen 11:00 Uhr in der Nähe des Zoos Am Wasserfall abgestellt und wollte es rund zwei Stunden später wieder nutzen. Da war das Rad jedoch verschwunden.
Ersten Ermittlungen zufolge bemerkte ein Zeuge zwei Personen mit dem Fahrrad in der Rudolf-Breitscheid-Straße. Während ein Mann in die Pedale trat, soll eine Frau auf dem Gepäckträger gesessen haben. Die Ermittlungen in der Sache dauern an.",https://polizei.brandenburg.de/pressemeldung/mutmassliche-diebe-sogar-noch-gesehen/5713338
Oldtimer gestohlen (Schorfheide ),28.09.2026,"Schorfheide, Barnim","Am frühen Morgen des 28.09.2026 wurde der Polizei der Diebstahl eines Ford Lincoln Continental gemeldet. Das Fahrzeug ist demnach am Vortag in der Forstsiedlung in Eichhorst abgestellt worden. Als der Geschädigte es Stunden später wieder nutzen wollte, war der Oldtimer verschwunden. Was es mit der Sache auf sich hat, ermittelt nun die Kriminalpolizei.",https://polizei.brandenburg.de/pressemeldung/oldtimer-gestohlen/5713337
Einbruchsdiebstähle angezeigt (Ahrensfelde ),28.09.2026,"Ahrensfelde, Barnim","Am 27.09.2026 wurden der Polizei gleich zwei Einbrüche in Einfamilienhäuser zur Anzeige gebracht.
Beide Tatgeschehen ereigneten sich in der Straße Klarahöh, wo jeweils Fenster aufgebrochen worden sind. Ob den Eindringlingen aber auch etwas in die Hände fiel, war bei der Anzeigenaufnahme noch nicht auszumachen gewesen.",https://polizei.brandenburg.de/pressemeldung/einbruchsdiebstaehle-angezeigt/5713335
Bei Verkehrsunfall schwere Verletzungen davongetragen (Werneuchen ),25.09.2026,"Werneuchen, Barnim","Am 24.09.2026 wurden Rettungskräfte, Feuerwehr und Polizei gegen 19:20 Uhr zur B158 gerufen. Kurz zuvor waren dort ein BMW und ein Mercedes Sprinter zusammengestoßen. Dabei erlitten sowohl der 23-jährige Fahrer des BMW als auch der 48 Jahre alte Fahrer des Kleintransporters schwere Verletzungen. Rettungshubschrauber flogen beide Männer in umliegende Krankenhäuser aus, wo sie derzeit noch immer behandelt werden. Nach ersten Erkenntnissen könnte bei dem Jüngeren der beiden Beteiligten Alkohol im Spiel gewesen sein. Dies wird nun überprüft. Der entstandene Sachschaden beläuft sich auf eine Schätzsumme von 40.000 Euro.",https://polizei.brandenburg.de/pressemeldung/bei-verkehrsunfall-schwere-verletzungen-/5713228
"Eindringlinge stehlen Bargeld und Schmuck (Liepe, Hohenfinow und Stolzenhagen )",25.09.2026,"Liepe, Hohenfinow und Stolzenhagen, Barnim","Am 24.09.2026 wurden der Polizei Diebstähle bekannt, bei denen die Täter anschließend erst einmal allesamt entkommen konnten.
In Liepe und Hohenfinow waren die Eindringlinge durch Hintertüren in die betroffenen Wohnhäuser gelangt und hatten sich in den Räumen umgetan. Mit mehreren Portemonnaies verschwanden sie anschließend wieder. In den Börsen hatten sich Bargeld und persönliche Papiere der Geschädigten befunden.
In Stolzenhagen kamen die noch Unbekannten ebenfalls durch die Hintertür ins Haus, wo sie Schmuck zusammenrafften und damit das Weite suchten.
Wer sich da betätigte, ermittelt nun die Kriminalpolizei.",https://polizei.brandenburg.de/pressemeldung/eindringlinge-stehlen-bargeld-und-schmuc/5713227
Erste Untersuchungsergebnisse liegen vor (Eberswalde ),25.09.2026,"Eberswalde, Barnim","Nachdem am Nachmittag des 17.09.2026 ein Zeuge in einem Waldstück an der Bernauer Heerstraße eine leblose Person entdeckt hatte, sind umgehend Ermittlungen zur Identität und zur Todesursache der aufgefundenen Frau angelaufen. Nun liegen erste Ergebnisse vor. Demnach handelt es sich um eine 26-jährige chinesische Staatsbürgerin, die zuletzt in Berlin lebte. Es konnten keine Hinweise auf eine Gewalteinwirkung gefunden werden. Wie genau sie zu Tode kam, müssen weitere Untersuchungen klären.",https://polizei.brandenburg.de/pressemeldung/erste-untersuchungsergebnisse-liegen-vor/5713226
Einbruch (Bernau bei Berlin ),24.09.2026,"Bernau bei Berlin, Barnim",Unbekannte schlugen die Scheibe der Eingangstür eines Betriebes in der Schwanebecker Straße ein. Im Inneren nahmen sie Bargeld an sich und hinterließen insgesamt einen Schätzschaden von 1.000 Euro. Die Polizei leitete hierzu ein Strafverfahren ein.,https://polizei.brandenburg.de/pressemeldung/einbruch/5713151
Verkehrsunfall forderte zwei Verletzte (Frankfurt (Oder) ),06.10.2026,"Frankfurt (Oder), Frankfurt (Oder)",Am Nachmittag des 05.10.2026 war ein 58-jähriger Mann mit seinem BMW auf der B87 in Richtung Markendorf unterwegs. Auf Höhe der Autobahnüberführung zur BAB 12 geriet der Wagen aus noch ungeklärter Ursache auf die Gegenfahrbahn und prallte dort mit einem Mercedes und einem Opel Movano zusammen. Die 52-jährige Mercedesfahrerin und der 26 Jahre alte Fahrer des Opels erlitten dabei leichte Verletzungen. Der entstandene Sachschaden wird auf 35.000 Euro geschätzt. Für die Verkehrsunfallaufnahme musste die B87 von ca. 14 Uhr für rund 30 Minuten voll gesperrt werden. Anschließend erfolgte eine Verkehrsregulierung über eine Spur.,https://polizei.brandenburg.de/pressemeldung/verkehrsunfall-forderte-zwei-verletzte/5713925
Eier gegen Wohnhaus geworfen (Frankfurt (Oder) ),04.10.2026,"Frankfurt (Oder), Frankfurt (Oder)","Wie der Polizei am späten Abend des 03.10.2026 angezeigt wurde, haben noch Unbekannte mehrere Eier gegen ein Wohnhaus im Süden der Oderstadt geworfen. Dabei ist die Fassade des Gebäudes in Mitleidenschaft gezogen worden. Wer sich da betätigte und welche Motivation diejenigen hatten, ermittelt nun die Kriminalpolizei.",https://polizei.brandenburg.de/pressemeldung/eier-gegen-wohnhaus-geworfen/5713843
Die Polizei bittet um Mithilfe  (Frankfurt (Oder) ),04.10.2026,"Frankfurt (Oder), Frankfurt (Oder)","Die Kriminalpolizei ermittelt seit dem Sommer vergangenen Jahres zu einem Diebstahl, welcher sich in einem Elektrofachmarkt im Spitzkrugring zutrug. Zwei noch Unbekannte waren dort erschienen und hatten mehrere Smartphones sowie Kopfhörer eingesteckt und mit sich genommen. Dem Unternehmen entstand so ein materieller Schaden von mehreren Tausend Euro.
Von einem der beiden Diebe liegt ein Foto einer Überwachungskamera vor. Trotzdem ist es bislang nicht gelungen, den Gesuchten und seinen Komplizen auch namentlich bekannt zu machen.
Bei dem Abgebildeten handelt es sich um einen Mann von 25 bis 35 Jahren. Er ist ca. 175 bis 180 cm groß und von schlanker Statur. Zum Tatzeitpunkt Ende August 2025 trug er seine dunklen Haare kurz geschnitten und hatte eine Brille (möglicherweise eine Sonnenbrille) auf dem Kopf.
Die Ermittler wenden sich nun an die Bevölkerung.
Wer kennt diesen Mann und kann möglicherweise auch Auskunft zu dessen Aufenthaltsort geben?
Ihre sachkundigen Hinweise werden in der zuständigen Inspektion Oder-Spree/Frankfurt (Oder) unter der Rufnummer
03361-5680
oder direkt im Revier Frankfurt (Oder) sehr gern entgegengenommen. Selbstverständlich können Sie sich auch an jede andere Polizeidienststelle wenden.",https://polizei.brandenburg.de/fahndung/die-polizei-bittet-um-mithilfe-/5713841
Eine Sache für den Polizeilichen Staatschutz (Frankfurt (Oder) ),02.10.2026,"Frankfurt (Oder), Frankfurt (Oder)","Am Nachmittag des 01.10.2026 fielen in der Heilbronner Straße zwei Männer auf, die Naziparolen riefen und antisemitische und volksverhetzende Äußerungen tätigten. Als Passanten sie daraufhin ansprachen, flüchtete das Duo in eine Straßenbahn und verschwand damit. Doch konnten alarmierte Polizisten ihrer in der Cottbuser Straße habhaft werden. Sie erwiesen sich als bereits bekannte Deutsche im Alter von 39 sowie 45 Jahren. Beide hatten Atemalkoholwerte von 2,48 und 2,84 Promille aufzuweisen. Der Polizeiliche Staatsschutz der Direktion Ost befasst sich nun mit ihnen.",https://polizei.brandenburg.de/pressemeldung/eine-sache-fuer-den-polizeilichen-staats/5713649
Ein Fall für den Polizeilichen Staatsschutz (Frankfurt (Oder) ),01.10.2026,"Frankfurt (Oder), Frankfurt (Oder)","Wie der Polizei am Morgen des 30.09.2026 angezeigt wurde, haben noch Unbekannte antisemitische Schriftzüge großflächig an die Scheiben einer Bushaltestelle in der Johann-Eichorn-Straße geschmiert. Wer sich da betätigte, ermittelt nun die Polizeiliche Staatsschutz der Direktion Ost.",https://polizei.brandenburg.de/pressemeldung/ein-fall-fuer-den-polizeilichen-staatssc/5713589
Wenn nichts mehr geht (Frankfurt (Oder)),30.09.2026,"Frankfurt (Oder), Frankfurt (Oder)","Gegen 17:00 Uhr meldeten Zeugen einen Volltrunkenen in der Heilbronner Straße an der Skaterbahn. Polizisten besahen sich den Mann etwas näher. Ein Atemalkoholtest brachte 3,3 Promille auf das Display. Seinen Weg konnte der Mann nicht mehr gefahrenfrei fortsetzen. Die Beamten nahmen den Mann auf eine Polizeidienststelle zur Ausnüchterung.",https://polizei.brandenburg.de/pressemeldung/wenn-nichts-mehr-geht/5713554
Radler angehalten (Frankfurt (Oder)),30.09.2026,"Frankfurt (Oder), Frankfurt (Oder)","Gegen 01:05 Uhr kontrollierte eine Streife am 30.09.2026 in der Großen Müllroser Straße einen Fahrradfahrer. Der 36-Jährige schien nicht recht nüchtern, was ein Atemalkoholtest mit einem Ergebnis von 1,82 Promille untermauerte. Die Beamten untersagten dem Mann die Weiterfahrt und ordneten die Entnahme einer Blutprobe an. Künftig wird sich der 36-Jährige bei der Kriminalpolizei zu verantworten haben.",https://polizei.brandenburg.de/pressemeldung/radler-angehalten/5713552
Blaulicht… (Frankfurt (Oder)),30.09.2026,"Frankfurt (Oder), Frankfurt (Oder)","… erhellte die Nacht in der Leipziger Straße im Tageswechsel auf den 30.09.2026. Höhe der Hausnummer 189 geriet ein Sperrmüllhaufen offensichtlich durch fremdes Zutun in Brand. Die Auswirkungen des Feuers zogen die Fassade des angrenzenden Mehrfamilienhauses in Mitleidenschaft und verursachten Sachschaden. Zeugen verständigten die Feuerwehr und begannen mit ersten Löschversuchen, die die Kameraden der Feuerwehr erfolgreich finalisierten. In Höhe der Hausnummer 181 bemerkten die Einsatzkräfte eine Matratze, die kurz zuvor gebrannt haben muss. Die Polizei leitete ein Strafverfahren zur Brandursachenerforschung ein. Verletzt wurde glücklicherweise niemand.",https://polizei.brandenburg.de/pressemeldung/blaulicht-/5713551
Nicht nur elektrisiert unterwegs…,28.09.2026,Frankfurt (Oder),"… war der Fahrer eines E-Scooters in der Karl-Marx-Straße. Beamte kontrollierten den 43-Jährigen am 28.09.2026 gegen 22:20 Uhr und ließen den Fahrer einen Atemalkoholtest absolvieren, der immerhin 1,76 Promille auf das Display brachte. Die Beamten stellten den Führerschein des Mannes sicher, untersagten die Weiterfahrt und ordneten die Entnahme einer Blutprobe durch einen Arzt an. Künftig wird sich die Kriminalpolizei mit der Auswertung des Ergebnisses der Blutprobe beschäftigen.",https://polizei.brandenburg.de/pressemeldung/nicht-nur-elektrisiert-unterwegs-/5713447
Verkehrskontrolle,28.09.2026,Frankfurt (Oder),"Eine Streife kontrollierte am 28.08.2026 gegen 17:25 Uhr in der Johann-Eichorn-Straße den Fahrer eines Pkw Peugeot. Im Rahmen der Kontrolle bemerkten die Beamten Ausfallerscheinungen, die auf den Konsum von Betäubungsmitteln schließen lassen. Der 43-Jährige zeigte sich geständig und hatte eine Blutprobe durch einen Arzt nehmen zu lassen. Die Weiterfahrt untersagten die Beamten ihm. Künftig wird er sich postalisch mit der Zentralen Bußgeldstelle Gransee auseinandersetzen müssen.",https://polizei.brandenburg.de/pressemeldung/verkehrskontrolle/5713446
Der Wohnung verwiesen,28.09.2026,Frankfurt (Oder),"Am Nachmittag des 27.09.2026 kam es in einer Wohnung im Juri-Gagarin-Ring zu einem zunächst noch verbal ausgefochtenen Streit unter Eheleuten. Im Verlauf dessen eskalierte die Situation derart, dass der Mann nach seiner Frau trat und diese wiederum auf den 67-Jährigen einschlug. Der Ehemann hatte zu diesem Zeitpunkt einen Atemalkoholwert von 1,78 Promille aufzuweisen. Er wurde von alarmierten Polizisten der Wohnung verwiesen. Doch wollte er offenbar nicht hören. Als er kurz darauf zurückkehrte und sich anschickte, die Tür zu öffnen, griffen die Beamten zu und nahmen den renitenten Herrn in Gewahrsam. Dort konnte er seinen Rausch dann auch ausschlafen.",https://polizei.brandenburg.de/pressemeldung/der-wohnung-verwiesen/5713349
Feuerwehr im Einsatz,28.09.2026,Frankfurt (Oder),"Am Nachmittag des 27.09.2026 rückten Kameraden der Feuerwehr in Richtung Weinbergsweg aus. Im Lüftungsschacht eines in der DDR gebauten Bunkers war Unrat in Brand geraten und hatten die Fassade des Gebäudes dadurch leicht Schaden genommen. Wie es dazu kommen konnte, ermittelt nun die Kriminalpolizei.",https://polizei.brandenburg.de/pressemeldung/feuerwehr-im-einsatz/5713348
Es blieb beim Versuch,25.09.2026,Frankfurt (Oder),"Am 24.09.2026 wurde der Polizei ein Einbruchsversuch gemeldet. Die Täter hatten das Tor zu einem Grundstück in Eisenwerk aufbrechen wollen, waren jedoch an den Sicherungseinrichtungen gescheitert. So blieb zwar ein Sachschaden von rund 800 Euro zurück, auf das Gelände gelangten die noch Unbekannten aber nicht. Jetzt ermitteln Kriminalisten der Inspektion Oder-Spree/Frankfurt (Oder), wer sich da betätigte.",https://polizei.brandenburg.de/pressemeldung/es-blieb-beim-versuch/5713236
Einparkvorgang führt zu Personenschaden,24.09.2026,Frankfurt (Oder),Am Vormittag des 23.09.2026 kamen Einsatzkräfte von Rettungsdienst und Polizei in der Halben Stadt nach einem Verkehrsunfall zum Einsatz. Ein 89-Jähriger soll hier rückwärts in eine Parklücke eingefahren sein. Seine vorherige 88-jährige Beifahrerin habe sich hinter dem Wagen des Herrn positioniert und ihm Anweisungen geben wollen. Der Rentner soll hierbei die Frau zwischen seinem und dem dahinter liegenden Pkw eingeklemmt und schwer am Bein verletzt haben. Rettungskräfte brachten die Frau in ein Krankenhaus. Die Polizei nahm den Verkehrsunfall zu Protokoll. Nun befassen Kriminalisten mit der Aufklärung des Falls.,https://polizei.brandenburg.de/pressemeldung/einparkvorgang-fuehrt-zu-personenschaden/5713165
Aus dem Verkehr gezogen,24.09.2026,Frankfurt (Oder),In der Halben Stadt geriet der Fahrer eines Pkw VW Golf am 24.09.2026 gegen 01:25 Uhr in eine Verkehrskontrolle. Der 24-Jährige brachte im Rahmen der Kontrolle einen positiven Drogenschnelltest hervor. Die Beamten untersagten ihm die Weiterfahrt und ordneten die Entnahme einer Blutprobe an. Mit der Auswertung des Ergebnisses der Blutprobe wird sich künftig die Zentrale Bußgeldstelle Gransee beschäftigen.,https://polizei.brandenburg.de/pressemeldung/aus-dem-verkehr-gezogen/5713161
Ermittlungen zur Unfallursache angelaufen (Frankfurt (Oder) ),23.09.2026,"Frankfurt (Oder), Frankfurt (Oder)",Am frühen Abend des 22.09.2026 war eine Frau mit ihrem Renault im Weinbergweg unterwegs. An der Kreuzung zum Damaschkeweg wollte die 31-Jährige dann gegen 19:05 Uhr nach links abbiegen. Bisherigen Erkenntnissen zufolge bekam sie aber plötzlich gesundheitliche Probleme und ihr Wagen fuhr über den Kreuzungsbereich hinaus in einen Zaun. Die den Unfall aufnehmenden Polizeibeamten stellten den Führerschein der Frau sicher und übergaben den Sachverhalt der Kriminalpolizei. Die Ermittler schauen sich das Ganze nun noch einmal ganz genau an.,https://polizei.brandenburg.de/pressemeldung/ermittlungen-zur-unfallursache-angelaufe/5713026
Ermittlungen eingeleitet (Frankfurt (Oder) ),23.09.2026,"Frankfurt (Oder), Frankfurt (Oder)","Am 23.09.2026 wurde der Polizei gegen 05:30 Uhr ein Geschehen bekannt, welches sich in der Marie-Curie-Straße abgespielt hatte. Auf einem dort gelegenen Parkplatz war ein Auto in Brand geraten und die Flammen hatten in weiterer Folge auf einen daneben abgestellten Seat Alhambra übergegriffen. Beide Fahrzeuge sind nun nicht mehr nutzbar. Wie es zu dem Geschehen kommen konnte, wird nun von Kriminalisten der Inspektion Oder-Spree/Frankfurt (Oder) zu ermitteln sein. Brandstiftung ist wahrscheinlich.",https://polizei.brandenburg.de/pressemeldung/ermittlungen-eingeleitet/5713025
Spuren hinterlassen (Frankfurt (Oder) ),21.09.2026,"Frankfurt (Oder), Frankfurt (Oder)","Am frühen Morgen des 20.09.2026 wollte ein noch Unbekannter mit roher Gewalt in die Räume einer Tankstelle im Damaschkeweg eindringen. Doch hielt die Glasschiebetür all seinen Bemühungen stand. Trotzdem hinterließ der verhinderte Einbrecher einen Sachschaden von rund 1.000 Euro. Es fanden sich am Tatort aber auch zahlreiche Spuren, die allesamt gesichert werden konnten. Nach deren Auswertung steht die Identität des Mannes womöglich schnell fest.",https://polizei.brandenburg.de/pressemeldung/spuren-hinterlassen/5712859
Untersuchungshaft angeordnet (Frankfurt (Oder)),10.09.2026,"Frankfurt (Oder), Frankfurt (Oder)","Der 35-jährige polnische Staatsbürger, der am 08.09.2026 mit einem in Berlin entwendeten Porsche unterwegs war und nach kurzer Flucht mit Hilfe eines Polizeihubschraubers lokalisiert und anschließend festgenommen werden konnte, befindet sich zwischenzeitlich in einer Brandenburger Justizvollzugsanstalt. Eine Richterin hatte zuvor Untersuchungshaft angeordnet.
Lesen Sie hierzu auch den Ausgangssachverhalt vom 09.09.2026
BAB 12 – Tatverdächtigen mit Hilfe des Polizeihubschraubers gestellt
In den Morgenstunden des 08.09.2026 versuchten zunächst Zivilfahnder aus dem Landkreis Märkisch-Oderland, einen PKW Porsche Cayman zu stoppen und zu kontrollieren. Der Fahrer konnte sich jedoch zunächst der Kontrolle entziehen.
Durch einen entsprechenden Fahndungshinweis über Funk sensibilisiert, gelang es wenig später Zivilfahndern der Gemeinsamen operativen Fahndungsgruppe Frankfurt (Oder), den Porsche, an dem sich Kennzeichen aus Niedersachsen befanden, auf der BAB 12 in Richtung Polen aufzunehmen. Der Fahrer verließ mit dem Porsche die BAB 12 an der Anschlussstelle Frankfurt (Oder)-West, da er offenkundig bemerkt hatte, dass er kontrolliert werden sollte. Der PKW konnte kurz darauf in der Nähe des Wildparks in Rosengarten verlassen aufgefunden werden.
Mit Unterstützung eines Polizeihubschraubers und der an Bord befindlichen Wärmebildkamera gelang es wenig später auch, den mutmaßlichen Fahrer des Fahrzeugs zu stellen und vorläufig festzunehmen. Es handelt sich um einen 35-jährigen polnischen Landsmann, der sich gegenwärtig in polizeilicher Obhut befindet. Den Porsche stellten die Beamten sicher.",https://polizei.brandenburg.de/pressemeldung/untersuchungshaft-angeordnet/5712309
Mit über 2 Promille hinterm Steuer (Frankfurt (Oder)),10.09.2026,"Frankfurt (Oder), Frankfurt (Oder)","Bundespolizisten stoppten am 10.09.2026 gegen 03:15 Uhr einen PKW auf der Bundesstraße 112 im Bereich der Anschlussstelle Frankfurt (Oder)-West, um das Fahrzeug und den Fahrzeugführer zu kontrollieren. Die Beamten nahmen dabei Alkoholgeruch in der Atemluft des Fahrers wahr und riefen die Brandenburger Polizei hinzu, die in solchen Fällen originär zuständig ist. Ein Atemalkoholtest ergab einen Wert von 2,2 Promille. Die Polizisten veranlassten daraufhin eine Blutentnahme durch einen Arzt und untersagten die Weiterfahrt des Mannes.
Bereits in den Nachmittagsstunden hatten Bundespolizisten einen Fahrzeugführer nach der Einreise aus Polen in der Slubicer Straße kontrolliert, der offenkundig alkoholisiert war. Ein Atemalkoholtest ergab hier einen Wert von 2,3 Promille. Auch in diesem Fall ist dem 55-jährigen Fahrer zunächst eine Blutprobe durch einen Arzt entnommen und anschließend durch die Polizei die Weiterfahrt untersagt worden.",https://polizei.brandenburg.de/pressemeldung/mit-ueber-2-promille-hinterm-steuer/5712308
Mülltonnen brannten (Frankfurt (Oder)),08.09.2026,"Frankfurt (Oder), Frankfurt (Oder)","Gegen 02:00 Uhr ist die Polizei über die Rettungsleitstelle über eine brennende Mülltonne in der Friedrich-Loeffler-Straße informiert worden. Die Feuerwehr löschte die brennende Papiertonne mit einem Fassungsvermögen von 120 Litern. Der entstandene Schaden wird in diesem Fall auf 200 Euro geschätzt.
Durch die Kameraden der Feuerwehr wurde bekannt, dass sie ca. 3 Stunden zuvor, am 08.09.2026 gegen 23:15 Uhr, bereits im Clara-Zetkin-Ring eine ebenfalls brennende Papiertonne der gleichen Größe gelöscht haben.
Um 03:00 Uhr stellte eine Streifenwagenbesatzung der Polizei dann im Bereich der Heinrich-Hildebrandt-Straße eine brennende Mülltonne auf einem Parkplatz fest.
Einsatzkräfte der Feuerwehr löschten auch hier die Flammen. Der entstandene Sachschaden wird auf 400 Euro geschätzt.
Polizisten konnten im Umfeld fünf Jugendliche im Alter von 10–15 Jahren aufgreifen.
Bei einem der Jugendlichen konnte ein Feuerzeug gefunden werden. Er räumte ein, für die drei genannten Brände verantwortlich zu sein.",https://polizei.brandenburg.de/pressemeldung/muelltonnen-brannten/5712199
Die Geschichte wirft Fragen auf (Frankfurt (Oder)),08.09.2026,"Frankfurt (Oder), Frankfurt (Oder)","Am 08.09.2026 wandte sich ein 19-Jähriger an die Polizei und behauptete, dass er kurz vor 22:00 Uhr im Kleistpark auf fünf Unbekannte gestoßen wäre. Eine Person aus dieser Gruppe hätte ihn geschlagen und anschließend hätten die Unbekannten seinen E-Scooter an sich genommen.
Eine Streifenbesatzung war allerdings bereits gegen 21:40 Uhr in der Luisenstraße auf eine Gruppe Jugendlicher getroffen, die beim Erblicken der Polizei das Weite gesucht haben und dabei den E-Scooter zurückgelassen haben. Die Beamten hatten das Fahrzeug daraufhin sichergestellt. Die Beamten erkannten auch den 19-Jährigen als eine der Personen wieder, die in der Luisenstraße weggerannt sind.
Insofern bestehen berechtigte Zweifel an den Schilderungen zur vermeintlichen Raubstraftat, weshalb die Polizisten Ermittlungen zum Verdacht des Vortäuschens einer Straftat gegen den 19-Jährigen einleiteten.",https://polizei.brandenburg.de/pressemeldung/die-geschichte-wirft-fragen-auf/5712198
"Erst entblößt, dann Widerstand geleistet (Frankfurt (Oder))",08.09.2026,"Frankfurt (Oder), Frankfurt (Oder)","Polizisten sind am 08.09.2026 zur Mittagszeit in einen Lebensmitteldiscounter im Weinbergweg gerufen worden. Dort soll ein Mann, der sich offenkundig in einem psychischen Ausnahmezustand befand, in dem Geschäft seine Hosen runtergelassen und sich in einer strafrechtlich relevanten Weise gegenüber den Mitarbeiterinnen geäußert haben. Als die Polizisten erschienen, schlug der Mann nach ihnen und rannte zunächst davon, konnte aber wenig später gestoppt und am Boden fixiert werden. Dabei leistete der 32-Jährige Widerstand.
Rettungsdienstmitarbeiter brachten den Mann in ein Klinikum, wo man sich um ihn kümmert. Die Polizisten leiteten dennoch Ermittlungen zum Vorwurf des Tätlichen Angriffs, des Widerstandes gegen Vollstreckungsbeamte sowie der Beleidigung gegen den 32-Jährigen ein.",https://polizei.brandenburg.de/pressemeldung/erst-entbloesst-dann-widerstand-geleiste/5712197
Motorradfahrer verletzt sich,07.09.2026,Frankfurt (Oder),"Am Abend des 06.09.2026 kamen Rettungskräfte und Polizei in der Heilbronner Straße zum Einsatz. Dort soll eine 21-Jährige beim nach links in die Franz-Mehring-Straße Abbiegen einen entgegenkommenden Motorradfahrer übersehen haben. Der 61-Jährige soll eine Gefahrenbremsung eingeleitet und dabei die Kontrolle über seine Maschine verloren haben. Dabei stürzte der Mann und verletzte sich leicht. Rettungskräfte versorgten den Mann und brachten ihn in ein umliegendes Krankenhaus. Die Polizei nahm den Verkehrsunfall zu Protokoll. Nun prüft die Kriminalpolizei, wer für den Verkehrsunfall verantwortlich war. Die entstandene Sachschadenshöhe wird auf 2.000 Euro geschätzt.",https://polizei.brandenburg.de/pressemeldung/motorradfahrer-verletzt-sich/5712045
Erneut aufgefallen,07.09.2026,Frankfurt (Oder),"In der Slubicer Straße kontrollierten am 06.09.2026 Bundespolizisten einen nach Deutschland einreisenden Pkw Mazda. Aufgrund von Auffälligkeiten wurde die Landespolizei zur Übernahme des Sachverhalts angefordert. Bei der Überprüfung der Person kam zum Vorschein, dass es sich um keine polizeilich unbekannte Größe handelte. Der Mann war bereits hinlänglich wegen Rauschdelikten im Verkehr bekannt, weshalb er nicht im Besitz einer gültigen Fahrerlaubnis für das Bundesgebiet war. Ein durchgeführter Drogenschnelltest deutete erneut auf den Konsum von Betäubungsmitteln hin. Die Beamten ordneten daraufhin die Entnahme einer Blutprobe an. Die Weiterfahrt untersagten die Beamten dem Mann im Anschluss an die polizeilichen Maßnahmen. Er wird sich künftig bei der Kripo positionieren dürfen.",https://polizei.brandenburg.de/pressemeldung/erneut-aufgefallen/5712044
Gewalttätig geworden (Wriezen),06.10.2026,"Wriezen, Märkisch-Oderland",Am Nachmittag des 05.10.2026 erschien eine Frau an der Wohnanschrift ihres ehemaligen Lebensgefährten in der Fischerstraße. Im Gespräch wurde der Mann dann gewalttätig. Er trat und schlug zu und verletzte die 38-Jährige dabei auch. Der Mittvierziger wird sich nun wegen gefährlicher Körperverletzung verantworten müssen. Bei den Beteiligten handelt es sich um deutsche Staatsbürger.,https://polizei.brandenburg.de/pressemeldung/gewalttaetig-geworden/5713921
Wohl eher nicht an Weihnachten gedacht… (Bad Freienwalde ),06.10.2026,"Bad Freienwalde, Märkisch-Oderland","Im Tagesverlauf des 05.10.2026 haben sich zwei Männer in einem Discounter in Eduardshof herumgetrieben und dabei nicht gerade Gutes im Schilde geführt.
In der Mittagszeit fiel Angestellten ein Mann auf, dem sein Geld entfallen war und der beim Einsammeln des Ganzen einen Blick in seine mitgeführte Tasche freigab. Diese war randvoll gefüllt mit Schokolade, die allesamt den Regalen des Marktes entnommen und nicht bezahlt worden war. Der 43-jährige Belarusse wird nun Einiges zu erklären haben.
Das gilt gleichermaßen für einen 37 Jahre alten Rumänen, der gegen 15:00 Uhr vom Ladendetektiven ebenfalls beim Diebstahl von Schokolade ertappt wurde. Diesmal war es ein Rucksack, der randvoll mit Süßwaren gefüllt war. Dem Langfinger gelang anfänglich sogar noch die Flucht, bis ihn alarmierte Polizisten im Rahmen einer Nahbereichsfahndung stellten. Und auch bei ihm stellt sich die Frage, was er mit dem Diebesgut vorgehabt hatte.",https://polizei.brandenburg.de/pressemeldung/wohl-eher-nicht-an-weihnachten-gedacht-/5713920
Die Kriminalpolizei ermittelt (Hönow und Dahlwitz-Hoppegarten ),06.10.2026,"Hönow und Dahlwitz-Hoppegarten, Märkisch-Oderland","Am frühen Morgen des 06.10.2026 meldete sich ein aufmerksamer Zeuge bei der Polizei, nachdem er mitbekommen hatte, wie zwei Gestalten ein eigentlich leerstehendes Haus in der Straße Am Kornfeld in Hönow betraten. Mehrere Streifenwagenbesatzungen rückten aus und tatsächlich konnten in dem Haus zwei Männer gestellt werden. Sie hatten ein Fenster aufgehebelt und sich so Zutritt zum Objekt verschafft. Anschließend durchsuchte das Duo sämtliche Räume. Bei ihnen handelte es sich um georgische Staatsbürger im Alter von 21 und 39 Jahren. Der Ältere war auch bereits einschlägig bekannt. Im Haus fanden die Beamten zudem einen Rucksack mit Einbruchswerkzeugen, welcher den Gefassten zuzuordnen ist. Beide wurden vorläufig festgenommen.
Bei den nun folgenden Untersuchungen wird die Frage geklärt, ob sie für weitere Geschehen verantwortlich sein könnten. Rund 30 Minuten zuvor hatte nämlich im Edenweg in Hönow eine Alarmanlage zwei Männer vertrieben, die sich auf einem Grundstück zu schaffen gemacht hatten.
Und in der Mittelstraße in Dahlwitz-Hoppegarten waren am Vorabend mutmaßliche Einbrecher auf ein Grundstück gelangt und hatten versucht, sich über ein Fenster Zutritt zum dazugehörigen Einfamilienhaus zu verschaffen. Zwar scheiterten ihre Bemühungen, doch hinterließen sie dabei einen Sachschaden von rund 1.000 Euro.",https://polizei.brandenburg.de/pressemeldung/die-kriminalpolizei-ermittelt/5713919
Einbrecher gingen leer aus (Küstrin-Kietz ),04.10.2026,"Küstrin-Kietz, Märkisch-Oderland","Am Vormittag des 05.10.2026 wurden Polizisten in die Siedlungsstraße gerufen. Dort hatten sich Einbrecher auf einem Grundstück herumgetrieben und eine der Fensterscheiben des Wohnhauses eingeschlagen. Doch fanden sie nichts Verwertbares vor, was sie letztlich mit leeren Händen die Flucht antreten ließ. Wer diejenigen waren, ermittelt nun die Kriminalpolizei.",https://polizei.brandenburg.de/pressemeldung/einbrecher-gingen-leer-aus/5713853
Auto und Radfahrer zusammengestoßen (Altlandsberg),04.10.2026,"Altlandsberg, Märkisch-Oderland","Am Vormittag des 05.10.2026 kam es in der Bahnhofsstraße zu einem Verkehrsunfall. Gegen 09:15 Uhr hatte ein Porsche einen Radfahrer erfasst, was dem 87-Jährigen schwere Verletzungen einbrachte. Er befindet sich gegenwärtig auch noch in einem Krankenhaus. Der entstandene Sachschaden wird auf 10.000 Euro geschätzt.",https://polizei.brandenburg.de/pressemeldung/auto-und-radfahrer-zusammengestossen/5713851
Verdacht auf Fälschung (Hoppegarten),04.10.2026,"Hoppegarten, Märkisch-Oderland",Am frühen Morgen des 05.10.2026 zogen Polizisten in der Berliner Straße in Hönow einen Toyota Proace aus dem Verkehr. Dessen Fahrer wollte sich mit einem ukrainischen Führerschein ausweisen. Doch hielt das angebliche Dokument schon ersten Überprüfungen auf Fälschungsmerkmale nicht stand. Gegen den 33-Jährigen ist ein Ermittlungsverfahren wegen des Verdachts auf Urkundenfälschung und Fahren ohne Fahrerlaubnis eingeleitet worden. Zudem musste sich der Delinquent eine Mitfahrgelegenheit suchen.,https://polizei.brandenburg.de/pressemeldung/verdacht-auf-faelschung/5713850
Busfahrer angegangen (Rüdersdorf b. Berlin ),02.10.2026,"Rüdersdorf b. Berlin, Märkisch-Oderland","Am Nachmittag des 01.1012026 bestieg ein Mann einen Linienbus im Bereich Seebad und wollte sich damit chauffieren lassen. Einen gültigen Fahrschein besaß der 32-Jährige jedoch nicht. Als ihn der Fahrer daraufhin ansprach, entwickelte sich ein Streitgespräch, welches letztlich in den Versuch des Schwarzfahrers mündete, sein Gegenüber zu schlagen und zu treten. Der konnte aber ausweichen und die Polizei alarmieren. Die Beamten identifizierten den Delinquenten als bereits hinlänglich bekannten Deutschen. Da er sich zu diesem Zeitpunkt in einer offensichtlich psychischen Ausnahmesituation befand, brachten Rettungskräfte ihn in ein Krankenhaus. Natürlich wird trotzdem wegen versuchter Körperverletzung und Erschleichen von Leistungen ermittelt.",https://polizei.brandenburg.de/pressemeldung/busfahrer-angegangen/5713648
Rettungskräfte angegriffen (Seelow),02.10.2026,"Seelow, Märkisch-Oderland","Am Nachmittag des 01.10.2026 nahmen sich Rettungskräfte eines scheinbar hilflosen Mannes an, der im Stadtgebiet aufgefallen war. Im Krankenhaus angekommen, ging der 63-Jährige plötzlich auf zwei Rettungssanitäter los und verletzte einen der beiden durch Faustschläge. Den bereits zuvor schon polizeilich bekannten Schläger erwartet nun ein erneutes Ermittlungsverfahren.",https://polizei.brandenburg.de/pressemeldung/rettungskraefte-angegriffen/5713647
Als Mitarbeiter der Telekom ausgegeben (Strausberg),01.10.2026,"Strausberg, Märkisch-Oderland","Am Nachmittag des 30.09.2026 klingelten zwei Männer bei einer Rentnerin in der Peter-Göring-Straße. Sie gaben sich als Mitarbeiter der Telekom aus, die Möglichkeiten für Glasfaseranschlüsse ausloten wollten. Tatsächlich gewährte ihnen die Frau daraufhin Einlass. In der Wohnung angekommen, teilte sich das Duo auf und nach ca. 15 Minuten waren sie auch schon wieder verschwunden. Später stellte sich heraus, dass aus einer Box im Schlafzimmer Ringe fehlten.
Wer die beiden Diebe gewesen sind, ermittelt nun die Kriminalpolizei.
Den Ermittlern liegen Beschreibungen vor. Demnach handelt es sich zum einen um einen ca. 180 cm großen Mann mit dunklen Haaren und dunklen Bart, der mit einem weißen Trainingsanzug bekleidet gewesen war. Sein Komplize ist mit ca. 170 cm etwas kleiner und hatte kurze schwarze Haare.",https://polizei.brandenburg.de/pressemeldung/als-mitarbeiter-der-telekom-ausgegeben/5713586
Zum Benefizkonzert des Landespolizeiorchesters ist ein jeder herzlich willkommen! (Neuenhagen b. Berlin ),01.10.2026,"Neuenhagen b. Berlin, Märkisch-Oderland","Wie in den vergangenen Jahren laden der Leiter der Polizeiinspektion Märkisch-Oderland, Polizeidirektor Torsten Bley, und der Stiftungsrat des Martin-Heinze-Fonds, Ullrich Papperitz, alle Interessierten zum Benefizkonzert des Landespolizeiorchesters Brandenburg unter dem Titel „Herbstfeuer“ ein. Zwei Gesangssolisten werden das Orchester an diesem Abend stimmgewaltig unterstützen.
Das Konzert findet am 14. Oktober 2026 im Bürgerhaus in 15366 Neuenhagen, Hauptstraße 2, statt. Der Einlass beginnt um 18:30 Uhr und der Eintritt ist frei!
Anmeldungen werden vorzugsweise per E-Mail erbeten:
oeffentlichkeitsarbeit.pimol@polizei.brandenburg.de
oder werktags telefonisch unter: 03341/330-1006 (09:30 Uhr bis 12:00 Uhr).",https://polizei.brandenburg.de/termin/zum-benefizkonzert-des-landespolizeiorch/5713585
Hätten Sie es gewusst? (Neuhardenberg),30.09.2026,"Neuhardenberg, Märkisch-Oderland",Polizisten führten in der Karl-Marx-Allee am 29.09.2026 Geschwindigkeitskontrollen durch und kontrollierten dabei einen Pkw VW Passat. Auf der Heckscheibe des Wagens befanden sich zwei Sticker mit Totenköpfen darauf. Dieses verbotene Symbol wurde seinerzeit von der 3. SS-Panzerdivision benutzt und führte in der Kontrolle der Beamten zu einem Strafverfahren wegen des Verdachts des Verwendens von Kennzeichen verfassungswidriger Organisationen. Der Fahrer des Wagens hatte bereitwillig die Aufkleber entfernt. Nun wird sich der Polizeiliche Staatsschutz mit der Feststellung befassen.,https://polizei.brandenburg.de/pressemeldung/haetten-sie-es-gewusst-/5713548
Verkehrsunfall mit schweren Folgen (B 168),30.09.2026,"B 168, Märkisch-Oderland","Gegen 18:20 Uhr rückten Einsatzkräfte von Feuerwehr, Rettungsdienst und Polizei auf die B168 zwischen die Ortslagen Müncheberg und Waldsieversdorf aus. Dort war nach ersten Erkenntnissen ein 39-jähriger Kradfahrer in einer Rechtskurve in den Gegenverkehr geraten und dort mit dem Pkw Audi A3 einer 47-Jährigen frontal zusammengestoßen. Der 39-Jährige erlitt hierdurch schwere Verletzungen. Der Bereich um den Unfallort wurde vollgesperrt. Ein Rettungshubschrauber brachte den verletzten Mann in ein Krankenhaus. Die Frau gilt als leicht verletzt. Der entstandene Sachschaden wird auf 40.000 Euro geschätzt. In Abstimmung mit der Staatsanwaltschaft kam ein Sachverständiger zum Einsatz. Den Pkw als auch das Motorrad stellten die Beamten sicher. Nun ermittelt die Kriminalpolizei, wie es zu dem Verkehrsunfall hatte kommen können.",https://polizei.brandenburg.de/pressemeldung/verkehrsunfall-mit-schweren-folgen/5713547
Kleintransporter angegriffen (Strausberg ),28.09.2026,"Strausberg, Märkisch-Oderland","Am Herrensee wurde am vergangenen Wochenende ein Kleintransporter Ford Transit Courier von Kriminellen beschädigt. Die Täter schnitten ein Stück Blech aus der Schiebetür des Wagens, gelangten jedoch offensichtlich nicht in das Innere. Allenfalls hinterließen sie einen geschätzten Schaden von 2.000 Euro.",https://polizei.brandenburg.de/pressemeldung/kleintransporter-angegriffen/5713435
Bank verhinderte Schlimmeres (Strausberg ),28.09.2026,"Strausberg, Märkisch-Oderland","Ein Strausberger ist Anfang September über ein Video auf Cybertrading aufmerksam geworden und soll sich folglich eine App für sein Smartphone heruntergeladen haben. In mehreren darauffolgenden Telefonaten bekräftigte der Mann seinen Entschluss durch Cybertrading sein Vermögen zu vermehren und überwies mehrfach Geld, wodurch bereits Geld im fünfstelligen Bereich im Umlauf war. Als im weiteren Verlauf über 25.000 Euro nach Malta überwiesen werden sollten, lehnte die Bank des Mannes die Überweisung vorerst ab und prüfte den Vorgang. Schließlich führte der Weg des Mannes zur Polizei. Nun ermittelt die Kripo wegen des Verdachts des Computerbetrugs.",https://polizei.brandenburg.de/pressemeldung/bank-verhinderte-schlimmeres/5713433
Falsche Mitarbeiter können Feierabend machen (Rüdersdorf ),28.09.2026,"Rüdersdorf, Märkisch-Oderland","In der Brückenstraße sollen sich am 28.09.2026 zwei Männer als Vertriebler eines Stromversorgers ausgegeben und an ein hochbetagtes Rentnerpärchen gewandt haben. In der Wohnung gelang es den Kriminellen die Eheleute zu trennen und mit List gelang es sogar vollständig allein in einem Raum agieren zu können. Dies nutzte einer der Kriminellen, um aus einer Geldkassette das Ersparter der Eheleute an sich zu nehmen. Der Schaden wird im mittleren fünfstelligen Bereich angegeben. Die Kriminalpolizei übernimmt nun die Ermittlungen zu diesem Fall.",https://polizei.brandenburg.de/pressemeldung/falsche-mitarbeiter-koennen-feierabend-m/5713431
VW Crafter gestohlen (Petershagen ),28.09.2026,"Petershagen, Märkisch-Oderland",In der Dorfstraße bemächtigten sich Kriminelle eines VW Crafter. Die Polizei fahndet seit dem 28.09.2026 nach dem Kleintransporter. Der entstandene Sachschaden wird auf einen hohen fünfstelligen Bereich geschätzt.,https://polizei.brandenburg.de/pressemeldung/vw-crafter-gestohlen/5713430
Drei Tatverdächtige (Seelow ),28.09.2026,"Seelow, Märkisch-Oderland","Zivilfahnder kontrollierten in der Humboldtstraße am 28.09.2026 gegen 11:20 Uhr einen Pkw Toyota Prius Plus, der mit drei Personen besetzt war. Hinweise deuteten darauf hin, dass die drei Personen kurz zuvor in einem Discounter in Erscheinung traten und Kaffeepakete entwendeten. Die Beamten identifizierten die drei Weißrussen im Alter von 26, 35 und 38 Jahren und erhoben Sicherheitsleistungen. Nun befasst sich die Kripo mit den Herren.",https://polizei.brandenburg.de/pressemeldung/drei-tatverdaechtige/5713428
Böschungsbrand gelöscht (Wriezen ),28.09.2026,"Wriezen, Märkisch-Oderland","Am Abend des 27.09.2026 kam es im Bereich Schwarzer Weg zu einem Böschungsbrand, welcher ca. zehn Quadratmeter Grünfläche beschädigte. Kameraden der Feuerwehr hatten das Ganze schnell unter Kontrolle und abgelöscht. Erste Ermittlungen zur Ursache des Geschehens ließen drei Kinder in den Fokus rücken. Sie wurden ihren Erziehungsberechtigten übergeben, die hoffentlich ein ernstes Wörtchen mit ihnen sprachen. Auch die Kriminalpolizei wird sich nun mit ihnen befassen.",https://polizei.brandenburg.de/pressemeldung/boeschungsbrand-geloescht/5713344
Einbrecher in die Flucht geschlagen (Strausberg ),28.09.2026,"Strausberg, Märkisch-Oderland","Am Morgen des 27.09.2026 wandte sich ein Anwohner der Straße Am Herrensee an die Polizei, um ein Geschehen zu schildern, welches sich kurz zuvor ereignet hatte.
Der Mann vernahm gegen 03:30 Uhr ein Geräusch, welches von der Eingangstür der Wohnung zu kommen schien. Bei Nachschau entdeckte er drei Maskierte, die bei seinem Erscheinen umgehend die Flucht antraten. Dabei nahmen sie Computertechnik mit sich. Wer diejenigen waren und wo das Diebesgut abgeblieben ist, ermitteln nun Kriminalisten der Inspektion Märkisch-Oderland.",https://polizei.brandenburg.de/pressemeldung/einbrecher-in-die-flucht-geschlagen/5713343
Nach Sachbeschädigung gestellt (Strausberg ),28.09.2026,"Strausberg, Märkisch-Oderland","In der Mittagszeit des 27.09.2026 fiel Zeugen ein Mann auf, der die Seitenscheibe eines in der Kastanienstraße abgestellten Autos mit einem Stein bearbeitete. Zwar entstand dabei auch ein geringer Sachschaden, doch gelangte der Täter nicht in den Innenraum des Fahrzeuges. Mit einer sehr guten Personenbeschreibung ausgestattet, konnte eine Streifenwagenbesatzung den zwischenzeitlich vom Tatort Entflohenen auf einer Baustelle in der Philipp-Müller-Straße stellen. Bei ihm handelt es sich um einen bereits hinreichend bekannten deutschen Staatsbürger. Der 56-Jährige wird sich nun erneut zu verantworten haben.",https://polizei.brandenburg.de/pressemeldung/nach-sachbeschaedigung-gestellt/5713342
Kraftstoff abgezapft (Altlandsberg ),25.09.2026,"Altlandsberg, Märkisch-Oderland","Wie der Polizei am 24.09.2026 angezeigt wurde, haben sich noch Unbekannte auf einer Baustelle im Bollersdorfer Weg zu schaffen gemacht. Sie zapften dort aus mehreren Baufahrzeugen und einem LKW den Dieselkraftstoff ab und hinterließen der betroffenen Firma so einen Schaden von rund 800 Euro. Wer sich da betätigte, ermitteln nun Kriminalisten der Inspektion Märkisch-Oderland.",https://polizei.brandenburg.de/pressemeldung/kraftstoff-abgezapft/5713233
Nicht ins Objekt gelangt (Strausberg ),25.09.2026,"Strausberg, Märkisch-Oderland","Im Tagesverlauf des 24.09.2026 versuchten noch Unbekannte sich mit roher Gewalt Zutritt zu einer Bar in der August-Bebel-Straße zu verschaffen. Doch hielt die angegriffene Fensterscheibe all ihren Bemühungen stand. Daraufhin mussten die Täter unverrichteter Dinge wieder abziehen. Jetzt ermittelt die Kriminalpolizei, wer sich da betätigte.",https://polizei.brandenburg.de/pressemeldung/nicht-ins-objekt-gelangt/5713232
Trickdiebe am Werke gewesen (Strausberg ),25.09.2026,"Strausberg, Märkisch-Oderland","Am Nachmittag des 24.09.2026 klingelte es an der Wohnungstür einer hochbetagten Dame in der Vorstadt. Zwei Männer standen dort, die sich als Mitarbeiter der Wohnungsbaugenossenschaft ausgaben und angeblich Heizung und Wasserhähne kontrollieren müssten. Unter dieser Legende gelangte das Duo tatsächlich in die Wohnung der Frau. Nun verwickelte einer der Herren die Mieterin in ein Gespräch. Sein Komplize sah sich währenddessen in den Räumen um. Als die hochdeutsch sprechenden „Handwerker“ gegangen waren, fehlten plötzlich mehrere Goldringe und eine Goldkette. Die Kriminalpolizei hat sich der Sache angenommen und ermittelt zur Identität der Trickdiebe.",https://polizei.brandenburg.de/pressemeldung/trickdiebe-am-werke-gewesen/5713230
Einbruchskriminalität (Petershagen ),24.09.2026,"Petershagen, Märkisch-Oderland","Um die Mittagszeit des 23.09.2026 brachen Kriminelle gewaltsam in die Wohnräume eines Einfamilienhauses ein und durchsuchten die Inneneinrichtung nach Verwertbarem. Ob Ihnen hierbei auch etwas in die Hände fiel, ist derzeit Gegenstand der Ermittlungen. Kriminaltechniker besahen sich den Tatort einmal etwas näher und sicherten Spuren. Der alleinige Sachschaden wird auf 1.000 Euro geschätzt.",https://polizei.brandenburg.de/pressemeldung/einbruchskriminalitaet/5713155
Schmierereien (Petershagen ),24.09.2026,"Petershagen, Märkisch-Oderland",In der Eggersdorfer Straße beschmierten Unbekannte ein Hinweisschild mit blauer Farbe. Die Polizei nahm hierzu am 23.09.2026 eine Strafanzeige auf. Die Kosten für die Beseitigung werden auf 100 Euro geschätzt. Ersten Erkenntnissen nach könnte es sich um szenetypische Tags handeln.,https://polizei.brandenburg.de/pressemeldung/schmierereien/5713154
LKW erfasste Radfahrerin  (Schöneiche b. Berlin ),06.10.2026,"Schöneiche b. Berlin, Oder-Spree","Am 05.10.2026 wurden Rettungskräfte und Polizisten gegen 15:30 Uhr in die Neuenhagener Chaussee gerufen. An der Ecke zur B1 waren kurz zuvor ein MAN Truck und eine Radfahrerin zusammengeprallt. Die 69-Jährige erlitt dabei auch schwere Verletzungen und ist von den Rettern umgehend in ein Krankenhaus gebracht worden. Wie es zu dem Frontalzusammenstoß hatte kommen können, ermittelt nun die Kriminalpolizei.",https://polizei.brandenburg.de/pressemeldung/lkw-erfasste-radfahrerin-/5713924
Aus dem Verkehr gezogen (Fürstenwalde/Spree ),06.10.2026,"Fürstenwalde/Spree, Oder-Spree","Am späten Nachmittag des 05.10.2026 hielten Polizisten in der August-Bebel-Straße einen Audi A6 zu einer Verkehrskontrolle an. Da die Fahrerin nicht so richtig nüchtern wirkte, kam ein Drogenschnelltest zum Einsatz. Der brachte tatsächlich ein positives Ergebnis. Die 38-Jährige gab zudem an, ihre Papiere nicht bei sich zu haben. Bei darauffolgenden Überprüfungen stellte sich jedoch heraus, dass sie gar keine Fahrerlaubnis ihr Eigen nennen konnte und nicht zum ersten Mal derart aufgefallen war. Sie musste eine Blutprobe lassen und erhielt eine Anzeige.",https://polizei.brandenburg.de/pressemeldung/aus-dem-verkehr-gezogen/5713923
Mutmaßlichen Dieb gefasst (BAB 12),06.10.2026,"BAB 12, Oder-Spree","Am 05.10.2026 wurde ein Fiat Ducato an der Rastanlage Biegener Hellen Süd einer Kontrolle unterzogen. Dabei fanden Polizisten in dessen Innenraum diverse Werkzeugmaschinen, die einer Firma durch Diebstahl in Niedersachsen abhandenkamen. Bei dem Fahrer des Kleintransporters handelte es sich um einen 25-jährigen polnischen Staatsangehörigen, der bereits mit einer Vielzahl an Eigentumsdelikten bekannt geworden war. Er ist vorläufig festgenommen und sitzt jetzt Kriminalisten gegenüber. Wie es mit ihm weitergeht, entscheidet anschließend die Justiz.",https://polizei.brandenburg.de/pressemeldung/mutmasslichen-dieb-gefasst/5713922
Mit Auto gegen Baum geprallt (Schöneiche b. Berlin ),04.10.2026,"Schöneiche b. Berlin, Oder-Spree","Am 05.10.2026 wurden Rettungskräfte, Feuerwehr und Polizei gegen 09:00 Uhr zur Neuenhagener Chaussee gerufen. Dort hatte kurz zuvor aus noch ungeklärter Ursache die Fahrerin eines Dacia Logan die Kontrolle über ihren Wagen verloren und war damit gegen einen Baum geprallt. Dabei zog sich die 67-Jährige schwere Verletzungen zu. Die Rettungskräfte brachten sie nach der Bergung umgehend in ein Krankenhaus, wo sie gegenwärtig auch noch versorgt wird. Wie es zu dem Geschehen hatte kommen können, ermittelt nun die Kriminalpolizei.",https://polizei.brandenburg.de/pressemeldung/mit-auto-gegen-baum-geprallt/5713848
Gestohlen und randaliert (Erkner),04.10.2026,"Erkner, Oder-Spree","Am späten Vormittag des 04.10.2026 betrat ein Mann den Verkaufsraum einer Tankstelle in der Woltersdorfer Landstraße. Dort nahm er sich ein Bier und eine Flasche mit Hochprozentigem aus dem Regal und verschwand, ohne das Ganze auch bezahlt zu haben. Die Mitarbeiter mussten bei Alarmierung der Polizei erleben, wie der Dieb die Flaschen noch auf dem Gelände austrank und anschließend erneut versuchte, in den Verkaufsraum zu gelangen. Sie verschlossen umgehend die Tür, woraufhin der nun Wütende zu randalieren begann. Dabei ging eine Scheibe zu Bruch. Herbeieilende Polizisten griffen den Mann, welcher sich als 29-jähriger Deutscher herausstellte. Er befand sich zu diesem Zeitpunkt in einer psychischen Ausnahmesituation und wurde von Rettungskräften in ein Krankenhaus gebracht. Um eine Anzeige wegen Ladendiebstahls und Sachbeschädigung kam er natürlich trotzdem nicht herum.",https://polizei.brandenburg.de/pressemeldung/gestohlen-und-randaliert/5713846
Weitgehend störungsfreier Verlauf (Fürstenwalde/Spree),03.10.2026,"Fürstenwalde/Spree, Oder-Spree","Zwei Versammlungen in Fürstenwalde sind in den Nachmittagsstunden des 03.10.2026 durch die Brandenburger Polizei begleitet worden.
Eine Versammlung, an der zirka 500 Personen teilnahmen, fand im Umfeld des Fürstenwalder Doms statt.
Eine zweite Versammlung, die von der AfD angemeldet und von ca. 1.500 Teilnehmern besucht wurde, führte ab ca. 17:30 Uhr als Aufzug mit ca. 800 Teilnehmern durch das Stadtgebiet.
Noch bevor sich der Aufzug in Bewegung setzte, soll ein 23-jähriger Youtuber, der zu diesem Zeitpunkt über das Geschehen berichtete, körperlich attackiert und beleidigt worden sein. Zuvor soll der Youtuber selbst gegen den Willen des Beschuldigten Detailaufnahmen gefertigt haben. Die Polizei nahm eine Anzeige wegen Körperverletzung und Beleidigung sowie eine zweite Anzeige wegen des Anfangsverdachtes eines Verstoßes gegen das Kunsturhebergesetz auf.
Während der Aufzug der AfD durch das Stadtgebiet erfolgte, ereignete sich eine weitere körperliche Auseinandersetzung bei der ein weiterer 24-jähriger Youtuber körperlich attackiert worden sein soll. Die Polizei erhob die Personalien der Beteiligten und auch der Beschuldigte dieser Tat erstattetet eine Gegenanzeige gleichfalls zum Vorwurf der Körperverletzung gegen den Youtuber.
Durch das konsequente Einschreiten der Polizei konnten die Identitäten der Tatbeteiligten erhoben werden.",https://polizei.brandenburg.de/pressemeldung/weitgehend-stoerungsfreier-verlauf/5713774
Verkehrsunfall forderte einen Verletzten (BAB 10 ),02.10.2026,"BAB 10, Oder-Spree",Am 02.010.2026 wurde der Polizei gegen 02:40 Uhr ein Verkehrsunfall gemeldet. Zwischen den Anschlussstellen Erkner und Rüdersdorf hatte der Fahrer eines Audi A4 die Kontrolle über seinen Wagen verloren und war damit nach rechts von der Fahrbahn abgekommen. Das Auto kollidierte mit der rechten Schutzplanke und wurde anschließend in die linke Mittelschutzplanke geschleudert. Der 54-jährige Mann erlitt dabei leichte Verletzungen. Für die Verkehrsunfallaufnahme musste die Richtungsfahrbahn Prenzlau für ca. 30 Minuten voll gesperrt werden. Der entstandene Sachschaden wird auf rund 10.000 Euro geschätzt.,https://polizei.brandenburg.de/pressemeldung/verkehrsunfall-forderte-einen-verletzten/5713651
Bahnschranke beschädigt (Lawitz),02.10.2026,"Lawitz, Oder-Spree","Am Vormittag des 01.10.2026 wollte ein 44 Jahre alter Mann mit seinem LKW samt Anhänger über einen beschrankten Bahnübergang an der B112 fahren. Auf dem Anhänger war ein Bagger verladen gewesen. Noch bevor das Gespann den Übergang durchquert hatte, begannen sich die Schranken wieder zu schließen. So blieb der Bagger an einer der Schrankenbäume hängen, welcher dadurch abgerissen wurde. Der durchfahrende Zug konnte die Stelle zwar passieren, doch musste die Bahnstrecke in weiterer Folge für zwei Stunden gesperrt werden. Die Bundespolizei nahm eine Anzeige zum Vorwurf des gefährlichen Eingriffs in den Bahnverkehr auf.",https://polizei.brandenburg.de/pressemeldung/bahnschranke-beschaedigt/5713650
Nun in Untersuchungshaft (BAB 12 ),02.10.2026,"BAB 12, Oder-Spree","Der 24-Jährige, welcher von Fahndungskräften der Bundes- und Landespolizei am 30.09.2026 aus einem in Hessen gestohlenen Jeep Grand Cherokee geholt worden war, ist am Folgetag einem Richter am zuständigen Amtsgericht Frankfurt (Oder) vorgeführt worden. Der erließ Untersuchungshaft und ordnete die sofortige Verbringung des Delinquenten in eine Justizvollzugsanstalt an. Dort ist er auch bereits eingetroffen. Die Ermittlungen in dem Fall dauern an.
Lesen Sie dazu auch unsere Ausgangsmeldung vom 01.10.2026:
BAB 12 – Vorläufig festgenommen
In der Mittagszeit des 30.09.2026 entdeckten Fahnder von Bundes- und Landespolizei, die gemeinsam auf Streife waren, einen Jeep Grand Cherokee mit polnischen Kennzeichen. Ihrem kriminalistischen Spürsinn folgend, zogen sie das Auto am Rastplatz Biegener Hellen-Süd aus dem Verkehr. Fahrer des Wagens war ein 24-jähriger Mann, der gar keine Fahrerlaubnis besaß. Zudem fanden sich im Innenraum Kennzeichentafeln aus dem Bundesland Hessen. Wie anschließend herauskam, war der Jeep tatsächlich in Hessen vom Gelände eines Autohauses gestohlen worden. Die angebrachten polnischen Kennzeichen erwiesen sich als Fälschungen. Der junge Fahrer ist vorläufig festgenommen und sitzt Kriminalisten gegenüber. Anschließend entscheidet die Justiz, wie es mit ihm weitergeht.",https://polizei.brandenburg.de/pressemeldung/nun-in-untersuchungshaft/5713652
Kind bei Zusammenstoß mit Auto verletzt (Fürstenwalde/Spree ),01.10.2026,"Fürstenwalde/Spree, Oder-Spree","In der Mittagszeit des 30.09.2026 war eine 46 Jahre alte Frau mit ihrem Smart in der Wladislaw-Wolkow-Straße unterwegs, als plötzlich ein Kind die Fahrbahn betrat. Trotz geringer Geschwindigkeit und sofortigen Bremsmanövers erfasste der Wagen die Achtjährige. Das Mädchen erlitt bei dem Zusammenprall leichte Verletzungen, die in einem Krankenhaus behandelt wurden.",https://polizei.brandenburg.de/pressemeldung/kind-bei-zusammenstoss-mit-auto-verletzt/5713588
Vorläufig festgenommen (BAB 12 ),01.10.2026,"BAB 12, Oder-Spree","In der Mittagszeit des 30.09.2026 entdeckten Fahnder von Bundes- und Landespolizei, die gemeinsam auf Streife waren, einen Jeep Grand Cherokee mit polnischen Kennzeichen. Ihrem kriminalistischen Spürsinn folgend, zogen sie das Auto am Rastplatz Biegener Hellen-Süd aus dem Verkehr. Fahrer des Wagens war ein 24-jähriger Mann, der gar keine Fahrerlaubnis besaß. Zudem fanden sich im Innenraum Kennzeichentafeln aus dem Bundesland Hessen. Wie anschließend herauskam, war der Jeep tatsächlich in Hessen vom Gelände eines Autohauses gestohlen worden. Die angebrachten polnischen Kennzeichen erwiesen sich als Fälschungen. Der junge Fahrer ist vorläufig festgenommen und sitzt Kriminalisten gegenüber. Anschließend entscheidet die Justiz, wie es mit ihm weitergeht.",https://polizei.brandenburg.de/pressemeldung/vorlaeufig-festgenommen/5713587
Geld gefordert (Fürstenwalde/Spree),30.09.2026,"Fürstenwalde/Spree, Oder-Spree","Am 29.09.2026 soll gegen 17:30 Uhr ein 19-Jähriger in der Geschwister-Scholl-Straße in einem Bus auf eine Gruppe von Männern gestoßen sein. Der Heranwachsende soll sich dann Geldforderungen ausgesetzt gesehen haben. Die Akteure hätten dann mit Schlägen ihrer Forderung Nachdruck verliehen, jedoch ohne Beute den Geschädigten mit seinen Blessuren zurückgelassen. Die Polizei nahm Strafanzeige auf und fahndete erfolglos nach Tatbeteiligten. Die Kriminalpolizei geht nun ersten Hinweisen zu möglichen Tatverdächtigen nach.",https://polizei.brandenburg.de/pressemeldung/geld-gefordert/5713550
In Haus eingebrochen (Storkow),30.09.2026,"Storkow, Oder-Spree","In einem kurzen Zeitfenster von knapp zwei Stunden gelangten Kriminelle durch Aufhebeln eines Fensters am Vormittag des 29.09.2026 im Görsdorfer Weg in ein Einfamilienhaus. Die Inneneinrichtung ließen die Täter durchwühlt zurück. Ob ihnen dabei etwas Verwertbares in die Hände fiel, ist Gegenstand der Ermittlungen. Kriminaltechniker sicherten am Tatort Spuren.",https://polizei.brandenburg.de/pressemeldung/in-haus-eingebrochen/5713549
Polizeieinsatz auf Campingplatz (Grünheide ),28.09.2026,"Grünheide, Oder-Spree","In den Nachtstunden des 29.09.2026 kamen Polizisten auf einen Campingplatz Am Schlangenluch zum Einsatz. Dem vorangegangen war ein Hinweis der Polizei Berlin. Demnach soll ein Mann, der sich auf dem Campingplatz aufhielt über einen Online-Nachrichtendienst bedrohlichen Inhalt bekannt gemacht haben, bei dem eine Schusswaffe von Bedeutung war. Der Polizei gelang es den Mann gefahrenfrei zu identifizieren. Die Schusswaffe stellte sich als Schreckschusswaffe heraus, die sichergestellt wurde. Die Polizei ermittelt nun in einem Fall der Bedrohung, bei der ein 47-Jähriger als tatverdächtig gilt.",https://polizei.brandenburg.de/pressemeldung/polizeieinsatz-auf-campingplatz/5713444
Baustelle heimgesucht (Fürstenwalde/Spree ),28.09.2026,"Fürstenwalde/Spree, Oder-Spree",In der Juri-Gagarin-Straße haben Kriminelle mehrere dutzend Meter Elektrokabel von einer Baustelle gestohlen. Der dadurch entstandene Schaden wird auf 10.000 Euro geschätzt. Die Polizei führt hierzu seit dem 28.09.2026 ein Strafverfahren.,https://polizei.brandenburg.de/pressemeldung/baustelle-heimgesucht/5713442
Fahrbaren Untersatz zerkratzt (Erkner ),28.09.2026,"Erkner, Oder-Spree","Im Verlauf des 28.09.2026 ritzten Unbekannte verfassungsfeindliche Symbole in die Fahrertür eines Pkw Mini, der im Sonnenweg parkte. Der dadurch entstandene Schaden wird auf 1.500 Euro geschätzt. Die Polizei nahm den Schäden auf und leitete ein Strafverfahren ein.",https://polizei.brandenburg.de/pressemeldung/fahrbaren-untersatz-zerkratzt/5713440
Staatsschutz ermittelt (Storkow (Mark) ),28.09.2026,"Storkow (Mark), Oder-Spree",Mehrere Jugendliche sollen am 28.09.2026 gegen 18:00 Uhr die Burg Storkow mit schwarzen Hakenkreuzen versehen haben. Die Polizei dokumentierte die Graffitis und leitete ein Strafverfahren ein. Dank Zeugenhinweisen geht die Polizei nun ersten Hinweisen zur Identität derjenigen nach.,https://polizei.brandenburg.de/pressemeldung/staatsschutz-ermittelt/5713439
Festnahme (BAB12 ),28.09.2026,"BAB12, Oder-Spree","Ein Pkw Jeep Grand Cherokee erregte am 28.09.2026 gegen 13:10 Uhr kurz vor der Anschlussstelle Frankfurt (Oder)-West die Aufmerksamkeit von Zivilfahndern. Erste Versuche den Wagen zum Anhalten zu bewegen, ließen erkennen, dass der Mann hinter dem Steuer dazu nicht gewillt war.
Der Fahrer des Jeeps fuhr in der Folge auf einen Streifenwagen auf und kam schließlich zum Stehen. Nun kam der Fahrer um eine Kontrolle nicht mehr umhin. Hierbei kam zum Vorschein, dass die angebrachten Kennzeichentafeln Komplettfälschungen waren. Überdies war nach dem Wagen bereits nach einer Diebstahlshandlung gefahndet worden. Der 32-jährige polnische Fahrer des Wagens wurde vorläufig festgenommen und bekam die Möglichkeit sich gegenüber Kriminalisten zu den Vorwürfen zu positionieren. Die Beamten als auch der Fahrer des Jeeps blieben bei dem Auffahrunfall unverletzt. Es entstand Sachschaden.",https://polizei.brandenburg.de/pressemeldung/festnahme/5713438
Alkohol am Steuer und auch noch ohne Führerschein (Spreenhagen ),28.09.2026,"Spreenhagen, Oder-Spree","Am Vormittag des 27.09.2026 zogen Polizisten auf der L36 einen Peugeot aus dem Verkehr. Am Steuer des Wagens saß ein 60 Jahre alter Mann, der Alkoholgeruch verströmte und auch keine Fahrerlaubnis besaß. War ihm das Dokument doch vor einiger Zeit gerichtlich entzogen worden. Ein Test brachte kurz darauf auch einen Wert von 2,12 Promille hervor. Die Fahrt war damit beendet und es ging zu einem Arzt, welcher dem Delinquenten eine Blutprobe entnahm. Jetzt wird gegen ihn ein Ermittlungsverfahren geführt.",https://polizei.brandenburg.de/pressemeldung/alkohol-am-steuer-und-auch-noch-ohne-fue/5713347
Jugendliche verletzen Hausherrn (Woltersdorf ),28.09.2026,"Woltersdorf, Oder-Spree","Am Abend des 26.09.2026 betraten mehrere junge Leute ein Grundstück in der Rüdersdorfer Straße. Als sie der Hausherr des Feldes verwies, erhielt der 36-Jährige einen Faustschlag ins Gesicht, welcher leichte Verletzungen hinterließ. Anschließend verließ der Täter mit seinen Kumpels den Ort des Geschehens. Wer diejenigen waren und was sie am Tatort eigentlich wollten, ermittelt nun die Kriminalpolizei.",https://polizei.brandenburg.de/pressemeldung/jugendliche-verletzen-hausherrn/5713346
Durch Faustschlag verletzt (Fürstenwalde/Spree ),28.09.2026,"Fürstenwalde/Spree, Oder-Spree","Am Morgen des 26.09.2026 unterhielt sich ein junger Mann bei einer Gartenparty im Siedlerweg mit anderen Personen, als ihm plötzlich einer der Herren einen Faustschlag ins Gesicht versetzte. Der 17-jährige Syrer erlitt dabei auch Verletzungen, die später im Krankenhaus behandelt werden mussten. Wer ihn derart malträtierte und welche Motivation derjenige hatte, ermittelt nun die Kriminalpolizei.",https://polizei.brandenburg.de/pressemeldung/durch-faustschlag-verletzt/5713345
Ermittlungen eingeleitet (BAB 12/Lebbiner Heide ),25.09.2026,"BAB 12/Lebbiner Heide, Oder-Spree","Am frühen Morgen des 25.09.2026 wandten sich zwei polnische Staatsbürger an die Polizei, um ein Geschehen zu schildern, welches ihnen gegen 02:30 Uhr auf dem Parkplatz Lebbiner Heide widerfahren war.
Demnach hatten Vater und Sohn dort Rast gemacht, als sie von einem noch Unbekannten angesprochen wurden. Der bat um eine Zigarette und verwickelte die beiden in ein Gespräch. Währenddessen machte sich ein Komplize am Auto der 56 und 19 Jahre alten Männer zu schaffen. Nach ersten Erkenntnissen konnte er aus dem Innenraum eine Tasche mit persönlichen Dokumenten und Bargeld stehlen. Doch bemerkten die Betroffenen schnell, dass etwas nicht stimmte. Sie passten die Diebe auf dem Rastplatz ab und stellten sie zur Rede. Dann aber sahen sie sich eines gezogenen Messers gegenüber und der Vater erhielt einen Faustschlag ins Gesicht. So konnten die Täter entkommen.",https://polizei.brandenburg.de/pressemeldung/ermittlungen-eingeleitet/5713237
In Gewahrsam genommen (Fürstenwalde/Spree),25.09.2026,"Fürstenwalde/Spree, Oder-Spree","Am frühen Morgen des 25.09.2026 wandten sich Anwohner der Neuen Gartenstraße an die Polizei, nachdem sie durch ruhestörenden Lärm aus dem Schlaf gerissen worden waren. Verursacher des Ganzen war ein Mann, der sich von gutem Zureden der Nachbarschaft nicht beeindrucken ließ. Also rückten Polizisten aus und stellten fest, dass der 28-Jährige nicht nur Drogen zu sich genommen, sondern auch mutmaßliche Betäubungsmittel in der Wohnung vorrätig hatte. Der deutsche Staatsbürger verbrachte die kommenden Stunden im polizeilichen Gewahrsam und erwartet nun ein Ermittlungsverfahren.",https://polizei.brandenburg.de/pressemeldung/in-gewahrsam-genommen/5713235
Bei Tankbetrug ertappt (Erkner ),25.09.2026,"Erkner, Oder-Spree","Am Vormittag des 24.09.2026 fuhr ein Mann mit einem, laut angebrachten Kennzeichen, in Berlin zugelassenen PKW auf das Gelände einer Tankstelle in der Berliner Straße. Dort befüllte er den Tank seines Wagens, wobei die aufgelaufene Rechnung schließlich mehr als 130 Euro umfasste. Statt zu zahlen, setzte sich der „Kunde“ aber wieder in das Auto und wollte sich von dannen machen. Doch hatte das Personal aufgepasst und konnte die Flucht vereiteln. Wie sich herausstellte, ist der 51-jährige Deutsche nicht zum ersten Mal mit einem derartigen Delikt aufgefallen. Die Kennzeichen gehörten gar nicht an das Fahrzeug, welches zudem nicht einmal für den Straßenverkehr zugelassen war. Und einen Führerschein besaß er auch nicht, denn das Dokument war ihm vor einiger Zeit schon entzogen worden. Das Ganze wird nun erneut juristische Konsequenzen mit sich bringen. Diesmal lauten die Vorwürfe nicht nur auf Tankbetrug, sondern darüber hinaus noch auf Urkundenfälschung sowie Fahren ohne Fahrerlaubnis.",https://polizei.brandenburg.de/pressemeldung/bei-tankbetrug-ertappt/5713234
Kreuzung nach Unfall gesperrt (Fürstenwalde/Spree ),24.09.2026,"Fürstenwalde/Spree, Oder-Spree","Gegen 09:55 Uhr stießen am 23.09.2026 zwei Fahrzeug im Kreuzungsbereich Rauener Kirchweg / Alte Petersdorfer Straße zusammen. Die 62 und 63 Jahre alten Fahrerinnen galten in Folge des Zusammenstoßes als leicht verletzt. Rettungskräfte brachten die Frauen in ein umliegendes Krankenhaus. Die beiden Wagen erwiesen sich als nicht mehr fahrbereit. Die entstandene Schadenshöhe wird auf 30.000 Euro geschätzt. Die Polizei protokollierte den Verkehrsunfall. Nun ermitteln Kriminalisten, wie es dazu hatte kommen können.",https://polizei.brandenburg.de/pressemeldung/kreuzung-nach-unfall-gesperrt/5713160
Das wird ein juristisches Nachspiel haben (Prenzlau),06.10.2026,"Prenzlau, Uckermark","Am 05.10.2026 wollten sich Polizisten eine Motorradfahrerin einmal etwas genauer besehen, die ihnen gegen 17:40 Uhr in der Schwedter Straße durch rasante Fahrweise ins Auge gestochen war.
Doch dachte die Frau gar nicht daran, den Anhalteaufforderungen auch Folge zu leisten. Vielmehr suchte sie in weiterhin rasanter Fahrweise ihr Heil in der Flucht. Das Ganze führte von der Schwedter Straße über die Stettiner Straße, wo die renitente Dame an der Kreuzung Dr.-Wilhelm-Külz-Straße wendete und sich nun in Richtung Neustädter Damm bewegte, wobei das Krad im Zick-Zack-Kurs voraus befindliche Fahrzeuge überholte. Erst in der Straße Am Strom lenkte die Bikerin ein und stoppte die KTM.
Wie nun herauskam, handelte es sich bei ihr um eine 23-jährige Prenzlauerin, die bislang noch niemals polizeilich aufgefallen war. Was sie geritten hatte, sich an diesem Abend derart aufzuführen, wird jetzt im Rahmen eines Ermittlungsverfahrens zu klären sein. Ihren Führerschein ist die junge Frau erst einmal los. Das Dokument nahmen ihr die Polizisten nämlich umgehend ab.",https://polizei.brandenburg.de/pressemeldung/das-wird-ein-juristisches-nachspiel-habe/5713916
Polizei im Einsatz (Frauenhagen),06.10.2026,"Frauenhagen, Uckermark","Am späten Abend des 05.10.2026 störte Lärm die nächtliche Ruhe in Frauenhagen. Als sich alarmierte Polizisten der Verursacher des Ganzen annehmen wollten, wurden sie mit einer Naziparole empfangen.
Die Beamten stellten den Schreihals an der Kreuzung Schönermarkstraße/Am Hang, sahen sich dann aber dessen Aggressionen und zweier anderer Herren ausgesetzt, die dem 29-Jährigen zu Hilfe eilten.
Während einer der Kumpels unter Einsatz eines Distanzelektroimpulsgerätes („Taser“) anfänglich in Schach gehalten werden konnte, zerstörte der andere die Frontscheibe eines Funkstreifenwagens mit einer Glasflasche. Anschließend flüchtete der Mann, fand sich aber bald im Griff von Polizisten wieder.
Trotzdem versuchten die drei Herren weiterhin, die Einsatzkräfte anzugreifen. Erst als abermals ein Taser, diesmal gegen den 29-Jährigen, zum Einsatz gekommen war, beruhigte sich die Lage. Der Angermünder sowie seine 40 und 54 Jahre alten Kumpanen kamen in polizeilichen Gewahrsam. Alle sind bereits hinlänglich bekannt und werden sich nun erneut zu verantworten haben.",https://polizei.brandenburg.de/pressemeldung/polizei-im-einsatz/5713915
In Gewahrsam genommen (Schwedt/Oder ),02.10.2026,"Schwedt/Oder, Uckermark","Am späten Abend des 01.10.2026 randalierte eine Frau vor einem Mehrfamilienhaus in der Michail-Lomonossow-Straße. Dabei ging die Glasscheibe der Eingangstür zu Bruch, was einen Sachschaden von rund 1.000 Euro mit sich brachte. Als Polizisten sich ihrer annehmen wollten, reagierte die 33-Jährige aggressiv. Die Ukrainerin hatte zudem einen Atemalkoholwert von 1,81 Promille aufzuweisen. Zur Verhinderung weiterer Straftaten verbrachte die Wütende die kommenden Stunden im Polizeilichen Gewahrsam. Dort konnte sie ihren Rausch ausschlafen. Was sie derart in Rage versetzt hatte, klärt anschließend die Kriminalpolizei.",https://polizei.brandenburg.de/pressemeldung/in-gewahrsam-genommen/5713644
Einbrecher vertrieben (Brüssow),02.10.2026,"Brüssow, Uckermark","Am Nachmittag des 01.10.2026 wurde die Bewohnerin eines Hauses in Frauenhagen durch Geräusche geweckt, die von der Eingangstür zu kommen schienen. Bei Nachschau entdeckte sie zwei Frauen, die sich gerade in der Küche zu schaffen machten. Das Erscheinen der Geschädigten animierte die Eindringlinge dann zur Flucht. Wer sie waren und wie sie in die Räumlichkeiten gelangten, ermittelt nun die Kriminalpolizei.",https://polizei.brandenburg.de/pressemeldung/einbrecher-vertrieben/5713643
Verdacht auf Brandstiftung (Prenzlau ),02.10.2026,"Prenzlau, Uckermark",Am frühen Morgen des 02.10.2026 rückten Kameraden der Feuerwehr in die Brüssower Allee aus. Dort war es entlang der Bahnschienen zu einem Böschungsbrand gekommen. Das Ganze erstreckte sich über eine Fläche von 15 qm und konnte rasch gelöscht werden. Ersten Erkenntnissen zufolge könnte Brandstiftung vorliegen. Diesem Verdacht wird nun nachgegangen.,https://polizei.brandenburg.de/pressemeldung/verdacht-auf-brandstiftung/5713642
In Keller eingedrungen (Prenzlau),02.10.2026,"Prenzlau, Uckermark","Wie der Polizei am 01.10.2026 angezeigt wurde, haben sich noch Unbekannte mittels roher Gewalt Zutritt zu sieben Verschlägen in den Kellern zweier Mehrfamilienhäuser in der Heinrich-Heine-Straße verschafft. Nach ersten Erkenntnissen fiel ihnen dort ein Fahrrad in die Hände. Wer die Täter waren, ermittelt nun die Kriminalpolizei.",https://polizei.brandenburg.de/pressemeldung/in-keller-eingedrungen/5713641
Jugendlichen geschlagen und verletzt (Prenzlau),02.10.2026,"Prenzlau, Uckermark","Am Nachmittag des 01.10.2026 war ein 15-Jähriger in der Rosa-Luxemburg-Straße unterwegs, als ihm zwei Männer entgegenkamen. Bei Passieren dieser Männer versetzte das Duo dem Jugendlichen plötzlich Schläge ins Gesicht, was ihm Verletzungen einbrachte, die später in einem Krankenhaus behandelt werden mussten. Wer die Schläger waren und welche Motivation diejenigen hatten, ermittelt nun die Kriminalpolizei.",https://polizei.brandenburg.de/pressemeldung/jugendlichen-geschlagen-und-verletzt/5713640
Buntmetalldiebe haben zugeschlagen (Prenzlau),01.10.2026,"Prenzlau, Uckermark","Am Morgen des 01.10.2026 wurden Polizisten in den Georg-Dreke-Ring gerufen. Dort hatten sich Diebe auf einer Baustelle zu schaffen gemacht und mehrere Hundert Meter an Kabeln von Stromkästen, Baumaschinen und Containern abgeschnitten. Bei ersten Ermittlungen fand sich eine Vielzahl offensichtlich frisch abgetrennter Kabel in der Umgebung an. Die Täter hatten das Ganze dort wohl zum Abtransport bereitgelegt. Wer sich da betätigte, ermittelt nun die Kriminalpolizei.",https://polizei.brandenburg.de/pressemeldung/buntmetalldiebe-haben-zugeschlagen/5713578
Verletzungen davongetragen (Schwedt/Oder ),01.10.2026,"Schwedt/Oder, Uckermark","Am späten Abend des 30.09.2026 wandte sich ein 38-Jähriger an die Polizei, nachdem er am Platz der Befreiung von einem noch Unbekannten Faustschläge ins Gesicht erhalten hatte. Dadurch erlitt der Geschädigte Verletzungen, die später auch im Klinikum behandelt werden mussten. Wer ihn derart malträtierte und was für eine Motivation derjenige hatte, ermitteln nun Kriminalisten der Inspektion Uckermark.",https://polizei.brandenburg.de/pressemeldung/verletzungen-davongetragen/5713576
Ungebetene Gäste (Seehausen),30.09.2026,"Seehausen, Uckermark",Unbekannte nutzten den Schutz der Dunkelheit am 29.09.2026 zwischen 01:00 Uhr und 03:00 Uhr und gelangten in die Geschäftsräume einer gastronomischen Einrichtung in der Dorfstraße. Dort verzehrten sie Lebensmittel aus dem Bestand des Hauses und nahmen Bargeldbestände an sich. Außerdem hinterließen die unbekannten Täter Sachschäden in Gästezimmern. Die Polizei leitete ein Strafverfahren ein und sicherte Spuren.,https://polizei.brandenburg.de/pressemeldung/ungebetene-gaeste/5713542
Leichtmetall gestohlen (Uckerland),30.09.2026,"Uckerland, Uckermark","Auf der Ortsverbindungsstraße von Wismar und Hansfelde waren Leichtmetallplatten aufgebracht, die nun in die Hände von Kriminellen gefallen sind. Die Polizei leitete hierzu am 29.09.2026 ein Strafverfahren ein. Die Täter brachten sich nicht nur mit erheblichem logistischen Aufwand in den Besitz mehrerer Tonnen Diebesgut, sondern hinterließen damit auch noch einen Schaden von schätzungsweise 18.000 Euro.",https://polizei.brandenburg.de/pressemeldung/leichtmetall-gestohlen/5713541
Verkehrsunfall fordert Verletzungen (Prenzlau ),28.09.2026,"Prenzlau, Uckermark","In der Neubrandenburger Straße fuhr ein 16-Jähriger am 28.09.2026 gegen 07:25 Uhr mit seinem Mofa auf ein Fahrzeug auf. Ersten Erkenntnissen nach könnte ein technischer Defekt der Bremsanlage im Zusammenhang mit dem Verkehrsunfall stehen. Die Polizei stellte das Mofa sicher, informierte die Erziehungsberechtigten des Jugendlichen und nahm den Verkehrsunfall auf. Der 16-Jährige erlitt in Folge des Zusammenstoßes leicht Verletzungen. Alarmierte Rettungskräfte brachten den Jugendlichen in ein umliegendes Krankenhaus.",https://polizei.brandenburg.de/pressemeldung/verkehrsunfall-fordert-verletzungen/5713421
Pedelec gestohlen (Prenzlau ),28.09.2026,"Prenzlau, Uckermark",Seit dem 28.09.2026 führt die Kriminalpolizei der Inspektion Uckermark ein Strafverfahren zur Aufklärung eines Diebstahldeliktes. Im Bündigershof sollen Kriminelle sich widerrechtlich Zutritt zu einem Grundstück verschafft und dort einen Mähroboter sowie ein Pedelec gestohlen und damit einen geschätzten Sachschaden von 2.150 Euro verursacht haben.,https://polizei.brandenburg.de/pressemeldung/pedelec-gestohlen/5713420
Brennende Autos und mehr… (Nordwestuckermark ),28.09.2026,"Nordwestuckermark, Uckermark",Am frühen Morgen des 28.09.2026 rückten Kameraden der Feuerwehr in die Prenzlauer Straße im Ortsteil Gollmitz aus. Dort waren zwei VW Golf in Brand geraten und hatten die Flammen einen Gesamtschaden von mehreren Tausend Euro hinterlassen. Zudem fanden sich in der Straße noch ein Skoda Kodiaq und ein Ford C-Max mit beschädigten Reifen. Die Kriminalpolizei ermittelt nun zur Ursache des Ganzen und wer dafür verantwortlich ist.,https://polizei.brandenburg.de/pressemeldung/brennende-autos-und-mehr-/5713333
Ermittlungen eingeleitet (Boitzenburg ),28.09.2026,"Boitzenburg, Uckermark","Die Polizei ermittelt seit dem frühen Morgen des 28.09.2026 zu einer Vielzahl an Sachbeschädigungen. Noch Unbekannte hatten sich an den Reifen mehrerer in der Puschkinstraße abgestellter Fahrzeuge zu schaffen gemacht und darüber hinaus Haustüren sowie Briefkästen in der Umgebung mit Farbe beschmiert. Wer sich da betätigte und welche Motivation dahintersteckte, ermittelt nun die Kriminalpolizei.",https://polizei.brandenburg.de/pressemeldung/ermittlungen-eingeleitet/5713330
Mutmaßliche Diebe gestellt (Oberuckersee ),28.09.2026,"Oberuckersee, Uckermark","In der Mittagszeit des 27.09.2026 machten sich zwei junge Männer an einem im Ortsteil Seehausen abgestellten Motorroller zu schaffen. Doch war das Ganze nicht unbemerkt geblieben und so wurde die Polizei eingeschalten. Als die Diebe bemerkten, dass sie aufgeflogen waren, ließen sie das Gefährt fallen und rannten davon. Mit einer sehr guten Personenbeschreibung ausgestattet, konnten Polizeibeamte beide jedoch wenig später dingfest machen. Bei ihnen handelte es sich um 14 und 15 Jahre alte Herren, die trotz ihrer Jugend nicht zum ersten Mal auffällig geworden waren. Sie werden sich für ihr Tun nun auch zu verantworten haben.",https://polizei.brandenburg.de/pressemeldung/mutmassliche-diebe-gestellt/5713329
Elektroschocker abgenommen (Schwedt/Oder ),28.09.2026,"Schwedt/Oder, Uckermark","Am frühen Morgen des 27.09.2026 besahen sich Polizisten einen Fahrradfahrer etwas näher, der ihnen in der Werner-Seelenbinder-Straße ins Auge gestochen war. Dabei fiel den Beamten eine „Taschenlampe“ auf, welche sich bei Inaugenscheinnahme als Elektroschocker erwies. Der bereits hinlänglich bekannte 36-jährige Deutsche musste das gefährliche Stück herausgeben und erhielt eine Anzeige wegen Verstoßes gegen das Waffengesetz.",https://polizei.brandenburg.de/pressemeldung/elektroschocker-abgenommen/5713326
Tatverdächtige gestellt (Angermünde ),28.09.2026,"Angermünde, Uckermark","Nachdem der Polizei am Samstagnachmittag ein Raubdelikt angezeigt worden war, liefen umgehend Fahndungsmaßnahmen im Umkreis des Schwedter Ortsteils Passow an, die zu dieser Zeit aber noch nicht zum Erfolg führten.
Tags darauf ist dann eine zweite Tat bekannt geworden. In diesem Fall wurde am Bahnhof Angermünde ein Jugendlicher von drei jungen Männern umstellt und zum Leeren seiner Taschen aufgefordert. Da der Angesprochene offenbar nicht schnell genug reagierte, fassten die Räuber selbst zu und nahmen das Mobiltelefon des 16-Jährigen an sich.
Im Zuge der Ermittlungen konnten schließlich Hinweise auf die Identität der Räuber erlangt werden. Zwei 17-Jährige sind noch am Sonntag in Angermünde und ihr 20 Jahre alter Kumpel in Schwedt/Oder gestellt worden. Bei ihnen fanden sich Beweismittel, die allesamt sichergestellt wurden. Im Rahmen der Untersuchungen wird zudem geklärt, ob die drei Herren für weitere Taten verantwortlich sein könnten.
Lesen Sie dazu auch die Ausgangsmeldung vom vergangenen Wochenende:
Zeugen nach Raub gesucht - Passow
Am Samstagnachmittag (26.09.2026) befand sich ein junger Mann in der Schwedter Chaussee in Passow. An der dortigen Bushaltestelle wurde er von drei weiteren Männern angesprochen, bedroht und geschlagen. Die Täter erbeuteten eine nicht unerhebliche Menge Geld vom Geschädigten. Die Kriminalpolizei hat die Ermittlungen zur Sache aufgenommen und sucht Zeugen, welche Angaben zu den drei Männern machen können. Diese sollen sich bereits geraume Zeit an der Bushaltestelle aufgehalten haben.
Bitte melden Sie sich bei der nächstgelegenen Polizeidienststelle oder über das Hinweisportal polizei.brandenburg.de.",https://polizei.brandenburg.de/pressemeldung/tatverdaechtige-gestellt/5713324
PKW und Linienbus stießen zusammen (Schwedt/Oder ),25.09.2026,"Schwedt/Oder, Uckermark",Am 24.09.2026 wurde der Polizei gegen 15:10 Uhr ein Verkehrsunfall gemeldet. In der Berliner Straße/Ecke Wasserplatz waren kurz zuvor ein Opel Adam und ein Linienbus zusammengestoßen. Die Wucht des Aufpralls beförderte den Kleinwagen auf zwei Verkehrsinseln. So entstand ein Sachschaden von rund 10.000 Euro. Nach bisherigen Erkenntnissen trug bei dem Geschehen aber niemand Verletzungen davon.,https://polizei.brandenburg.de/pressemeldung/pkw-und-linienbus-stiessen-zusammen/5713225
In Keller eingedrungen (Schwedt/Oder ),24.09.2026,"Schwedt/Oder, Uckermark","Wie der Polizei am 24.09.2026 angezeigt wurde, haben sich noch Unbekannte Zutritt zum Keller eines Mehrfamilienhauses in der Bertha-von-Suttner-Straße verschafft. Aus einem der Verschläge stahlen die Eindringlinge dann ein Teleskop und ein Stativ. Der somit hinterlassene Sachschaden wird auf rund 800 Euro geschätzt.",https://polizei.brandenburg.de/pressemeldung/in-keller-eingedrungen/5713224
Und noch versucht zu flüchten… (Prenzlau ),24.09.2026,"Prenzlau, Uckermark","Am Vormittag des 24.09.2026 wollten sich Polizisten einen jungen Mann einmal etwas näher besehen, der ihnen in der Winterfeldstraße ins Auge gestochen war. Doch beschleunigte dieser daraufhin seinen Elektroroller und wollte sich offensichtlich entfernen. So flott war er dann aber auch wieder nicht, so dass die Beamten ihn bald eingeholt hatten. Nun räumte der bereits hinlänglich bekannte 15-Jährige ein, Drogen zu sich genommen zu haben. Er musste eine Blutprobe lassen und erhielt eine Anzeige.",https://polizei.brandenburg.de/pressemeldung/und-noch-versucht-zu-fluechten-/5713223
Ohne Versicherungsschutz (Milmersdorf ),24.09.2026,"Milmersdorf, Uckermark","Am Nachmittag des 24.09.2026 besahen sich Polizisten den Fahrer eines Chryslers samt dessen Wagen einmal etwas näher. Und siehe da – für das Auto bestand gar kein Versicherungsschutz mehr! Der 42-jährige Mann, der am Steuer gesessen hatte, musste die Weiterfahrt mit öffentlichen Verkehrsmitteln bestreiten und erhielt eine Anzeige.",https://polizei.brandenburg.de/pressemeldung/ohne-versicherungsschutz/5713222
Das war dann doch zu offensichtlich (Lychen ),24.09.2026,"Lychen, Uckermark","Am 24.09.2026 erhielt eine Einwohnerin der Stadt ein Schreiben, welches angeblich von einem Berliner Rechtsanwalt stammte. Dieser Herr „Müller“ forderte sie auf, für die seit mehreren Jahren bestehende Mitgliedschaft bei einer Lottogesellschaft endlich die fälligen Beiträge zu zahlen. Und er forderte gleich einmal fast 5.000 Euro von ihr! Nur hatte die Dame niemals Lotto gespielt und da sie sich keiner Schuld bewusst war, informierte sie die Polizei. Die ermittelt nun, wer sie um so viel Geld hatte bringen wollen.",https://polizei.brandenburg.de/pressemeldung/das-war-dann-doch-zu-offensichtlich/5713221
Verkehrsdelikt (Schwedt/Oder ),24.09.2026,"Schwedt/Oder, Uckermark","Am 23.09.2026 fuhr gegen 10:40 Uhr in der Oderstraße ein 60-Jähriger mit einem Pkw Peugeot und geriet in die Kontrolle von Bundespolizisten. Wie sich herausstellte war der Mann erst kurz zuvor vom Amtsgericht Schwedt/Oder wegen des Fahrens ohne Fahrerlaubnis verurteilt worden. Die zuständige Landespolizei nahm Kontakt zur Staatsanwaltschaft auf, die kurzerhand die Einziehung des Peugeot anordnete. Die Beamten untersagten dem Mann abermals die Weiterfahrt und leiteten erneut ein Strafverfahren wegen des Verdachts des Fahrens ohne Fahrerlaubnis ein.",https://polizei.brandenburg.de/pressemeldung/verkehrsdelikt/5713148
Radfahrerin schwer verletzt (Lychen ),24.09.2026,"Lychen, Uckermark","In der Berliner Straße stieß am 23.09.2026 gegen 08:40 Uhr eine Radfahrerin mit einem fahrenden Pkw zusammen und verletzte sich dabei schwer. Rettungskräfte brachten die verletzte 71-Jährige in ein Krankenhaus. Die Polizei nahm den Verkehrsunfall zu Protokoll. Die Kriminalpolizei wird nun zu ermitteln haben, wie es zu dem Zusammenstoß hatte kommen können.",https://polizei.brandenburg.de/pressemeldung/radfahrerin-schwer-verletzt/5713146
Verkehrsunfälle im Stadtgebiet (Cottbus),05.10.2026,"Cottbus, Cottbus","Auf einem Parkplatz in der Paul-Greifzu-Straße sind Montagmittag zwei Autos aufgefahren. Bei der Kollision wurde niemand verletzt und sowohl der KIA als auch der BMW blieben fahrbereit. Der entstandene Schaden wurde vor Ort auf etwa 8.000 Euro geschätzt.
In der Straße der Jugend sorgte gegen 13:00 Uhr ein missglücktes Überholmanöver dafür, dass ein PKW MERCEDES und ein LKW zusammenstießen. Für die B-Klasse musste bei einem Gesamtschaden von rund 13.000 Euro ein Abschleppdienst organisiert werden.
Zu einem Auffahrunfall in der Mauster Straße wurde die Polizei am Dienstag gegen 09:30 Uhr gerufen. Für einen beteiligten PKW BMW ging es auf dem Abschleppwagen weiter. Die Kollision mit einem VW hatte einen Schaden von mindestens 16.000 Euro hinterlassen.",https://polizei.brandenburg.de/pressemeldung/verkehrsunfaelle-im-stadtgebiet/5713961
Brennender Müll (Cottbus),05.10.2026,"Cottbus, Cottbus","Ein brennendes Müllauto in der Parzellenstraße hat am Dienstag gegen 08:00 Uhr Feuerwehr und Polizei beschäftigt. Die Feuerwehr konnte den Brand im Laderaum zügig löschen, sodass sich der Schaden auf einige tausend Euro beschränkt und das Fahrzeug weiter fahrbereit blieb.
Die Polizei hat Ermittlungen wegen fahrlässiger Brandstiftung eingeleitet. Vermutlich hat sich etwas Entflammbares, wie beispielsweise ein Akku, zwischen dem Sperrmüll befunden.",https://polizei.brandenburg.de/pressemeldung/brennender-muell/5713960
Brennende Garagen (Cottbus),04.10.2026,"Cottbus, Cottbus","Am Sonntag kurz vor 16:00 Uhr wurden Feuerwehr und Polizei in die Straße An der Bahn gerufen. Am Einsatzort wurden zwei brennende Garagen festgestellt und anschließend durch die Feuerwehr gelöscht.
Gegen 17:00 Uhr konnten Feuerwehr und Polizei den Einsatz beenden, die Schadenssumme wurde auf rund 500 Euro geschätzt. Die Beamten leiteten ein Ermittlungsverfahren ein.",https://polizei.brandenburg.de/pressemeldung/brennende-garagen/5713872
Lenkrad und Scheinwerfer ausgebaut (Cottbus),04.10.2026,"Cottbus, Cottbus","Zeugen informierten am Sonntag gegen 13:45 Uhr die Polizei über einen Diebstahl in der Thiemstraße. Unbekannte hatten sich gewaltsam Zugang zu einem PKW Porsche verschafft und anschließend das Lenkrad und Frontscheinwerfer ausgebaut.
Die Beamten leiteten ein Ermittlungsverfahren ein, die Schadenshöhe wurde auf rund 7.000 Euro geschätzt.",https://polizei.brandenburg.de/pressemeldung/lenkrad-und-scheinwerfer-ausgebaut/5713871
Zwei Verletzte nach Prügelei (Cottbus),04.10.2026,"Cottbus, Cottbus","Am Sonntag gegen 15:30 Uhr wurde die Polizei durch Zeugen in die Vetschauer Straße gerufen. Aus einem Streitgespräch entstand eine körperliche Auseinandersetzung zwischen drei Personen, nach welcher eine männliche Person flüchtete.
Alle Beteiligten konnten durch die Polizei gefunden werden. Zwei Personen wurden bei der Auseinandersetzung verletzt, ein Mann wurde zur weiteren medizinischen Behandlung in ein Krankenhaus gebracht. Die Hintergründe des Streites sind Gegenstand der weiteren Ermittlungen.",https://polizei.brandenburg.de/pressemeldung/zwei-verletzte-nach-pruegelei/5713870
Verkehrsunfälle im Stadtgebiet (Cottbus),04.10.2026,"Cottbus, Cottbus","Am Freitag gegen 22:00 Uhr stieß ein Lieferfahrzeug mit einem PKW VW im Stadtring zusammen. Beide Fahrzeuge blieben bei einer geschätzten Schadenssumme von 2.000 Euro fahrbereit.
Etwas später kollidierten in der Deffkestraße ein PKW HYUNDAI und ein PKW VW. Auch hier blieben beide Autos fahrbereit. Der Schaden wurde auf rund 5.000 Euro geschätzt.
Am Samstag gegen 21:10 Uhr kollidierte ein PKW VW mit zwei geparkten PKW in der Rudolf-Breitscheid-Straße. Es wurde niemand verletzt. Der „Golf“ war nicht mehr fahrbereit, die Schadenssumme wurde auf rund 20.000 Euro geschätzt.
Am Sonntag gegen 19:30 Uhr waren eine Radfahrerin und ein PKW OPEL in der Welzower Straße zusammengestoßen. Während der Unfallaufnahme stellte sich heraus, dass die Radlerin offenbar alkoholisiert unterwegs war. In der Folge schloss sich eine beweissichernde Blutprobe für die 66-Jährige an. Sowohl der „Corsa“ als auch das Rad blieben fahrbereit, die Schadenshöhe wurde auf rund 3.500 Euro geschätzt.",https://polizei.brandenburg.de/pressemeldung/verkehrsunfaelle-im-stadtgebiet/5713869
Radfahrer verletzt (Cottbus),01.10.2026,"Cottbus, Cottbus","Am Donnerstag gegen 17:15 Uhr wurden Polizei und Rettungsdienst in die Straße Am Nordrand gerufen. Offenbar aufgrund eines Vorfahrtsfehlers waren ein PKW DACIA und ein Radfahrer kollidiert.
Der 63-jährige Radfahrer wurde durch den Zusammenstoß verletzt, sowohl der „Sandero“ als auch das Rad blieben fahrbereit. Der Schaden wurde auf rund 200 Euro geschätzt.",https://polizei.brandenburg.de/pressemeldung/radfahrer-verletzt/5713712
Fahrer offenbar alkoholisiert (Cottbus),01.10.2026,"Cottbus, Cottbus","Polizeibeamte kontrollierten am Freitag gegen 07:30 Uhr einen PKW VW im Merzdorfer Weg. Während der Kontrolle stellte sich heraus, dass der 44-jährige Fahrer offenbar alkoholisiert unterwegs war, da ein Atemalkoholtest einen Wert über 1 Promille ergab.
Im Anschluss wurde eine beweissichernde Blutprobe durchgeführt und die Weiterfahrt untersagt.",https://polizei.brandenburg.de/pressemeldung/fahrer-offenbar-alkoholisiert/5713711
Verletzte bei Verkehrsunfall (Cottbus),30.09.2026,"Cottbus, Cottbus","Gleich vier Autos sind am Dienstagnachmittag in der Zimmerstraße Ecke Karlstraße zusammengestoßen. Aus noch ungeklärter Ursache hatte ein PKW VW einen entgegenkommenden PEUGEOT gestreift und war anschließend mit einem SKODA zusammengestoßen, der wiederum auf einen FORD geschoben wurde. Alle Insassen, darunter zwei Kinder, wurden nach erstem Anschein nur leicht verletzt. Der Sachschaden summierte sich allerdings auf mehrere Zehntausend Euro.",https://polizei.brandenburg.de/pressemeldung/verletzte-bei-verkehrsunfall/5713534
Müllcontainer brennt (Cottbus ),30.09.2026,"Cottbus, Cottbus","Feuerwehr und Polizei wurden am Dienstag gegen 14:45 Uhr in die Willi-Budich-Straße gerufen. Dort brannte eine Papiermülltonne. Die Feuerwehr konnte die Flammen zügig löschen, der entstandene Schaden wird auf etwa 500 Euro geschätzt. Die Polizei ermittelt nun zur Brandursache.",https://polizei.brandenburg.de/pressemeldung/muellcontainer-brennt/5713529
"Erst weg, dann wieder da (Cottbus)",30.09.2026,"Cottbus, Cottbus","Ein Mann aus dem Stadtteil Schmellwitz meldete sich Dienstagnachmittag bei der Polizei: Sein Anhänger sei gestohlen worden. Als die Beamten kurz darauf einen Vor-Ort-Termin vereinbaren wollten, fiel dem Mann ein, dass er ja kurz zuvor den Hänger benutzt hatte, um Sachen wegzufahren. Er fuhr nachsehen und stellte fest, dass er das Gefährt nach dem Abladen vergessen hatte.",https://polizei.brandenburg.de/pressemeldung/erst-weg-dann-wieder-da/5713524
Scheibe eingeschlagen (Cottbus),30.09.2026,"Cottbus, Cottbus","Der Besitzer eines PKW VW rief Dienstagnachmittag die Polizei, weil Unbekannte die Seitenscheibe seines Autos eingeschlagen hatten. Das war in der Lobedanstraße abgestellt. Nach ersten Erkenntnissen wurde nichts aus dem Fahrzeug gestohlen, doch der entstandene Sachschaden beläuft sich auf mindestens 1.000 Euro.",https://polizei.brandenburg.de/pressemeldung/scheibe-eingeschlagen/5713519
Schlägerei auf dem Parkplatz (Cottbus),30.09.2026,"Cottbus, Cottbus","Polizei und Rettungsdienst wurden am Dienstagabend zu einem Discounter in der Leuthener Straße gerufen. Auf dem Parkplatz waren vier Männer in Streit geraten, was in eine körperliche Auseinandersetzung mündete. Drei der Männer schlugen dabei auf einen 41-Jährigen ein. Er wurde vor Ort im Rettungswagen behandelt. Die Polizei konnte die drei anderen Beteiligten im Umfeld aufgreifen und hat entsprechende Verfahren eingeleitet.",https://polizei.brandenburg.de/pressemeldung/schlaegerei-auf-dem-parkplatz/5713517
Durstige Diebe (Cottbus),28.09.2026,"Cottbus, Cottbus",Die Polizei wurde am Montagabend in die Calauer Straße gerufen. Dort waren Unbekannte in den Keller eingedrungen und hatten insgesamt vier Kellerabteile aufgebrochen. Dabei hatten sie es auf Alkoholvorräte abgesehen und dadurch einen Schaden von einigen tausend Euro verursacht.,https://polizei.brandenburg.de/pressemeldung/durstige-diebe/5713445
Autodiebstahl (Cottbus),28.09.2026,"Cottbus, Cottbus",Unbekannte sind am Dienstagmorgen in eine Laube in der Cottbuser Straße eingedrungen. Aus einer Tasche entwendeten sie die Geldbörse und die Schlüssel für einen PKW FORD. Anschließend fuhren sie mit dem „Focus“ weg. Gleichzeitig mit der Anzeigenaufnahme wurde die internationale Fahndung nach dem Auto eingeleitet.,https://polizei.brandenburg.de/pressemeldung/autodiebstahl/5713443
Brennende Mülltonne (Cottbus),27.09.2026,"Cottbus, Cottbus","Zeugen informierten am Sonntag kurz nach 19:00 Uhr die Rettungsleitstelle über eine brennende Mülltonne in der Willi-Budich-Straße. Die hinzugerufene Feuerwehr löschte die Mülltonne, welche durch den Brand komplett zerstört wurde.
Die Beamten leiteten ein Ermittlungsverfahren ein. Die Schadenssumme wurde auf rund 500 Euro geschätzt.",https://polizei.brandenburg.de/pressemeldung/brennende-muelltonne/5713322
Offenbar angezündet (Cottbus),27.09.2026,"Cottbus, Cottbus","Ein Anwohner in der Jessener Straße stellte am Sonntag gegen 08:20 Uhr fest, dass die Jalousie seiner Wohnung beschädigt wurde. Unbekannte hatten die Jalousie offenbar über Nacht in Brand gesetzt, welcher nach ersten Erkenntnissen selbst erlosch.
Durch Kriminaltechniker wurde der Brandort untersucht. Die Beamten leiteten ein Ermittlungsverfahren wegen Schwerer Brandstiftung ein. Die Schadenshöhe wurde auf rund 5.000 Euro geschätzt.",https://polizei.brandenburg.de/pressemeldung/offenbar-angezuendet/5713321
Scheibe beschädigt und Hakenkreuz geritzt (Cottbus),27.09.2026,"Cottbus, Cottbus","Die Polizei wurde am Montag gegen 07:15 Uhr in eine Bildungseinrichtung im Ortsteil Ströbitz gerufen. Unbekannte hatten sich über das Wochenende Zugang zum Gelände verschafft und gewaltsam eine Scheibe eines Gebäudes zerstört. In eine weitere Scheibe wurden ein Hakenkreuz in der Größe von neunzig mal achtzig Zentimetern und ein Schriftzug geritzt.
Die Schadenshöhe wurde auf rund 500 Euro geschätzt. Die Beamten leiteten ein Ermittlungsverfahren ein.",https://polizei.brandenburg.de/pressemeldung/scheibe-beschaedigt-und-hakenkreuz-gerit/5713320
Im Graben gelandet (Cottbus),27.09.2026,"Cottbus, Cottbus","Am Freitag gegen 18:45 Uhr meldeten Zeugen in der Kiekebuscher Straße einen LKW MERCEDES mit Anhänger, der im Straßengraben gelandet war. Während der Unfallaufnahme stellte sich heraus, dass der Fahrer des „Sprinters“ offenbar alkoholisiert unterwegs war, weshalb sich eine beweissichernde Blutprobe anschloss.
Der Fahrer wurde vor Ort medizinisch behandelt, das Gespann musste durch einen Abschleppdienst geborgen werden. Die Schadenssumme wurde auf rund 20.000 Euro geschätzt.",https://polizei.brandenburg.de/pressemeldung/im-graben-gelandet/5713318
E-Bike und Werkzeug gestohlen (Cottbus),27.09.2026,"Cottbus, Cottbus","Ein 46-Jähriger war in der Nacht zum Sonntag im Stadtzentrum feiern, seine Jacke konnte ihm im Lokal nicht mehr ausgehändigt werden. Unbekannte hatten die Jacke mit samt Fahrradschlüssel entwendet. Dies nutzten die Täter offenbar auch, um das dazugehörige E-Bike der Marke CUBE zu stehlen.  Die Schadenshöhe wurde auf rund 5.500 Euro geschätzt.
In der Philipp-Melanchthon-Straße meldeten Zeugen am Sonntag gegen 10:30 Uhr ebenfalls den Diebstahl eines Fahrrades. Unbekannte Täter hatten sich Zugang zu einem Keller in einem Mehrfamilienhaus verschafft und Werkzeug und ein Rad entwendet. Nach bisherigen Erkenntnissen ist die Schadenssumme noch unbekannt.
Am Montag gegen 07:20 Uhr wurde der Polizei ein Einbruch auf einem Industriegelände in der Saarbrücker Straße gemeldet. Hierzu hatten sich Unbekannte über das Wochenende Zugang zu einem abgestellten Fahrzeug verschafft und zwei Koffer entwendet. Die Schadenshöhe wurde auf rund 2.500 Euro geschätzt.",https://polizei.brandenburg.de/pressemeldung/e-bike-und-werkzeug-gestohlen/5713317
Kollisionen (Cottbus),24.09.2026,"Cottbus, Cottbus","Die Polizei wurde am Donnerstagmittag in eine Tiefgarage an der Karl-Marx-Straße gerufen. Ein PKW MERCEDES hatte dort beim Rangieren einen abgestellten AUDI gerammt. Dabei wurde niemand verletzt und beide Autos blieben bei einem geschätzten Gesamtschaden von einigen tausend Euro fahrbereit.
Gegen 14:30 Uhr stieß in der Ostrower Straße ein MERCEDES-Kleinbus gegen einen parkenden PKW MITSUBISHI. Hier wurde ein Sachschaden von einigen hundert Euro ins Protokoll notiert.
In der Straße der Jugend ist kurz nach 17:45 Uhr ein PKW OPEL einem BMW aufgefahren und hat diesen wiederum auf einen MAZDA geschoben. Verletzt wurde bei der Aktion niemand und alle Autos blieben fahrbereit.",https://polizei.brandenburg.de/pressemeldung/kollisionen/5713219
Ermittlungen nach übelriechendem Schaden (Cottbus),24.09.2026,"Cottbus, Cottbus","Die Polizei wurde am Donnerstag kurz nach 20:30 Uhr in die Calauer Straße gerufen. Zeugen hatten dort einen lauten Knall vernommen. Die hinzugerufenen Beamten stellten fest, dass Unbekannte die Eingangstür eines Geschäfts beschädigt und einen Behälter mit einer übelriechenden Substanz in den Laden geworfen hatten. Die Feuerwehr untersuchte die Substanz und kam zu dem Schluss, dass für die umliegenden Wohnungen keine Gefahr bestand. Kriminaltechniker sicherten noch am Abend Spuren und befragten Zeugen. Anwohner hatten kurz nach dem Knall zwei schwarz gekleidete Personen per E-Scooter flüchten sehen. Auch in der Friedrich-Ebert-Straße wurde die Tür eines Geschäftes beschädigt. Ein Eindringen war hier nicht gelungen. In diesem Zusammenhang bittet die Polizei um weitere Hinweise und fragt:
Wer hat am Donnerstagabend im Bereich Calauer Straße beziehungsweise Friedrich-Ebert-Straße verdächtige Personenbewegungen beobachtet?
Wer hat zu der fraglichen Zeit zwei schwarz gekleidete Personen auf einem E-Scooter gesehen?
Wer kann Hinweise zum Tathergang oder den Personen geben?
Mit Ihren sachdienlichen Hinweisen wenden Sie sich bitte an die Polizei in Cottbus unter der Telefonnummer 0355 4937-1227 oder an jede andere Polizeidienststelle. Nutzen Sie auch die Möglichkeit, auf der Internetseite der Polizei einen Hinweis abzugeben.",https://polizei.brandenburg.de/pressemeldung/ermittlungen-nach-uebelriechendem-schade/5713218
Brand (Cottbus),24.09.2026,"Cottbus, Cottbus",Feuerwehr und Polizei wurden am Donnerstag gegen 22:40 Uhr in die Schweriner Straße gerufen. Dort brannte es im Erdgeschoss des Gebäudes. Die Feuerwehr konnte die Flammen zügig löschen und keine Personen mussten das Haus verlassen oder wurden verletzt. Noch am Abend kamen Kriminaltechniker zum Einsatz. Die Ermittlungen zur Brandursache dauern an.,https://polizei.brandenburg.de/pressemeldung/brand/5713217
Alkoholtest schlägt an (Cottbus),24.09.2026,"Cottbus, Cottbus","Polizeibeamte stoppten am frühen Freitag kurz nach 02:30 Uhr einen E-Scooter-Fahrer in der Spremberger Straße. Ein Atemalkoholtest zeigte einen Wert im Bereich einer Ordnungswidrigkeit an, weshalb die Beamten ihm die Weiterfahrt untersagten.",https://polizei.brandenburg.de/pressemeldung/alkoholtest-schlaegt-an/5713216
PKW vs. Fahrrad (Cottbus),23.09.2026,"Cottbus, Cottbus","Aufgrund einer missachteten Vorfahrt kam es am Mittwochnachmittag gegen 15:00 Uhr zu einem Unfall an der Kreuzung am Stadtring zur Willy-Brandt-Straße. Ein PKW FORD war hier mit einer Radfahrerin kollidiert.
Dadurch wurde die 64-Jährige verletzt und zur medizinischen Behandlung ins Krankenhaus gebracht. Die Sachschäden blieben moderat.",https://polizei.brandenburg.de/pressemeldung/pkw-vs-fahrrad/5713144
Kollision mit Linienbus (Königs Wusterhausen),05.10.2026,"Königs Wusterhausen, Dahme-Spreewald","Zur Unfallaufnahme in der Nähe des Bahnhofes wurde die Polizei am Montag kurz vor 16:00 Uhr gerufen. In der Eichenallee war ein Linienbus mit einem SUZUKI-SUV aneinandergeraten, was Sachschäden von rund 7.000 Euro nach sich zog.
Beide Fahrzeuge blieben betriebsbereit, Personen waren nicht zu Schaden gekommen.",https://polizei.brandenburg.de/pressemeldung/kollision-mit-linienbus/5713956
Nach Ladendiebstahl in Polizeigewahrsam (Schönefeld),05.10.2026,"Schönefeld, Dahme-Spreewald","Angestellte eines Discounters in der Hans-Grade-Allee riefen am Montag gegen 16:30 Uhr die Polizei, da sie einen Ladendieb auf frischer Tat gesehen hatten. Der bereits polizeibekannte 43-Jährige hatte Spirituosen gestohlen und konnte von den Beamten im Umfeld des Geschäftes festgestellt werden.
Da ein Atemalkoholtest bei ihm einen Wert von mehr als vier Promille anzeigte, wurde er nach ärztlicher Untersuchung zur Verhinderung weiterer Straftaten in Polizeigewahrsam genommen. Gleichzeitig wurde ein Ermittlungsverfahren eingeleitet.",https://polizei.brandenburg.de/pressemeldung/nach-ladendiebstahl-in-polizeigewahrsam/5713955
Vorfahrt missachtet (Königs Wusterhausen),05.10.2026,"Königs Wusterhausen, Dahme-Spreewald","Die Missachtung der Vorfahrtsregelung in der Maxim-Gorki-Straße war am Montag kurz nach 16:30 Uhr die Ursache eines Verkehrsunfalls.
Bei dem Zusammenstoß eines PKW DACIA mit einem MERCEDES blieben die Insassen unverletzt und beide Autos bei einem geschätzten Sachschaden von etwa 2.500 Euro weiter fahrbereit.",https://polizei.brandenburg.de/pressemeldung/vorfahrt-missachtet/5713954
Zwei Verletzte bei Vorfahrtsunfall (Lübben),05.10.2026,"Lübben, Dahme-Spreewald","Rettungswagen und Polizei wurden am Montag kurz nach 17:00 Uhr zu einem Verkehrsunfall gerufen, der sich an der Ecke der Berliner- zur Breiten Straße ereignet hatte. Ein PKW VW war mit einem MITSUBISHI-SUV kollidiert, so dass beide Fahrzeuge mit einem fünfstelligen Sachschaden anschließend abgeschleppt werden mussten.
Ein 16-jähriger Beifahrer und ein 83-jähriger Autofahrer hatten leichte Verletzungen davongetragen und wurden zur medizinischen Versorgung ins Krankenhaus gebracht. Zur Absicherung des Rettungseinsatzes war die Kreuzung für etwa eine halbe Stunde gesperrt.",https://polizei.brandenburg.de/pressemeldung/zwei-verletzte-bei-vorfahrtsunfall/5713953
Brandstiftung (Neu Zauche),05.10.2026,"Neu Zauche, Dahme-Spreewald","Kurz vor 19:00 Uhr wurden am Montag Feuerwehr und Polizei zu einem Brandausbruch in den Ortsteil Briesensee gerufen. In der Straße Am See hatten Unbekannte Feuer in einem abgestorbenen Baum entfacht, das innerhalb weniger Minuten gelöscht werden konnte.
Neben dem Baum waren auch etwa 200 Quadratmeter Waldboden in Mitleidenschaft gezogen worden. Es wurden Ermittlungen wegen des Verdachtes einer vorsätzlichen Brandstiftung eingeleitet.",https://polizei.brandenburg.de/pressemeldung/brandstiftung/5713952
"Wildschweinrotte auf der Autobahn (BAB 113, Schönefeld)",05.10.2026,"BAB 113, Schönefeld, Dahme-Spreewald","Autofahrer riefen am Montagabend kurz vor 23:00 Uhr die Polizei auf die BAB 113, da zwischen dem Waltersdorfer Dreieck und dem Schönefelder Kreuz eine Wildschweinrotte die Fahrbahn überquert hatte. Zwei der Tiere bezahlten den Ausflug mit dem Leben, nachdem sie mit einem PKW KIA zusammengestoßen waren.
Der Fahrer eines nachfolgenden PKW MERCEDES konnte den Tieren auch nicht ausweichen, so dass es zu einer weiteren Kollision kam. Personen kamen dabei nicht zu Schaden, aber bei einem fünfstelligen Sachschaden mussten beide Autos anschließend abgeschleppt werden.",https://polizei.brandenburg.de/pressemeldung/wildschweinrotte-auf-der-autobahn/5713951
Kleinwagen nach Kollision abgeschleppt (Mittenwalde),04.10.2026,"Mittenwalde, Dahme-Spreewald","Am Sonntag waren Polizeibeamte zur Mittagszeit in der Straße Am Scheunenviertel gefragt, um einen Verkehrsunfall aufzunehmen. Unweit eines Supermarkt-Parkplatzes waren ein PKW MERCEDES und ein MITSUBISHI-Kleinwagen aneinandergeraten. Eine Autofahrerin erlitt dabei leichte Verletzungen, konnte aber nach ambulanter Versorgung im Rettungswagen wieder entlassen werden.
Bei einer vorläufigen Schadenbilanz von rund 10.000 Euro musste für den „Colt“ ein Abschleppdienst organisiert werden.",https://polizei.brandenburg.de/pressemeldung/kleinwagen-nach-kollision-abgeschleppt/5713860
Vollsperrung nach Dreifach-Kollision (BAB 13 bei Staakow),04.10.2026,"BAB 13 bei Staakow, Dahme-Spreewald","Rettungskräfte und Polizei wurden am Sonntag kurz nach 18:00 Uhr auf die BAB 13 in Fahrtrichtung Berlin gerufen, wo sich ein Verkehrsunfall ereignet hatte. Der Fahrer eines PKW VW hatte zwischen Staakow und Baruth verkehrsbedingt gebremst, was der Fahrer eines nachfolgenden MERCEDES-Kleinbusses zu spät bemerkte und auffuhr. Unmittelbar darauf war ein AUDI-SUV gegen die bereits havarierten Autos gestoßen.
Entgegen erster Vermutungen wurde dabei niemand verletzt, wie die Untersuchung im Rettungswagen ergab. Da der Atemalkoholtest bei dem 46-jährigen „Vito“-Fahrer positiv anschlug, musste er die Beamten nach der Unfallaufnahme zur Blutprobe ins Krankenhaus begleiten. Einer ersten Schätzung zufolge wurde ein Sachschaden von insgesamt 25.000 Euro protokolliert, der „Benz“ war anschließend ein Fall für den Abschleppdienst. Bis 20:00 Uhr sorgten die zeitweiligen Sperrungen der Autobahn für Verkehrsbehinderungen und einen Stau.",https://polizei.brandenburg.de/pressemeldung/vollsperrung-nach-dreifach-kollision/5713857
Löscheinsatz nach Küchenbrand (Halbe),04.10.2026,"Halbe, Dahme-Spreewald","Am Sonntagabend wurden kurz vor 20:00 Uhr Feuerwehr und Polizei alarmiert, da ein Brandausbruch in einem Wohnhaus Am Holzplatz gemeldet worden war. In der Küche war ein Kleinbrand zu löschen. Verletzt wurde niemand, alle Bewohner konnten das Gebäude rechtzeitig verlassen.
Nach wenigen Minuten konnte der Einsatz abgemeldet werden, aber das Gebäude ist ersten Informationen zufolge zeitweilig unbewohnbar, sodass die Bewohner vorübergehend bei Nachbarn unterkamen. Bisherigen Informationen zufolge wurde der Schaden am Haus fünfstellig angegeben.",https://polizei.brandenburg.de/pressemeldung/loescheinsatz-nach-kuechenbrand/5713856
"Führerschein beschlagnahmt (BAB 10, Rasthof Fichtenplan)",04.10.2026,"BAB 10, Rasthof Fichtenplan, Dahme-Spreewald","Zeugen riefen am Sonntagabend die Polizei zum Rastplatz Fichtenplan-Nord, da sie kurz vor 21:00 Uhr einen offensichtlich berauschten Autofahrer festgestellt hatten. Der Mann hatte beim Einfahren in eine Parklücke mit seinem MERCEDES-Kleinbus zunächst den Bordstein gerammt und war beinahe gegen einen Zaun gestoßen, bevor er das Auto zurück in die Lücke steuerte. Die Polizisten fanden den 42-Jährigen schlafend in seinem Fahrzeug und ein Atemalkoholtest bestätigte den Verdacht.
Der Messwert lag mit 2,2 Promille weit im Bereich einer Verkehrsstraftat. Im Rahmen des nun eingeleiteten Ermittlungsverfahrens wurde die beweissichernde Blutprobe angeordnet und der Führerschein beschlagnahmt.",https://polizei.brandenburg.de/pressemeldung/fuehrerschein-beschlagnahmt/5713855
Bücher-Telefonzelle in Brand gesetzt (Großziethen),04.10.2026,"Großziethen, Dahme-Spreewald","Alarmauslösung für Feuerwehr und Polizei am Montagmorgen. Kurz nach 01:00 Uhr stand eine öffentlich zugängliche Bücher-Telefonzelle in Alt-Großziethen in Flammen und musste gelöscht werden.
Verletzt wurde niemand, aber die Sachschäden summierten sich auf mehrere hundert Euro. Da bisherigen Ermittlungen zufolge von einer vorsätzlichen Brandstiftung ausgegangen werden muss, ermittelt nun die Kriminalpolizei.",https://polizei.brandenburg.de/pressemeldung/buecher-telefonzelle-in-brand-gesetzt/5713854
Wild ausgewichen und gegen Baum gestoßen (Märkisch Buchholz),04.10.2026,"Märkisch Buchholz, Dahme-Spreewald","Für den Fahrer eines PKW PEUGEOT begann der Montagmorgen mit einer Unfallaufnahme auf der Bundesstraße 179. Kurz nach 07:30 Uhr war er zwischen Märkisch Buchholz und Leibsch Damm einem Wildtier ausgewichen, um eine Kollision zu verhindern. Dabei kam sein Auto von der Straße ab und stieß gegen einen Baum.
Ein Fahrzeuginsasse hatte dabei leichte Verletzungen erlitten, die bei Bedarf einem Hausarzt vorgestellt werden. Mit mehreren tausend Euro Schaden musste das Fahrzeug abgeschleppt werden.",https://polizei.brandenburg.de/pressemeldung/wild-ausgewichen-und-gegen-baum-gestosse/5713852
"Kabeldiebe auf der Baustelle (Zeuthen, Königs Wusterhausen)",04.10.2026,"Zeuthen, Königs Wusterhausen, Dahme-Spreewald","Diebe trieben am vergangenen Wochenende ihr Unwesen in der Zeuthener Forstallee, wie der Polizei am Montagmorgen angezeigt wurde. Von einer Baustelle hatten sie Kupferkabel gestohlen und dazu mehrere Stromkästen aufgebrochen. Der genaue Tathergang und die Höhe der Schäden sind nun Gegenstand kriminalpolizeilicher Ermittlungen.
Nur wenig später wurden die Beamten zur Cottbuser Straße in Königs Wusterhausen gerufen, wo sich ihnen ein gleiches Bild bot. Auf einer umfriedeten Baustelle hatten Kriminelle am vergangenen Wochenende ein Krankabel entwendet und so einen fünfstelligen Schaden verursacht. Auch hier hat nach der ersten Spurensicherung die Kriminalpolizei weiterführende Ermittlungen übernommen.",https://polizei.brandenburg.de/pressemeldung/kabeldiebe-auf-der-baustelle/5713849
Nach Unterschlagung sichergestellt (Zeuthen),01.10.2026,"Zeuthen, Dahme-Spreewald","Im Rahmen ihrer Kontrollen am Donnerstagnachmittag stellten Polizisten in der Dachauer Straße einen Transporter fest, der in Fahndung stand. Der FORD-Transit war nach einer Unterschlagung bei einer Mietfirma im Dezember 2025 in die Datei aufgenommen worden.
Gleichzeitig mit der Sicherstellung wurden die Eigentümer verständigt, um ihr Fahrzeug wieder in Besitz nehmen zu können. Gegen die 22-jährige Fahrerin wurden Ermittlungen eingeleitet.",https://polizei.brandenburg.de/pressemeldung/nach-unterschlagung-sichergestellt/5713706
Nach Unterschlagung sichergestellt (Zeuthen),01.10.2026,"Zeuthen, Dahme-Spreewald",,https://polizei.brandenburg.de/pressemeldung/nach-unterschlagung-sichergestellt/5713705
Buskollision (Teupitz),01.10.2026,"Teupitz, Dahme-Spreewald","Zur Unfallaufnahme war die Polizei am Donnerstag gegen 14:30 Uhr auf dem Markt gefragt. Ein MERCEDES-Kleinbus war dort mit einem IVECO-Linienbus der Verkehrsgesellschaft kollidiert.
Es blieb bei Sachschäden von etwa 1.500 Euro, beide Fahrer und die 14 Fahrgäste waren unverletzt geblieben.",https://polizei.brandenburg.de/pressemeldung/buskollision/5713704
Fahndungserfolg nach Bürgerhinweis (Golßen),01.10.2026,"Golßen, Dahme-Spreewald","Am Donnerstagnachmittag erhielt die Polizei durch einen Amtsmitarbeiter den Hinweis, dass in der Golßener Bahnhofstraße ein PKW BMW geparkt sei, der möglicherweise in der Fahndungsdatei erfasst war. Bei der Überprüfung vor Ort stellte sich heraus, dass nach dem SUV vom Typ „X5“ tatsächlich nach einem Diebstahl gesucht wurde.
Zur Eigentumssicherung wurde ein Abschleppdienst bestellt, gleichzeitig wurde der Halter verständigt. Die Ermittlungen zum letzten Nutzer dauern bis zur Stunde an.",https://polizei.brandenburg.de/pressemeldung/fahndungserfolg-nach-buergerhinweis/5713703
Scheinwerfer ausgebaut und gestohlen (Waltersdorf),01.10.2026,"Waltersdorf, Dahme-Spreewald","Zu einem Parkplatz in der Grünauer Straße wurde die Polizei am Donnerstag kurz nach 17:00 Uhr gerufen, um eine Anzeige aufzunehmen. Kriminelle hatten bei einem hochwertigen MERCEDES-Geländewagen die Scheinwerfer offenbar professionell ausgebaut und gestohlen.
Der verursachte Schaden ist vierstellig. Gleichzeitig mit der Anzeigenaufnahme wurden Spuren und Beweismittel gesichert, die nun Bestandteil des eingeleiteten Ermittlungsverfahrens sind.",https://polizei.brandenburg.de/pressemeldung/scheinwerfer-ausgebaut-und-gestohlen/5713702
Trunkenheitsfahrt (Niederlehme),01.10.2026,"Niederlehme, Dahme-Spreewald","Zeugen riefen am Freitagmorgen kurz nach 01:00 Uhr die Polizei, da sie auf dem Tankstellengelände in der Robert-Guthmann-Straße einen offensichtlich schwer berauschten Autofahrer festgestellt hatten. Der zunächst Unbekannte war dort zum wiederholten Mal aufgetaucht und ein Atemalkoholtest bestätigte die Vermutung. Der Messwert lag bei dem 49-Jährigen mit mehr als 1,4 Promille bereits deutlich im Bereich einer Verkehrsstraftat.
Da er infolge des Rausches das Bewusstsein verloren hatte, wurde der Rettungswagen gerufen, um nach der beweissichernden Blutprobe die medizinische Versorgung im Krankenhaus zu gewährleisten. Neben der Einleitung eines Ermittlungsverfahrens wurden zur Gefahrenabwehr die Autoschlüssel sichergestellt und der Mann blieb auf ärztliche Anordnung im Krankenhaus.",https://polizei.brandenburg.de/pressemeldung/trunkenheitsfahrt/5713701
Ermittlungen nach Brandstiftung (Wildau),01.10.2026,"Wildau, Dahme-Spreewald","Durch die Rettungsleitstelle Lausitz wurde die Polizei am Freitagmorgen kurz vor 07:00 Uhr zu einem Brand in die Kastanienstraße gerufen. Die Feuerwehr hatte wenige Minuten zuvor einen brennenden Baumstumpf gelöscht und fand Spuren einer vorsätzlichen Brandstiftung.
Demnach hatten Unbekannte das Holz mit pyrotechnischen Erzeugnissen entzündet, sodass ein Ermittlungsverfahren wegen der Brandstiftung einzuleiten war.",https://polizei.brandenburg.de/pressemeldung/ermittlungen-nach-brandstiftung/5713700
Diebe auf dem Rastplatz (BAB 10 bei Niederlehme),01.10.2026,"BAB 10 bei Niederlehme, Dahme-Spreewald","Am Freitagmorgen wurde der Polizei gemeldet, dass in der vergangenen Nacht Diebe ihr Unwesen auf dem Rastplatz „Lankensee“ getrieben hatten. Von zwei fabrikneuen Traktoren, die auf dem Auflieger eines Sattelzuges geladen waren, hatten sie fest verbaute Hydraulikzylinder demontiert und gestohlen.
Der betroffenen Spedition wurde so ein Schaden von mindestens 6.000 Euro zugefügt. Nach der ersten Spurensicherung hat inzwischen die Kriminalpolizei weiterführende Ermittlungen übernommen.",https://polizei.brandenburg.de/pressemeldung/diebe-auf-dem-rastplatz/5713699
Auto und Motorrad gestohlen (Felixsee),29.09.2026,"Felixsee, Dahme-Spreewald",Zeugen informierten am Dienstag gegen 17:00 Uhr die Polizei über einen Diebstahl aus einem Garagenkomplex. Unbekannte hatten sich Zugang zu einer Garage verschafft und einen PKW BMW und ein Motorrad der Marke SUZUKI entwendet. Die Schadenssumme wurde auf rund 8.000 Euro geschätzt. Die Beamten leiteten ein Ermittlungsverfahren ein.,https://polizei.brandenburg.de/pressemeldung/auto-und-motorrad-gestohlen/5713506
Diebe auf der Baustelle (Schönefeld),29.09.2026,"Schönefeld, Dahme-Spreewald",Die Polizei wurde am Dienstag gegen 14:15 Uhr in die Wehrmathen gerufen. Unbekannte hatten sich Zugang zu einer Baustelle verschafft und mehrere Badarmaturen gestohlen. Die Schadenssumme wurde auf rund 1.000 Euro geschätzt.,https://polizei.brandenburg.de/pressemeldung/diebe-auf-der-baustelle/5713504
Mit dem E-Scooter geflüchtet (Königs Wusterhausen),29.09.2026,"Königs Wusterhausen, Dahme-Spreewald","Ein Mann hatte am Dienstagabend an einem Imbiss seine Tasche mit Bargeld und Kopfhörern vergessen. Als er dies bemerkte und zum Imbiss zurückkehrte, fuhr ein Mann samt Tascheninhalt auf einem E-Scooter davon. Die Suche nach dem vermeintlichen Dieb blieb erfolglos. Die Polizeibeamten leiteten ein Ermittlungsverfahren ein.",https://polizei.brandenburg.de/pressemeldung/mit-dem-e-scooter-gefluechtet/5713503
Offenbar alkoholisiert unterwegs (Gräbendorf),29.09.2026,"Gräbendorf, Dahme-Spreewald","Beamte kontrollierten am Dienstag gegen 23:10 Uhr einen PKW NISSAN in der Frauenseestraße. Ein durchgeführter Vortest bei der 59-jährigen Fahrerin ergab einen Wert von 1,4 Promille. Daraufhin erfolgte eine beweissichernde Blutprobe und die Beamten leiteten ein Ermittlungsverfahren ein. Die Weiterfahrt wurde ebenfalls untersagt.",https://polizei.brandenburg.de/pressemeldung/offenbar-alkoholisiert-unterwegs/5713502
PKW vs. Radfahrer (Uebigau),05.10.2026,"Uebigau, Elbe-Elster","Am Dienstag gegen 08:40 Uhr wurden Rettungsdienst und Polizei in die Torgauer Straße gerufen. Ein PKW AUDI war offenbar aufgrund eines Vorfahrtsfehlers mit einem Radfahrer zusammengestoßen.
Durch die Kollision wurde der 50-jährige Radler verletzt und zur medizinischen Behandlung in ein Krankenhaus gebracht.",https://polizei.brandenburg.de/pressemeldung/pkw-vs-radfahrer/5713946
Rauch am frühen Morgen (Möglenz),05.10.2026,"Möglenz, Elbe-Elster","Feuerwehr und Polizei wurden am Dienstagmorgen kurz vor 04:00 Uhr zu einem Einfamilienhaus gerufen. Die Bewohner hatten den Notruf aufgrund einer Rauchentwicklung gerufen, die Feuerwehr prüfte das Wohnhaus und konnte Entwarnung geben.
Als Ursache ist ein Heizungsofen und daneben befindliches Holz wahrscheinlich.",https://polizei.brandenburg.de/pressemeldung/rauch-am-fruehen-morgen/5713945
LKW vs. Mülltonne (Herzberg),05.10.2026,"Herzberg, Elbe-Elster","Die Polizei war am Montag gegen 12:45 Uhr in der Berliner Straße gefragt. Der Fahrer eines LKW RENAULT war mit einer Mülltonne zusammengestoßen, wobei der „Trafic“ beschädigt wurde, jedoch der Müllbehälter nicht.
Die Schadenssumme wurde auf rund 3.000 Euro geschätzt.",https://polizei.brandenburg.de/pressemeldung/lkw-vs-muelltonne/5713944
Von der Straße abgekommen (Bad Liebenwerda),04.10.2026,"Bad Liebenwerda, Elbe-Elster","Auf der Kommunalstraße 6213 zwischen Kosilenzien und Kröbeln ist am Montagmorgen gegen 05:10 Uhr ein PKW MAZDA von der Fahrbahn abgekommen. Ersten Erkenntnissen nach hatte der Fahrer die Straßeneinmündung übersehen und war deswegen mit dem Auto im gegenüberliegenden Straßengraben gelandet.
Der Fahrer blieb dabei unverletzt. Sein Fahrzeug war bei einem Sachschaden von rund 10.000 Euro nicht mehr fahrbereit und musste abgeschleppt werden.",https://polizei.brandenburg.de/pressemeldung/von-der-strasse-abgekommen/5713836
In Ferienhaus eingebrochen (Doberlug-Kirchhain),04.10.2026,"Doberlug-Kirchhain, Elbe-Elster","Der Besitzer eines Ferienhauses in der Straße der Jugend meldete der Polizei am Sonntagabend, dass unbekannte Täter in das Haus eingebrochen waren. Sie hatten die Innenräume durchwühlt und Werkzeug und Maschinen entwendet. Zudem hatten die Täter eine Terrassentür eingeschlagen.
Der Schaden wird auf rund 6.000 Euro geschätzt. Die Kriminalpolizei sicherte Spuren und ermittelt.",https://polizei.brandenburg.de/pressemeldung/in-ferienhaus-eingebrochen/5713835
Wildunfälle (Landkreis EE),04.10.2026,"Landkreis EE, Elbe-Elster","In der Zinsdorfer Straße in Uebigau-Wahrenbrück stieß am Sonntagabend gegen 22:40 Uhr ein TOYOTA-Geländewagen mit einem Reh zusammen. Beim Ausweichen fuhr der „Hilux“ gegen einen Zaun und Brückenpfeiler. Der Fahrer blieb unverletzt. Das nicht mehr fahrbereite Fahrzeug musste jedoch abgeschleppt werden. Der Schaden wird auf etwa 5.000 Euro beziffert.
Am Montagmorgen um 05:40 Uhr kollidierte auf der Landesstraße 62 zwischen Hohenleipisch und Gorden ein PKW MAZDA mit einem Reh. Der Fahrer blieb unverletzt und das Reh konnte flüchten. Der „6 GH“ blieb bei einem Schaden von rund 3.000 Euro fahrbereit.
Ein Wildschwein stieß am Montagmorgen gegen 06:00 Uhr auf der Landesstraße 702 zwischen Dübrichen und Arenzhain mit einem PKW FIAT zusammen, sodass der „Doblo“ anschließend nicht mehr fahrbereit war und abgeschleppt werden musste. Der Fahrer blieb unverletzt. Der Schaden beläuft sich auf rund 5.000 Euro.",https://polizei.brandenburg.de/pressemeldung/wildunfaelle/5713834
Einbruch (Doberlug-Kirchhain),01.10.2026,"Doberlug-Kirchhain, Elbe-Elster","Am Freitagmorgen stellte eine Mitarbeiterin des Tourismusbüros in der Dorfstraße fest, dass Unbekannte in der Nacht ein Fenster aufgehebelt und eine Jalousie heruntergerissen hatten.
Entwendet wurde ersten Erkenntnissen nach nichts. Der entstandene Sachschaden beträgt etwa 500 Euro. Die Beamten sicherten Spuren und nahmen eine entsprechende Strafanzeige auf.",https://polizei.brandenburg.de/pressemeldung/einbruch/5713694
Einbruch in Lagerhalle (Uebigau-Wahrenbrück),01.10.2026,"Uebigau-Wahrenbrück, Elbe-Elster","Der Polizei wurde am Donnerstagmittag der Einbruch in eine Lagerhalle im Gewerbepark Nord gemeldet. Unbekannte Täter hatten versucht, eine Tür an einem Rolltor aufzubiegen. Da das Rolltor von innen jedoch mit gestapelten Waren versperrt war, gelang es den Langfingern nicht, in die Halle einzudringen.
Die Täter hinterließen ein defektes Tor mit einer Schadensbilanz von rund 4000 Euro. Die Kriminaltechniker sicherten Spuren und leiteten Ermittlungen ein.",https://polizei.brandenburg.de/pressemeldung/einbruch-in-lagerhalle/5713693
Unfall beim Parken (Herzberg),01.10.2026,"Herzberg, Elbe-Elster","Die Polizei wurde am Donnerstagmittag zur Unfallaufnahme in die Dresdner Straße gerufen. Auf dem Parkplatz eines Discounters waren zwei PKW VW aneinandergeraten.
Verletzt wurde niemand und beide Fahrzeuge blieben bei einem Schaden von rund 4.000 Euro fahrbereit.",https://polizei.brandenburg.de/pressemeldung/unfall-beim-parken/5713692
Dieseldiebstahl (Herzberg),29.09.2026,"Herzberg, Elbe-Elster","Am Mittwochmorgen informierte ein LKW-Fahrer die Polizei, dass in der Nacht zum Mittwoch unbekannte Täter den Tank an seinem MERCEDES „Acros“, der bei einem Discounter in der Berliner Straße geparkt war, aufgebrochen hatten. Aus dem vollen Tank entwendeten die Dieseldiebe rund 150 Liter und hinterließen einen Schaden von circa 370 Euro. Die Polizei sicherte Spuren und leitete die Ermittlungen ein.",https://polizei.brandenburg.de/pressemeldung/dieseldiebstahl/5713494
Berauschter Radfahrer gestürzt (L67 bei Falkenberg),29.09.2026,"L67 bei Falkenberg, Elbe-Elster","Die Rettungsleitstelle rief die Polizei am Dienstagabend um 17:00 Uhr auf die Landesstraße 67, wo zwischen Großrössen und Gräfendorf ein Radfahrer gestürzt war.  Durch den Sturz wurde der 65-Jährige leicht verletzt und lehnte eine medizinische Behandlung ab.
Der Mann war offensichtlich alkoholisiert unterwegs, was ein Atemalkoholtest bestätigte. Es folgte eine beweissichernde Blutentnahme sowie die Untersagung der Weiterfahrt.",https://polizei.brandenburg.de/pressemeldung/berauschter-radfahrer-gestuerzt/5713493
Unfall durch Überholen eines Linksabbiegers (Bad Liebenwerda),29.09.2026,"Bad Liebenwerda, Elbe-Elster","Zwei PKW RENAULT gerieten am Dienstagnachmittag gegen 16:00 Uhr in der Hauptstraße aneinander, als der „Scenic“ den linksabbiegenden „Zoe“ überholen wollte. Die Insassen blieben alle unverletzt. Aber beide Fahrzeuge waren mit einer Schadensbilanz von ungefähr 12.000 Euro ein Fall für den Abschleppdienst.",https://polizei.brandenburg.de/pressemeldung/unfall-durch-ueberholen-eines-linksabbie/5713492
PKW vs. PKW (Elsterwerda),29.09.2026,"Elsterwerda, Elbe-Elster","Am Dienstagnachmittag wurde die Polizei um 14:00 Uhr zu einem Unfall in die Wielandstraße gerufen. Hier waren zwei PKW VW beim Abbiegen miteinander kollidiert, wobei keiner verletzt wurde. Mit einer Schadenssumme von rund 6.000 Euro blieben beide Fahrzeuge fahrbereit.",https://polizei.brandenburg.de/pressemeldung/pkw-vs-pkw/5713491
Unfall aufgrund missachteter Vorfahrt (Elsterwerda),28.09.2026,"Elsterwerda, Elbe-Elster","Am Montagnachmittag um 15:00 Uhr gerieten auf der Bürgermeister-Wilde-Straße wegen eines Vorfahrtsfehlers ein PKW MAZDA und ein NISSAN aneinander. Dabei wurden die beiden Insassen des „Micra“ leicht verletzt, lehnten eine medizinische Behandlung jedoch ab. Beide Fahrzeuge blieben bei einem Sachschaden von etwa 6.000 Euro fahrbereit.",https://polizei.brandenburg.de/pressemeldung/unfall-aufgrund-missachteter-vorfahrt/5713412
PKW vs. Moped (Herzberg),28.09.2026,"Herzberg, Elbe-Elster","Zu einem Unfall in der Mönchstraße wurde die Polizei am Montagnachmittag um 15:40 Uhr gerufen. Hier war wegen einer missachteten Vorfahrt eine SIMSON mit einem PKW VW zusammengestoßen. Dabei wurde die 61-jährige Mopedfahrerin verletzt, die sich selbstständig zur medizinischen Behandlung ins Krankenhaus begeben wollte. Beide Fahrzeuge blieben bei einem Schaden von etwa 7.000 Euro fahrbereit.",https://polizei.brandenburg.de/pressemeldung/pkw-vs-moped/5713411
PKW vs. Wild (Doberlug-Kirchhain),27.09.2026,"Doberlug-Kirchhain, Elbe-Elster","Mit einem Reh kollidierte am Samstagabend um 20:50 Uhr ein Kleintransporter auf der Landesstraße 701 zwischen Doberlug-Kirchhain und Frankena. Die Insassen des FORD blieben unverletzt, doch das Reh verendete vor Ort.
Mit einem Schaden von rund 9.000 Euro konnte der „Transit Custom“ seine Fahrt fortsetzen.",https://polizei.brandenburg.de/pressemeldung/pkw-vs-wild/5713297
Vorfahrtsfehler (Bad Liebenwerda),24.09.2026,"Bad Liebenwerda, Elbe-Elster","Am Freitagmorgen um 08:30 Uhr meldete ein Zeuge einen Unfall in der Bergstraße. Aufgrund einer missachteten Vorfahrt waren hier zwei PKW VW aneinandergeraten. Einer der Fahrer erlitt dadurch leichte Verletzungen, die ambulant im Rettungswagen versorgt wurden. Sowohl der „Golf“ als auch der „Polo“ waren jedoch bei Sachschäden von rund 3.000 Euro nicht mehr fahrbereit und mussten abgeschleppt werden. Die Sperrung der Kreuzung konnte nach zwei Stunden wieder aufgehoben werden.",https://polizei.brandenburg.de/pressemeldung/vorfahrtsfehler/5713201
Zwei Radfahrer gestürzt (Sonnewalde),23.09.2026,"Sonnewalde, Elbe-Elster","Am Mittwochnachmittag gegen 16:15 Uhr kam es in der Finsterwalder Straße auf Höhe der Tankstelle zum Sturz zweier Fahrradfahrer. Beide wurden leicht verletzt und wollten sich bei Bedarf selbst in ärztliche Behandlung gegeben.
An den Fahrrädern, die beide nicht mehr fahrbereit waren, entstand ein Sachschaden von rund 1.000 Euro.",https://polizei.brandenburg.de/pressemeldung/zwei-radfahrer-gestuerzt/5713125
Teures Rangieren (Finsterwalde),23.09.2026,"Finsterwalde, Elbe-Elster","Offenbar durch einen Rangierfehler kam es am Mittwoch gegen 15:30 Uhr in der Ursulastraße zum Zusammenstoß zwischen zwei MERCEDES „Vito“.
Es entstand ein Sachschaden von rund 10.000 Euro, Personen wurde keine verletzt.",https://polizei.brandenburg.de/pressemeldung/teures-rangieren/5713124
Polizei im Cowboy-Einsatz (Finsterwalde),23.09.2026,"Finsterwalde, Elbe-Elster","Am Mittwoch gegen 22:15 Uhr erreichte die Polizei der Anruf einer Zeugin, die fünf freilaufende Pferde in der Margaretenstraße gesichtet hatte. Beamte prüften die Lage vor Ort und ermittelten den Halter, der seine Tiere übernahm und auf die Koppel zurückbrachte. Bei Tageslicht soll nun geprüft werden, wie die Pferde entkommen konnten.
Offenbar hatten diese in der Vergangenheit bereits mehrere Ausflüge in die Freiheit unternommen. Einen Unfall haben die Tiere auf der Fahrbahn glücklicherweise nicht verursacht, eine Rechnung wird der Halter für den Polizeieinsatz dennoch bekommen.",https://polizei.brandenburg.de/pressemeldung/polizei-im-cowboy-einsatz/5713123
Traktor bricht Schranke ab (Falkenberg),23.09.2026,"Falkenberg, Elbe-Elster","In Schmerkendorf am Bahnübergang kam es am Mittwoch gegen 16:45 Uhr zur Kollision eines Traktors mit der Bahnschranke.
Weil dabei eine Seite der Schranke abbrach und die Züge auf Sicht fahren mussten, kam es im Bahnverkehr zu leichten Behinderungen, bis der Schaden durch Techniker der Deutschen Bahn behoben war. Es entstand ein Sachschaden in Höhe von rund 2.500 Euro.",https://polizei.brandenburg.de/pressemeldung/traktor-bricht-schranke-ab/5713122
Vorfahrt missachtet (Röderland),23.09.2026,"Röderland, Elbe-Elster",Am Mittwochvormittag um 09:00 Uhr gerieten ein PKW BMW und FORD aufgrund einer missachteten Vorfahrt an der Ecke Wainsdorfer Straße und Am Tunnel aneinander. Verletzt wurde dabei niemand. Bei einem Sachschaden in Höhe von rund 5.000 Euro blieben beide Fahrzeuge fahrbereit.,https://polizei.brandenburg.de/pressemeldung/vorfahrt-missachtet/5713053
Einbruch (Falkenberg),23.09.2026,"Falkenberg, Elbe-Elster","Die Polizei wurde am Mittwochmorgen um 02:45 Uhr über einen Einbruch in der Lindenstraße informiert. Unbekannte Täter hatten sich Zutritt zu einem Lagergebäude verschafft, indem sie die Fensterscheibe einschlugen. Nach ersten Ermittlungen entstand ein Schaden von rund 500 Euro. Ob und was entwendet wurde, ist Gegenstand der weiteren Ermittlungen. Kriminaltechniker sicherten am Tatort zahlreiche Spuren.",https://polizei.brandenburg.de/pressemeldung/einbruch/5713052
Cannabis-Plantage (Finsterwalde),21.09.2026,"Finsterwalde, Elbe-Elster","In einer Gartenanlage in der Pflaumenallee war Zeugen am Montagnachmittag ein größerer Bestand an Cannabispflanzen aufgefallen. Die Beamten fanden eine Cannabisplantage vor, die die Menge des Eigenbedarfs deutlich überschritt. Sämtliche Pflanzen wurden sichergestellt und eine entsprechende Anzeige gefertigt.
In diesem Zusammenhang der Hinweis der Polizei:
Erwachsene dürfen zu Hause bis zu 50 Gramm getrocknetes Cannabis zum Eigenkonsum besitzen. Zudem ist der Eigenanbau von bis zu drei Cannabispflanzen gleichzeitig zulässig. Cannabis aus eigenem Anbau darf nicht an Dritte weitergegeben werden und muss vor dem Zugriff Unbefugter, insbesondere von Kindern und Jugendlichen, geschützt werden.",https://polizei.brandenburg.de/pressemeldung/cannabis-plantage/5712958
Motorradunfall (Uebigau-Wahrenbrück),21.09.2026,"Uebigau-Wahrenbrück, Elbe-Elster","Am Montagabend verunglückte auf der Bundesstraße 101 zwischen Beutersitz und der Abzweigung Wahrenbrück ein Motorradfahrer – nach ersten Erkenntnissen wegen unangepasster Geschwindigkeit. Der 35-Jährige musste vor Ort von einem Notarzt versorgt und im Anschluss per Hubschrauber ins Krankenhaus gebracht werden.
Die KAWASAKI war mit einem Schaden von rund 5.000 Euro nicht mehr fahrbereit und musste abgeschleppt werden. Für die Rettungs- und Aufräumarbeiten war die Bundesstraße ab 17:30 Uhr für eine Stunde voll gesperrt.",https://polizei.brandenburg.de/pressemeldung/motorradunfall/5712957
Radfahrerin und Kind verletzt (Senftenberg),05.10.2026,"Senftenberg, Oberspreewald-Lausitz","Am Montag gegen 14:00 Uhr wurde die Polizei in die Hanseatenstraße gerufen, da ein PKW SEAT und eine Radfahrerin zusammengestoßen waren. Durch die Kollision wurde die 87-Jährige verletzt und zur weiteren Behandlung in ein Krankenhaus gebracht. Sowohl der „Ibiza“ als auch das Rad blieben bei einer Schadenssumme von rund 500 Euro fahrbereit.
Gegen 18:50 Uhr wurden Rettungsdienst und Polizei in die Briesker Straße gerufen. Offenbar aufgrund eines Vorfahrtsfehlers waren ein PKW NISSAN und ein Kind auf dem Rad zusammengestoßen. Durch die Kollision wurde der Junge verletzt und zur weiteren medizinischen Behandlung in ein Krankenhaus gebracht. Ein Rettungshubschrauber landete ebenfalls am Unfallort. Das Rad war nicht mehr fahrbereit, die Gesamtschadenssumme wurde auf rund 1.000 Euro geschätzt.",https://polizei.brandenburg.de/pressemeldung/radfahrerin-und-kind-verletzt/5713950
Diesel gestohlen (Senftenberg),05.10.2026,"Senftenberg, Oberspreewald-Lausitz","Zeugen informierten am Dienstag kurz nach 7:00 Uhr die Polizei über einen Diebstahl von einer Baustelle im Ortsteil Buchwalde. Unbekannte hatten offenbar über Nacht Diesel aus mehreren Baustellenfahrzeugen abgezapft.
Die Schadenssumme wurde auf einen dreistelligen Betrag geschätzt, die Beamten leiteten ein Ermittlungsverfahren ein.",https://polizei.brandenburg.de/pressemeldung/diesel-gestohlen/5713949
In Einfamilienhaus eingebrochen (Ragow),05.10.2026,"Ragow, Oberspreewald-Lausitz","Unbekannte haben sich am Montagabend gewaltsam Zugang zu einem Wohnhaus verschafft und anschließend die Einrichtung durchwühlt.
Nach der ersten Einschätzung hatten die Diebe es auf Bargeld abgesehen, die Schadenssumme wurde auf einen vierstelligen Betrag geschätzt. Kriminaltechniker sicherten am Tatort Spuren.",https://polizei.brandenburg.de/pressemeldung/in-einfamilienhaus-eingebrochen/5713948
Am Stoppschild aufgefahren (BAB 13 bei Ruhland),05.10.2026,"BAB 13 bei Ruhland, Oberspreewald-Lausitz","Kurz nach 08:30 Uhr wurde die Polizei am Dienstag über einen Auffahrunfall informiert, der sich in der Anschlussstelle Ruhland in Fahrtrichtung Dresden ereignet hatte. Am Stoppschild vor der Auffahrt war ein PKW VW gegen einen OPEL-Kleinwagen gestoßen, was mit Sachschäden von rund 5.000 Euro endete.
Beide Autos blieben fahrbereit, aber eine 51-jährige Frau erlitt leichte Verletzungen, die bei Bedarf einem Hausarzt vorgestellt werden.",https://polizei.brandenburg.de/pressemeldung/am-stoppschild-aufgefahren/5713947
Ausgebremst und geflüchtet (BAB 13 bei Lübbenau),04.10.2026,"BAB 13 bei Lübbenau, Oberspreewald-Lausitz","Am Sonntag wurde die Autobahnpolizei zur Mittagszeit auf die BAB 13 gerufen, um einen Verkehrsunfall zwischen Lübbenau und Duben aufzunehmen. Auf Höhe einer stationären Geschwindigkeits-Messanlage hatte der Fahrer eines PKW ALFA ROMEO ein Wohnmobil überholt und war anschließend unmittelbar davor wieder auf die rechte Spur gewechselt. Angesichts der sichtbaren Messeinrichtung bremste der ALFA-Fahrer abrupt ab und um eine Kollision zu verhindern, lenkte der Wohnmobil-Fahrer nach links, wo es zum Zusammenstoß mit einem PKW OPEL kam.
Verletzt wurde niemand und die bislang bekannten Sachschäden summierten sich auf rund 5.000 Euro. Da der Verursacher seine Fahrt ungebremst fortsetzte, wurde ein Ermittlungsverfahren wegen des Verdachtes der Unfallflucht eingeleitet. Gleichzeitig liefen Fahndungsmaßnahmen nach dem ALFA ROMEO mit Berliner Kennzeichen an.",https://polizei.brandenburg.de/pressemeldung/ausgebremst-und-gefluechtet/5713847
Einbruch  (Schwarzheide),04.10.2026,"Schwarzheide, Oberspreewald-Lausitz","Der Polizei wurde am Montagmorgen der Einbruch in einen Firmensitz in der Heidestraße angezeigt. Unbekannte Tatverdächtige hatten sich über das Wochenende auf unbekannte Art und Weise Zugang verschafft und mehrere Werkzeugmaschinen entwendet.
Dadurch entstand ein Schaden von rund 2.000 Euro. Die Polizei sicherte Spuren und ermittelt.",https://polizei.brandenburg.de/pressemeldung/einbruch-/5713845
Vorfahrt missachtet (Lauchhammer),04.10.2026,"Lauchhammer, Oberspreewald-Lausitz","Am Sonntagabend um 21:00 Uhr gerieten in der Finsterwalder–, Ecke Bockwitzer Straße ein PKW VW und ein RENAULT aufgrund einer missachteten Vorfahrt aneinander.
Verletzt wurde dabei niemand und beide Fahrzeuge blieben mit einem geschätzten Schaden von 9.000 Euro fahrbereit.",https://polizei.brandenburg.de/pressemeldung/vorfahrt-missachtet/5713842
Einbruch (Vetschau),04.10.2026,"Vetschau, Oberspreewald-Lausitz","Am Sonntagnachmittag wurde der Polizei ein Einbruch in zwei Lagerhallen in der Juri-Gagarin-Straße angezeigt. Hier hatten sich Kriminelle mittels unbekannten Werkzeugs Zutritt verschafft und Kupferkabel entwendet.
Der Schaden beläuft sich auf etwa 4.000 Euro. Die Polizei sicherte Spuren und nahm die Ermittlungen auf.",https://polizei.brandenburg.de/pressemeldung/einbruch/5713840
PKW vs. Laterne (Lauchhammer),04.10.2026,"Lauchhammer, Oberspreewald-Lausitz","Am Sonntagnachmittag gegen 15:00 Uhr fuhr in der Bahnhofstraße ein PKW VW gegen eine Laterne, die dadurch auf den Geh- und Radweg fiel. Der Fahrer des „Caddy“ war offensichtlich alkoholisiert, wie ein Atemalkoholtest mit 2,6 Promille ergab.
Mit einer Schadensbilanz von rund 4.000 Euro wurde nicht nur die Laterne beschädigt, sondern auch die Heckscheibe eines geparkten PKW. Der nicht mehr fahrbereite „Caddy“ musste abgeschleppt werden und sein Fahrer sich einer beweissichernden Blutentnahme unterziehen.",https://polizei.brandenburg.de/pressemeldung/pkw-vs-laterne/5713839
E-Bikes gestohlen (Senftenberg),04.10.2026,"Senftenberg, Oberspreewald-Lausitz","Der Diebstahl von zwei E-Bikes in der Straße An der Südsee wurde der Polizei am Sonntagmorgen angezeigt. Unbekannte Tatverdächtige hatten in der Nacht zu Sonntag ein bordeauxrotes Bike der Marke BERGAMONT und ein bordeauxrotes Bike der Marke CUBE entwendet.
Gegen Mittag meldete sich der Besitzer des Cube-Bikes bei der Polizei, dass er sein Rad aufgefunden hatte, allerdings war dieses am Akku sowie an der Bremse beschädigt. Die Polizei sicherte Spuren. In beiden Fällen wird ermittelt.",https://polizei.brandenburg.de/pressemeldung/e-bikes-gestohlen/5713837
Alkoholisiert und ohne Führerschein unterwegs (Senftenberg),01.10.2026,"Senftenberg, Oberspreewald-Lausitz","Am Donnerstagabend um 23:40 Uhr stellten Polizeibeamte in der Dorfstraße einen Krad-Fahrer, der sich zuvor der Kontrolle entzogen hatte. Wie sich herausstellte, war der 28-jährige Mann nicht im Besitz eines Führerscheins und offensichtlich unter Alkoholeinfluss unterwegs.
Da er einen Atemalkoholtest ablehnte, folgte eine beweissichernde Blutentnahme im Krankenhaus.
Außerdem wurde ihm die Weiterfahrt untersagt und der Fahrzeugschlüssel zur Gefahrenabwehr sichergestellt. Der Fahrer sowie der Halter der „Jinan Qingqi“ müssen sich nun in einem Strafverfahren verantworten.",https://polizei.brandenburg.de/pressemeldung/alkoholisiert-und-ohne-fuehrerschein-unt/5713698
Unfall mit drei PKW (Großräschen),01.10.2026,"Großräschen, Oberspreewald-Lausitz","Die Rettungsleitstelle rief die Polizei am Donnerstagabend zu einem Unfall in die Bergmannstraße Ecke Am Birkenhain in Freienhufen. Dort war gegen 18:15 Uhr aufgrund eines Vorfahrtsfehlers ein PKW VOLVO samt Anhänger mit einem OPEL und einem SKODA kollidiert.
In einem Auto trug ein elfjähriges Kind Verletzungen davon, die im Krankenhaus medizinisch versorgt wurden. Die Fahrzeuge blieben bis auf den „Astra“ fahrbereit, für den ein Abschleppdienst organisiert werden musste. Die Schadensbilanz beläuft sich auf rund 40.000 Euro.",https://polizei.brandenburg.de/pressemeldung/unfall-mit-drei-pkw/5713697
Berauscht gegen Baum gefahren (Vetschau),01.10.2026,"Vetschau, Oberspreewald-Lausitz","Am Donnerstagnachmittag endete die Fahrt eines 47-jährigen PKW-Fahrers an einem Baum in der Suschower Hauptstraße. Der Fahrer, bei dem ein Atemalkoholtest einen Wert von 1,5 Promille ergab, war mit seinem VW nach rechts von der Fahrbahn abgekommen und hatte dabei mehrere Bäume gestriffen.
Feuerwehrkräfte bargen den nicht mehr fahrbereiten „Polo“, für den ein wirtschaftlicher Totalschaden eingeschätzt wurde. Der Fahrer wurde bei der Kollision offensichtlich nicht verletzt.",https://polizei.brandenburg.de/pressemeldung/berauscht-gegen-baum-gefahren/5713696
Fußgänger vs. PKW (Senftenberg),01.10.2026,"Senftenberg, Oberspreewald-Lausitz","Die Polizei wurde am Donnerstagmittag gegen 12:30 Uhr zu einem Unfall in der Westpromenade gerufen. Hier war ein 84-jährigen Fußgänger, der zwischen geparkten Fahrzeugen stand, trotz Verkehrsaufkommens auf die Fahrbahn getreten und dabei mit einem PKW VW zusammengestoßen.
Dadurch wurde der Senior verletzt und mit dem Rettungswagen ins Krankenhaus gebracht, wo er stationär behandelt wird. Die zur Unfallaufnahme gesperrte Straße war ab 13:40 Uhr wieder befahrbar.",https://polizei.brandenburg.de/pressemeldung/fussgaenger-vs-pkw/5713695
E-Bike und Surfbrett entwendet (Senftenberg),29.09.2026,"Senftenberg, Oberspreewald-Lausitz","Eine böse Überraschung erlebte ein Urlauber in der Nacht zum Mittwoch in der Buchwalder Straße. Geweckt durch verdächtige Geräusche, sah er, wie ein Mann mit seinem E-Bike und einem Surfbrett flüchtete. Die alarmierten Polizeibeamten stießen am Einsatzort zwar auf ein herrenloses Rad, das der unbekannte Täter vermutlich zuvor genutzt hatte. Die Suche nach dem Tatverdächtigen und dem Diebesgut blieb jedoch erfolglos. Die Polizei sicherte Spuren und leitete die Fahndung ein. Der Schaden beläuft sich auf rund 5.000 Euro.",https://polizei.brandenburg.de/pressemeldung/e-bike-und-surfbrett-entwendet/5713498
Wildunfälle,29.09.2026,Oberspreewald-Lausitz,"Am Dienstagabend kollidierte gegen 19:30 Uhr auf der Kreisstraße 6631 zwischen Klein Radden und Ragow ein Reh mit einem PKW VW. Verletzt wurde dabei niemand und das Reh flüchtete. Der „Sharan“ blieb bei einem Sachschaden von circa 3.000 Euro fahrbereit.
Mit einem Wildschwein stieß am Dienstagabend um 20:00 Uhr ein PKW LAND ROVER auf der Bundesstraße 96 zwischen Freienhufen und Großräschen zusammen, bei dem das Wildschwein entkam. Die Fahrerin blieb unverletzt und ihr „Evoque“ mit einem Schaden von rund 4.000 Euro fahrbereit.
Auf der Landesstraße 53 ließ zwischen Peitzendorf und Altdöbern am Dienstagabend gegen 23:00 Uhr ein Reh sein Leben nach einer Kollision mit einem PKW SEAT. Mit einem Schaden von rund 3.000 Euro konnte der „Ibiza“ seine Fahrt anschließend fortsetzen. Verletzt wurde niemand.
Auf derselben Strecke stieß am Mittwochmorgen um 06:20 Uhr der Fahrer eines PKW VW mit einem Reh zusammen, bei dem das Reh verendete. Der unverletzte Fahrer konnte die Fahrt mit seinem „Caddy“ fortsetzen. Der Schaden beläuft sich auf rund 1.500 Euro.",https://polizei.brandenburg.de/pressemeldung/wildunfaelle/5713497
Auffahrunfall (Lübbenau),29.09.2026,"Lübbenau, Oberspreewald-Lausitz","Zur Aufnahme eines Unfalls in der Thomas-Müntzer-Straße war die Polizei am Dienstagabend um 17:40 Uhr gefragt. Ein PKW VW war hier auf einen HYUNDAI aufgefahren, wodurch ein Schaden von etwa 2.000 Euro zu Buche schlägt. Verletzt wurde dabei jedoch niemand.",https://polizei.brandenburg.de/pressemeldung/auffahrunfall/5713496
PKW vs. LKW (Ortrand),29.09.2026,"Ortrand, Oberspreewald-Lausitz",Die Polizei wurde am Dienstagmittag um 13:20 Uhr zu einem Unfall auf dem Parkplatz eines Discounters in der Elsterwerdaer Straße gerufen. Hier war aufgrund eines Fehlers beim Einparken ein PKW FORD mit einem LKW zusammengestoßen. Verletzt wurde dabei niemand und bei einer Schadensbilanz von rund 3.000 Euro blieben beide Fahrzeuge fahrbereit.,https://polizei.brandenburg.de/pressemeldung/pkw-vs-lkw/5713495
Farrad vs. PKW (Senftenberg),28.09.2026,"Senftenberg, Oberspreewald-Lausitz","Die Rettungsleitstelle rief die Polizei am Dienstag um 09:15 Uhr zu einem Unfall in die Adolf-Hennecke-Straße. Hier war ein PKW MERCEDES wegen einer missachteten Vorfahrt mit einem Fahrrad zusammengestoßen, wobei der Radfahrer verletzt wurde. Der 74-Jährige wurde ins Krankenhaus gebracht, wo er nun stationär behandelt wird. Der unverletzte Fahrer der „V-Klasse“ konnte mit einem moderaten Sachschaden seine Fahrt fortsetzen.",https://polizei.brandenburg.de/pressemeldung/farrad-vs-pkw/5713419
Kupferrohre gestohlen (Lauchhammer),28.09.2026,"Lauchhammer, Oberspreewald-Lausitz",Die Polizei wurde am Dienstagmorgen über einen Einbruch in ein leerstehendes Einfamilienhaus in der Cottbuser Straße informiert. Unbekannte Täter hatten sich hier in der Nacht zum Dienstag über das Carport Zugang zum Haus verschafft und im Innern Kupferrohre ausgerissen und entwendet. Die Kriminalpolizei sicherte Spuren und ermittelt.,https://polizei.brandenburg.de/pressemeldung/kupferrohre-gestohlen/5713418
Nicht mehr alle Latten am Zaun (Calau),28.09.2026,"Calau, Oberspreewald-Lausitz","Der Polizei wurde am Montagabend um 19:15 Uhr angezeigt, dass in der Säritzer Hauptstraße auf einer Länge von acht Metern mehrere Zaunfelder durch einen Mähdrescher beschädigt worden waren. Die Beamten nahmen den Schaden von rund 2.000 Euro vor Ort auf. Der Fahrer des Mähdreschers muss für die verursachten Schäden aufkommen und sich zudem einer Anzeige wegen des Verdachts der Verkehrsunfallflucht stellen.",https://polizei.brandenburg.de/pressemeldung/nicht-mehr-alle-latten-am-zaun/5713417
PKW vs. Baum (Senftenberg),28.09.2026,"Senftenberg, Oberspreewald-Lausitz",Am Montagnachmittag gegen 16:20 Uhr wurde die Polizei zu einem Unfall in den Niemtscher Weg gerufen. Hier war ein PKW PEUGEOT aus unbekannter Ursache gegen einen Baum gefahren. Verletzt wurde dabei niemand und auch der Baum überstand die Kollision. Für den nicht mehr fahrbereiten „107“ musste ein Abschleppdienst gerufen werden. Der Schaden beträgt rund 3.000 Euro.,https://polizei.brandenburg.de/pressemeldung/pkw-vs-baum/5713416
Vorfahrtsfehler (Ruhland),28.09.2026,"Ruhland, Oberspreewald-Lausitz",Am Montagabend um 18:00 Uhr kollidierte in der Berliner Straße ein PKW VW mit einem AUDI aufgrund einer missachteten Vorfahrt. Verletzt wurde dabei niemand und bei einem Schaden von rund 5.000 Euro blieben beide Fahrzeuge fahrbereit.,https://polizei.brandenburg.de/pressemeldung/vorfahrtsfehler/5713415
Wildunfälle,28.09.2026,Oberspreewald-Lausitz,"Am Dienstagmorgen um 07:00 Uhr stieß auf der Bundesstraße zwischen Sedlitz und Abzweig Bahnsdorf ein PKW VW mit einem Wildschwein zusammen. Die Fahrerin blieb unverletzt, aber das Wild verendete aufgrund der Kollision. Für den nicht mehr fahrbereiten „ID 7“ musste ein Abschleppdienst beauftragt werden.
Ein Reh sprang am Dienstagmorgen um 07:00 Uhr auf der Landesstraße 56 zwischen Mallenchen und Groß Jehser auf die Fahrbahn, wo es mit einem PKW SKODA zusammenstieß und dabei sein Leben ließ. Die Fahrerin blieb unverletzt. Mit einem Schaden von rund 5.000 Euro blieb der „Scala“ fahrbereit.
Um 06:00 Uhr am Dienstagmorgen überlebte ein Reh auf der Bundesstraße 156 zwischen Bahnsdorf und Sedlitz die Kollision mit einem PKW NISSAN nicht. Der Fahrer des „Note“ blieb unverletzt und konnte die Fahrt mit einem Schaden von etwa 5.000 Euro fortsetzen.
Mehr Glück hatte ein Reh am Dienstagmorgen auf der Bundesstraße 96 zwischen Großräschen und Dörrwalde, als es gegen 05:30 Uhr mit einem PKW FORD kollidierte und anschließend flüchtete. Der Fahrer blieb unverletzt und der „Focus“ bei einem moderaten Sachschaden fahrbereit.",https://polizei.brandenburg.de/pressemeldung/wildunfaelle/5713414
Auf Schilderwagen aufgefahren (BAB 13 bei Ruhland),28.09.2026,"BAB 13 bei Ruhland, Oberspreewald-Lausitz","Am Montag gegen 15:00 Uhr wurden Rettungsdienst, Feuerwehr und Polizei auf die Bundesautobahn in Fahrtrichtung Berlin gerufen. Der Fahrer eines MERCEDES-Transporters war auf einen abgestellten LKW mit Schilderwagen aufgefahren. Der Fahrer des „Sprinters“ wurde durch die Kollision verletzt und anschließend mit einem Rettungswagen in ein Krankenhaus gebracht. Ein Rettungshubschrauber landete ebenfalls an der Unfallstelle. Beide Fahrzeuge waren nicht mehr fahrbereit und mussten abgeschleppt werden. Die Schadenshöhe wurde auf rund 50.000 Euro geschätzt. Aufgrund von ausgelaufenen Flüssigkeiten wurde die Fahrbahn durch die Autobahnmeisterei gereinigt Die Fahrbahn wurde gegen 19:30 Uhr wieder freigegeben.",https://polizei.brandenburg.de/pressemeldung/auf-schilderwagen-aufgefahren/5713413
Laubeneinbruch (Spremberg),05.10.2026,"Spremberg, Spree-Neiße","Die Polizei wurde am Montag gegen 14:15 Uhr in die Trattendorfer Straße gerufen. Dort waren Unbekannte in einen Bungalow eingebrochen. Nach ersten Erkenntnissen hatten sie Gartengeräte und Werkzeug gestohlen, sodass sich der Schaden auf einige tausend Euro summiert.
Die Kriminalpolizei ist mit den weiteren Ermittlungen befasst.",https://polizei.brandenburg.de/pressemeldung/laubeneinbruch/5713959
Verkehrsunfall (Spremberg),05.10.2026,"Spremberg, Spree-Neiße","Auf einem Parkplatz in der Bahnhofstraße sind am Dienstag kurz nach 06:30 Uhr ein PKW AUDI und ein RENAULT zusammengestoßen. Dabei wurde niemand verletzt und beide Fahrzeuge blieben fahrbereit.
Der entstandene Sachschaden wurde auf rund 2.500 Euro geschätzt.",https://polizei.brandenburg.de/pressemeldung/verkehrsunfall/5713958
Wildunfall (Papitz),05.10.2026,"Papitz, Spree-Neiße","Ein Reh stoppte am Dienstagmorgen die Fahrt eines PKW AUDI auf der Landesstraße zwischen Papitz und Kunersdorf. Der Fahrer blieb unverletzt, doch das Tier bezahlte den Ausflug mit seinem Leben.
Der „A4“ konnte seine Fahrt mit einem Schaden von etwa 3.000 Euro nach der Unfallaufnahme fortsetzen.",https://polizei.brandenburg.de/pressemeldung/wildunfall/5713957
Durch das Fenster (Guben),04.10.2026,"Guben, Spree-Neiße","Zeugen informierten am Montag gegen 06:20 Uhr die Polizei über einen Einbruch in der Berliner Straße. Unbekannte hatten sich über das Wochenende gewaltsam Zugang zu Büroräumen verschafft und nach bisherigen Erkenntnissen Bargeld entwendet.
Kriminaltechniker sicherten am Tatort Spuren. Die Beamten leiteten ein Ermittlungsverfahren ein.",https://polizei.brandenburg.de/pressemeldung/durch-das-fenster/5713868
PKW in Brand (Peitz),04.10.2026,"Peitz, Spree-Neiße","Der Fahrer eines PKW BMW hatte während der Fahrt Qualm festgestellt, weshalb er in der Wallstraße anhielt und ein Feuer entdeckte. Daraufhin informierte er am Sonntag gegen 23:00 Uhr die Feuerwehr, die das brennende Auto löschte.
Nach ersten Erkenntnissen ist ein technischer Defekt als Brandursache wahrscheinlich.",https://polizei.brandenburg.de/pressemeldung/pkw-in-brand/5713867
PKW vs. PKW (Forst),04.10.2026,"Forst, Spree-Neiße","Am Samstag gegen 14:00 Uhr wurden Polizei und Rettungsdienst in die Sorauer Straße Ecke Badestraße gerufen. Hier waren ein SUV und ein PKW DACIA kollidiert, wobei der Fahrer des „Logan“ verletzt wurde.
Beide Autos waren bei einer geschätzten Schadenssumme von 20.000 Euro nicht mehr fahrbereit.",https://polizei.brandenburg.de/pressemeldung/pkw-vs-pkw/5713865
Radlader und Diesel gestohlen (Kathlow),04.10.2026,"Kathlow, Spree-Neiße","Zeugen informierten am Montag gegen 07:50 Uhr die Polizei über einen Diebstahl. Unbekannte hatten über das Wochenende einen Radlader und circa 150 Liter Diesel aus einem Bagger entwendet.
Die Beamten leiteten Ermittlungsverfahren ein, die Schadenshöhe ist Gegenstand der weiteren Ermittlungen.",https://polizei.brandenburg.de/pressemeldung/radlader-und-diesel-gestohlen/5713862
Sprinter losgerollt (Tauer),01.10.2026,"Tauer, Spree-Neiße","Am Donnerstag gegen 11:40 Uhr waren Polizei und Rettungsdienst in der Hauptstraße gefragt. Die Fahrerin eines MERCEDES Transporters bemerkte beim Ausladen, dass der „Sprinter“ losrollte und sprang daraufhin aus dem Fahrzeug.
Die Frau wurde dabei verletzt und zur weiteren medizinischen Behandlung in ein Krankenhaus gebracht. Da der Transporter auch gegen einen geparkten PKW BMW stieß, wurde der Schaden auf rund 3.000 Euro geschätzt.",https://polizei.brandenburg.de/pressemeldung/sprinter-losgerollt/5713710
Diebesgut zurück beim Eigentümer (Guben),01.10.2026,"Guben, Spree-Neiße","Zeugen informierten am Donnerstag gegen 20:30 Uhr die Polizei über einen Diebstahl in der Karl-Marx-Straße. Unbekannte hatten es auf eingelagerte Technik und Musikinstrumente abgesehen, indem sie sich zuvor Zutritt zu einem Grundstück verschafft hatten.
Das Diebesgut lagerten die Unbekannten in einem daneben befindlichen Garagenkomplex ein, wo die eingesetzten Beamten es fanden. Kriminaltechniker sicherten am Tatort Spuren. Das Diebesgut konnte an die Besitzer zurückgegeben werden.",https://polizei.brandenburg.de/pressemeldung/diebesgut-zurueck-beim-eigentuemer/5713709
SKODA-Fahrer offenbar alkoholisiert (Kolkwitz),01.10.2026,"Kolkwitz, Spree-Neiße","Am Donnerstag gegen 22:40 Uhr kontrollierten Beamte einen PKW SKODA. Während der Überprüfung stellten die Polizisten fest, dass der Fahrer des „Fabia“ offenbar alkoholisiert unterwegs war, da ein Test ein Ergebnis von über 1,6 Promille ergab.
Anschließend wurde eine beweissichernde Blutprobe durchgeführt, der Führerschein sichergestellt und die Weiterfahrt untersagt.",https://polizei.brandenburg.de/pressemeldung/skoda-fahrer-offenbar-alkoholisiert/5713708
Diebe auf der Baustelle (Guben),01.10.2026,"Guben, Spree-Neiße","Die Polizei wurde am Freitag kurz vor 08:00 Uhr in die Hugo-Jentsch-Straße gerufen. Unbekannte hatten über Nacht verschiedene Baumaschinen gestohlen.
Die Schadenssumme wurde auf rund 1.000 Euro geschätzt. Die Beamten leiteten ein Ermittlungsverfahren ein.",https://polizei.brandenburg.de/pressemeldung/diebe-auf-der-baustelle/5713707
Auto gegen Baum (Forst),30.09.2026,"Forst, Spree-Neiße",Am Dienstagmittag ist ein VW-Kleinwagen von der Schwerinstraße abgekommen und gegen einen Baum gefahren. Die Fahrerin des „Polo“ wurde dabei nach erstem Anschein nicht verletzt und kümmerte sich selbst um einen Abschleppwagen für das Auto. Der entstandene Schaden wurde auf rund 8.000 Euro geschätzt.,https://polizei.brandenburg.de/pressemeldung/auto-gegen-baum/5713516
Kind verletzt bei Verkehrsunfall (Forst),30.09.2026,"Forst, Spree-Neiße",Beim Überqueren der Charlottenstraße ist am Dienstag gegen 17:45 Uhr ein 15-jähriger Junge von einem Auto angefahren worden. Der Teenager wurde zur Abklärung seiner Verletzungen in ein Krankenhaus gebracht.,https://polizei.brandenburg.de/pressemeldung/kind-verletzt-bei-verkehrsunfall/5713514
Auffahrunfall (Guben),30.09.2026,"Guben, Spree-Neiße",In der Cottbuser Straße sind am Dienstag kurz nach 12:45 Uhr zwei Autos zusammengestoßen. Verletzt wurde dabei niemand und sowohl der NISSAN als auch der HONDA blieben nach der Aktion fahrbereit. Der entstandene Schaden wurde auf 8.000 Euro geschätzt.,https://polizei.brandenburg.de/pressemeldung/auffahrunfall/5713512
Vorfahrtsfehler (Peitz),29.09.2026,"Peitz, Spree-Neiße",Am Busbahnhof sind am Dienstag gegen 18:30 Uhr zwei Autos zusammengestoßen. Dabei wurde niemand verletzt und beide Fahrzeuge blieben fahrbereit. Der entstandene Sachschaden wurde vor Ort auf rund 5.000 Euro geschätzt.,https://polizei.brandenburg.de/pressemeldung/vorfahrtsfehler/5713510
Auto rammt Mast (Kolwitz),29.09.2026,"Kolwitz, Spree-Neiße","An der Steinteichmühle ist am Mittwoch gegen 07:45 Uhr ein PKW SKODA gegen einen Strommast gefahren. Der Fahrer blieb unverletzt und auch der Mast standhaft, doch für den „Superb“ musste ein Abschleppdienst organisiert werden. Nach eigenen Angaben war der Fahrer von der Sonne geblendet und hatte daher den Mast übersehen. Der entstandene Schaden wurde auf rund 8.000 Euro geschätzt.",https://polizei.brandenburg.de/pressemeldung/auto-rammt-mast/5713509
Mitarbeiterin/Mitarbeiter Geschäftsdienst (m/w/d) bei der Leiterin/beim Leiter eines Polizeireviers (Guben),30.09.2026,"Guben, Spree-Neiße","Im Polizeipräsidium des Landes Brandenburg befindet sich die Polizeidirektion Süd. Sie umfasst territorial die Landkreise Spree-Neiße, Oberspreewald-Lausitz, Dahme-Spreewald und Elbe-Elster sowie die kreisfreie Stadt Cottbus.
Eine wesentliche Voraussetzung dafür, dass unsere Polizeikräfte ihre Kernaufgaben erfolgreich erledigen können, ist eine professionelle und leistungsstarke Polizeiverwaltung, die für einen reibungslosen Ablauf aller administrativen Prozesse sorgt.
So ist bei der Polizeidirektion Süd in der Polizeiinspektion Cottbus/Spree-Neiße zum 01.01.2027 eine Stelle als:
Mitarbeiterin/ Mitarbeiter Geschäftsdienst (m/w/d) bei der Leiterin/beim Leiter eines Polizeireviers
Arbeitstort: Guben
(bewertet nach Entgeltgruppe 5 TV-L)
zu besetzen.
Die Ausschreibung richtet sich ausschließlich an Arbeitnehmer. Der Arbeitsvertrag ist zwingend bis zum 31.12.2026 abzuschließen.
Die Stelle ist nach Entgeltgruppe 5, Fallgruppe 1 Teil I Anlage A zum Tarifvertrag der Länder (TV-L) bewertet.
Arbeitsaufgaben:
Planung, Koordinierung und Überwachung von Terminen
Empfang von Besucherinnen und Besuchern
organisatorische Vor- und Nachbereitung von Besprechungen
Bearbeitung des Postein- und -ausgangs sowie Postverteilung
Fertigen von allgemeinen Schreiben für die Behördenstabsleitung nach Vorgabe bzw. Vorlage
Fertigen von Gesprächsnotizen und Sitzungsprotokollen
Formulierung und Gestaltung von Texten
Beschaffung von Büro- und Verbrauchsmaterialien
Krankheits- und Urlaubsverwaltung im Personalinformationssystem
Anforderungen:
Formale Anforderungen
abgeschlossene Berufsausbildung als Verwaltungsfachangestellte/ Verwaltungsfachangestellter, Kaufmann/ Kauffrau für Büromanagement (Bürokaufmann/ frau, Fachangestellte/r für Bürokommunikation, Kaufmann/ -frau für Bürokommunikation oder vergleichbar), Industriekaufmann/-frau
Berufserfahrungen außerhalb der Berufsausbildung in dem Aufgabengebiet sind wünschenswert.
Fachliche Anforderungen
PC-Kenntnisse, umfangreiche Kenntnisse im Umgang mit Bürosoftware (Word, Excel, PowerPoint)
Außerfachliche Anforderungen
sehr gutes schriftliches Ausdrucksvermögen und Rechtschreibsicherheit
Textverständnis
sehr gute Kommunikationsfähigkeit
Organisationstalent
Kunden- und Serviceorientierung
sehr gute Kenntnisse der gängigen MS-Office-Anwendungen (Word, Excel, Outlook)
Führerschein Klasse B
Nachweise über Berufsabschlüsse und das schriftliche Einverständnis für eine Überprüfung Ihrer Person in den polizeilichen Auskunftssystemen sind der Bewerbung zwingend beizufügen, um im Bewerbungsverfahren berücksichtigt zu werden! Sofern nach der Überprüfung keine Erkenntnisse vorliegen, kann ein Beschäftigungsverhältnis begründet werden.
Es wird darauf hingewiesen, dass bei Einstellungsabsicht außerdem ein Auszug aus dem Bundeszentralregister (Führungszeugnis) zur Vorlage bei der Behörde gemäß § 30 Absatz 5 Bundeszentralregistergesetz abgefordert wird.
Zudem wird darauf hingewiesen, dass sämtliche Kosten, die im Zusammenhang mit einem möglichen Vorstellungsgespräch entstehen können, nicht erstattet werden.
Wir bieten Ihnen:
eine anspruchsvolle und zugleich herausfordernde Tätigkeit im polizeilichen Umfeld einen unbefristeten Arbeitsplatz -
Entgeltgruppe 5 TV-L
– Link zum Tarifrechner: https://oeffentlicher-dienst.info/tv-l/allg/
ein motiviertes Team mit fachlicher und sozialer Kompetenz
bedarfsorientierte Fortbildungsmöglichkeiten
flexible Arbeitszeiten (keine feste Kernzeitregelung)
die Möglichkeit zum Bezug eines vom Arbeitgeber bezuschussten VBB-Firmentickets (Jobticket)
Jahressonderzahlung gemäß § 20 TV-L
regelmäßige, tarifliche Entgelterhöhungen, vermögenswirksame Leistungen, betriebliche Altersvorsorge 30 Tage Erholungsurlaub sowie die Gewährung freier Tage am 24.12. und 31.12.
kostenlose Nutzung von Maßnahmen des betrieblichen Gesundheitsmanagements (z.B. Sportkurse; Fitnessräume; etc.)
Bei der Gestaltung der Arbeitsplätze und -bedingungen legt das Polizeipräsidium großen Wert darauf, dass sich die Belange von Beruf und Familie bestmöglich vereinbaren lassen. Dieser Arbeitsplatz ist daher - im Rahmen der dienstlichen Möglichkeiten und Erfordernisse - grundsätzlich auch für eine Teilzeitbeschäftigung geeignet.
Das Polizeipräsidium fördert aktiv die Gleichstellung aller Beschäftigten. Wir begrüßen deshalb Bewerbungen von Allen, unabhängig von deren Nationalität (Kommunikationssprache ist Deutsch), sozialer Herkunft, Alter, Religion, Behinderung oder sexueller Identität. Seine besondere Verpflichtung sieht das Polizeipräsidium in der Einstellung behinderter Menschen. Daher werden Bewerbende, die zum Personenkreis schwerbehinderter oder diesen gleichgestellten Menschen mit Behinderung gehören, bei gleicher Eignung bevorzugt berücksichtigt. Auf eine ggf. vorliegende Behinderung ist im Bewerbungsschreiben hinzuweisen. Gleichwohl ist die Landespolizei bestrebt, den Frauenanteil im Dienst zu erhöhen, sodass Bewerbungen von Frauen ausdrücklich erwünscht sind.
Kontakt und Informationen
Für Fragen zum Ausschreibungsverfahren steht Ihnen Frau Kassner unter der Telefonnummer 0355/4937-2310 zur Verfügung.
Wenn wir Ihr Interesse geweckt haben, dann senden Sie Ihre aussagekräftige Bewerbung mit den
üblichen und vollständigen Unterlagen
(Lebenslauf, Abschluss- / Zeugniskopien, IHK Prüfungszeugnis, Nachweis Führerschein etc.) bitte
bis zum 18.10.2026 vorzugsweise per E-Mail
an das Postfach
bewerbungen.pdsued@polizei.brandenburg.de
oder schriftlich an das:
Polizeipräsidium des Landes Brandenburg
Polizeidirektion Süd Stabsbereich 3
Juri-Gagarin-Str. 15/16
03046 Cottbus
Unvollständige Bewerbungen werden nicht berücksichtigt.
Bewerbende, die bereits im öffentlichen Dienst tätig sind, werden gebeten, ihr Einverständnis zur Einsichtnahme in die Personalakte zu erklären und nach Möglichkeit Angaben zu ihrer personalführenden Stelle zu tätigen.
Bitte senden Sie uns nur Kopien Ihrer Unterlagen und verzichten Sie auf Bewerbungsmappen und Schutzfolien, da sämtliche Bewerbungsunterlagen nach Abschluss des Stellenbesetzungsverfahrens (3 Monate) datenschutzkonform vernichtet werden.
Sofern die Rücksendung von Bewerbungsunterlagen gewünscht ist, ist der Bewerbung ein ausreichend frankierter und adressierter Rückumschlag beizulegen. Sollten Sie uns Ihre Unterlagen verschlüsselt zusenden wollen, kontaktieren Sie uns zur Übermittlung unseres öffentlichen Schlüssels.
Hinweise zum Datenschutz:
Es wird um Kenntnisnahme und Beachtung der auf der Website
www.polizei.brandenburg.de
eingestellten Hinweise zum Datenschutz gebeten, mit denen Sie gemäß Art. 13 der Datenschutz Grundverordnung (DSGVO) über die Verarbeitung Ihrer personenbezogenen Daten im Zusammenhang mit Ihrer Bewerbung im Polizeipräsidium des Landes Brandenburg informiert werden.",https://polizei.brandenburg.de/pressemeldung/mitarbeiterin-mitarbeiter-geschaeftsdien/5713538
Bei Einbruch ertappt (Guben),28.09.2026,"Guben, Spree-Neiße","Unbekannte sind am Montag in ein leerstehendes Gewerbeobjekt in der Karl-Marx-Straße eingedrungen. Dabei hatten sie es offensichtlich auf Buntmetall abgesehen und beim Ausbau der Leitung einen gewaltigen Schaden von mehreren zehntausend Euro angerichtet. Ein Zeuge entdeckte das Treiben gegen 14:30 Uhr. Dadurch aufgeschreckt, flüchteten zwei Männer, die von der hinzugerufenen Polizei nicht mehr aufgegriffen werden konnten. Kriminaltechniker sicherten Spuren, mit denen sich nun die Kriminalpolizei befasst.",https://polizei.brandenburg.de/pressemeldung/bei-einbruch-ertappt/5713441
Einbruch in Kirche (Guben),28.09.2026,"Guben, Spree-Neiße","Die Polizei wurde am Dienstag gegen 08:30 Uhr über einen Einbruch in der Straupitzstraße informiert. Unbekannte waren gewaltsam in eine Kirche eingebrochen. Nach ersten Erkenntnissen hatten sie Kelche und Teller aus Silber entwendet. Der Schaden wird auf mehrere zehntausend Euro geschätzt. Kriminaltechniker sicherten am Vormittag Spuren, die in die weiteren Ermittlungen der Kriminalpolizei einfließen. In diesem Zusammenhang bittet die Polizei um Hinweise:
Wer hat seit dem Sonntagabend verdächtige Personenbewegungen beobachtet?
Wer kann Angaben zur Tat oder den Einbrechern machen?
Mit Ihren Hinweisen wenden Sie sich bitte an die Polizeiinspektion Cottbus / Spree-Neiße in Cottbus unter der Telefonnummer 0355 4937-1227 oder an jede andere Polizeidienststelle. Nutzen Sie auch gerne das Hinweisportal der Polizei im Internet.",https://polizei.brandenburg.de/pressemeldung/einbruch-in-kirche/5713437
Ordentlich getankt (Guben),28.09.2026,"Guben, Spree-Neiße","Polizeibeamte kontrollierten am Montag gegen 23:00 Uhr einen VW-Transporter in der Wilkestraße. Ein Atemalkoholtest beim Fahrer zeigte einen Wert von über 1,8 Promille an. Daher schloss sich eine beweissichernde Blutentnahme an. Die Polizisten untersagten dem Mann die Weiterfahrt.",https://polizei.brandenburg.de/pressemeldung/ordentlich-getankt/5713436
Diesel gestohlen (BAB 15 Rastplatz Dubje),28.09.2026,"BAB 15 Rastplatz Dubje, Spree-Neiße","Der Fahrer eines LKW informierte die Polizei am Dienstag gegen 04:30 Uhr über den Diebstahl von Kraftstoff aus dem Tank. Unbekannte hatten, während der Fahrer schlief, den Verschluss des Tankdeckels beschädigt und über 200 Liter Diesel aus dem Tank gezogen. Die Schadenshöhe wurde auf rund 500 Euro geschätzt. Die Beamten leiteten ein Ermittlungsverfahren ein.",https://polizei.brandenburg.de/pressemeldung/diesel-gestohlen/5713434
Von der Fahrbahn abgekommen (BAB 15 bei Cottbus West),28.09.2026,"BAB 15 bei Cottbus West, Spree-Neiße","Der Fahrer eines PKW SKODA kam beim Abfahren von der Bundesautobahn 15 nach links von der Fahrbahn ab und kollidierte mit der Schutzplanke, in der weiteren Folge überschlug sich der „Superb“. Der 34-jährige Fahrer wurde durch den Zusammenstoß verletzt und zur medizinischen Behandlung in ein Krankenhaus gebracht. Der PKW war nicht mehr fahrbereit und musste abgeschleppt werden. Die Schadenshöhe wurde auf rund 30.000 Euro geschätzt. Für den Zeitraum der Unfallaufnahme war die Abfahrt gesperrt.",https://polizei.brandenburg.de/pressemeldung/von-der-fahrbahn-abgekommen/5713432
Mit dem Fahrrad gestürzt (Cottbus und Forst),27.09.2026,"Cottbus und Forst, Spree-Neiße","Am Freitag kurz vor 19:00 Uhr war eine 63-jährige Radfahrerin in der Merzdorfer Bahnhofstraße gestürzt. Die Frau wurde zur medizinischen Behandlung mit einem Rettungswagen in ein Krankenhaus gebracht.
In Forst war am Sonntag gegen 18:30 Uhr ein 14-jähriger Radfahrer in der August-Bebel-Straße ebenfalls offenbar allein gestürzt. Zur weiteren Behandlung wurde der Jugendliche in ein naheliegendes Krankenhaus gebracht. Die Schadenshöhe wurde auf rund 50 Euro geschätzt.",https://polizei.brandenburg.de/pressemeldung/mit-dem-fahrrad-gestuerzt/5713316
Pöbelnder Radfahrer gestürzt (Spremberg),27.09.2026,"Spremberg, Spree-Neiße","Zeugen informierten am Sonntag gegen 18:45 Uhr die Polizei über einen pöbelnden männlichen Radfahrer in der Langen Straße. Beim Versuch, zwischen einem Aufsteller und einer Laterne hindurchzufahren, kollidierte der 31-Jährige mit beiden Gegenständen und stürzte.
Als die Beamten am Einsatzort eintrafen, wehrte sich der Mann gegen die polizeilichen Maßnahmen. Ein durchgeführter Alkoholtest ergab einen Wert von über 1,8 Promille. Der Radfahrer wurde zur medizinischen Behandlung in ein Krankenhaus gebracht, hier wurde auch eine beweissichernde Blutentnahme durchgeführt. Die Beamten leiteten mehrere Ermittlungsverfahren ein.",https://polizei.brandenburg.de/pressemeldung/poebelnder-radfahrer-gestuerzt/5713315
PKW und Waldboden brennt (Kathlow),27.09.2026,"Kathlow, Spree-Neiße","Der Halter eines PKW MERCEDES parkte sein Auto am Sonntag in einem Waldstück bei Kathlow. Gegen 14:10 Uhr kehrte er zu seinem Fahrzeug zurück und stellte fest, dass dieses brannte. Die hinzugerufene Feuerwehr löschte den Brand, welcher auch auf Waldboden überschlug.
Das Fahrzeug wurde im Anschluss zur Beweissicherung abgeschleppt. Die Schadenshöhe und die Brandursache sind Gegenstand weiterer Ermittlungen.",https://polizei.brandenburg.de/pressemeldung/pkw-und-waldboden-brennt/5713314
"PKW-Fahrer unter Drogen am Steuer gestoppt (Hohenstücken, Rathenower Landstraße)",06.10.2026,"Hohenstücken, Rathenower Landstraße, Brandenburg an der Havel","In den frühen Nachtstunden stellten Polizisten einen VW-Transporter in der Rathenower Landstraße fest und stoppten das Fahrzeug für eine Kontrolle. Im Rahmen der Kontrolle wurden bei dem 46-jährigen Fahrer deutliche Auffälligkeiten wahrgenommen, die auf den Konsum von Drogen hindeuteten. Auf Nachfrage räumte der Fahrer ein, am Abend zuvor Cannabis konsumiert zu haben. Es folgte für den Betroffenen eine Blutprobe und die Untersagung der Weiterfahrt. Gegen den Fahrer wurde ein Ordnungswidrigkeitenverfahren eingeleitet.",https://polizei.brandenburg.de/pressemeldung/pkw-fahrer-unter-drogen-am-steuer-gestop/5713910
"In PKW eingebrochen  (Altstadt, Hessenweg)",06.10.2026,"Altstadt, Hessenweg, Brandenburg an der Havel","Der Geschädigte informierte die Polizei über einen besonders schweren Fall des Diebstahls aus seinem PKW.
Innerhalb der Nacht vom Sonn- auf den Montag verschafften sich die unbekannten Täter gewaltsam Zugang zu seinem im Hessenweg geparkten Ford. Hierbei wurde die Seitenscheibe auf der Beifahrerseite eingeschlagen. Nach ersten Erkenntnissen konnten die Täter persönlichen Gegenstände entwenden. Der Schaden wird mit mehreren Hundert Euro angegeben. Die Polizei nahm eine Strafanzeige auf und sicherte Spuren, welche im Rahmen der weiteren Bearbeitung ausgewertet werden.",https://polizei.brandenburg.de/pressemeldung/in-pkw-eingebrochen-/5713909
"In PKW eingebrochen  (Altstadt, Hessenweg)",06.10.2026,"Altstadt, Hessenweg, Brandenburg an der Havel","Der Geschädigte informierte die Polizei über einen besonders schweren Fall des Diebstahls aus seinem PKW.
Innerhalb der Nacht vom Sonn- auf den Montag verschafften sich die unbekannten Täter gewaltsam Zugang zu seinem im Hessenweg geparkten Ford. Hierbei wurde die Seitenscheibe auf der Beifahrerseite eingeschlagen. Nach ersten Erkenntnissen konnten die Täter persönlichen Gegenstände entwenden. Der Schaden wird mit mehreren Hundert Euro angegeben. Die Polizei nahm eine Strafanzeige auf und sicherte Spuren, welche im Rahmen der weiteren Bearbeitung ausgewertet werden.",https://polizei.brandenburg.de/pressemeldung/in-pkw-eingebrochen-/5713908
"Ohne Führerschein und nicht versichert (Neuschmerzke, Berliner Straße)",04.10.2026,"Neuschmerzke, Berliner Straße, Brandenburg an der Havel","Polizeib
eamte aus Brandenburg kontrollierten in den Mittagsstunden am Sonntag einen graufarbenen Audi im Bereich der Berliner Straße. Im Rahmen der Abfrage in den Auskunftssystemen wurde festgestellt, dass die 26-jährige Fahrzeugführerin keine Fahrerlaubnis besitzt und darüber hinaus das Gefährt nicht versichert ist. Die Weiterfahrt wurde untersagt und eine Anzeige aufgenommen. Wenige Stunden später bemerkten die Beamten, dass das Fahrzeug nicht mehr am Abstellort stand. Nachfragen bei einer Mitarbeiterin des Geländes ergaben, dass die scheinbar unbelehrbarer Beschuldigte mit dem PKW von Dannen gefahren ist. Es wurde eine weitere Anzeige aufgenommen. Die weiteren Ermittlungen führt nun die Kriminalpolizei.",https://polizei.brandenburg.de/pressemeldung/ohne-fuehrerschein-und-nicht-versichert/5713878
Mann leistet Widerstand (Neustadt),05.10.2026,"Neustadt, Brandenburg an der Havel","Am Sonntagabend soll es zwischen einem 34-jährigen Mann und einer 45-jährigen Frau zu einem Streit gekommen sein. Als Polizisten vor Ort eintrafen war der Mann aufgebracht und wollte immer wieder auf die Frau zugehen. Da er den Anweisungen der Polizisten nicht nachkommen wollte und immer aggressiver wurde, musste er fixiert werden. Dabei griff er die Beamten an, wobei ein Polizist leicht verletzt wurde. Der Polizist konnte seinen Dienst im Anschluss jedoch fortsetzen. Nachdem der Mann sich beruhigt hatte, wurde er aus der Polizeimaßnahme entlassen. Zwischen der Frau und ihm kam es zu keinen Straftaten, jedoch muss er sich nun wegen Widerstandes gegen Vollstreckungsbeamte verantworten. Die weiteren Ermittlungen führt die Kriminalpolizei.",https://polizei.brandenburg.de/pressemeldung/mann-leistet-widerstand/5713833
VW in Brandenburg gestohlen (Packhofstraße / Eichamtstraße),04.10.2026,"Packhofstraße / Eichamtstraße, Brandenburg an der Havel","Ein 26-jähriger Mann meldete der Polizei am heutigen Sonntagmorgen den Diebstahl seines schwarzen Pkw VW Touareg mit Kennzeichen bzw. Zulassung aus der Havelstadt. Das Fahrzeug war am Vorabend im Bereich Packhofstraße / Eichamtstraße abgestellt worden und wurde nach bisherigen Erkenntnissen von unbekannten Tätern entwendet.
Der Pkw wurde umgehend zur Fahndung ausgeschrieben. Hinweise auf mögliche Tatverdächtige liegen bislang nicht vor. Die Kriminalpolizei hat die Ermittlungen aufgenommen. Der Sachschaden beläuft sich auf mehrere zehntausend Euro.",https://polizei.brandenburg.de/pressemeldung/vw-in-brandenburg-gestohlen/5713890
Betrunkener Radfahrer stürzt (Am Hauptbahnhof),04.10.2026,"Am Hauptbahnhof, Brandenburg an der Havel","Über die Rettungsleitstelle erhielt die Polizei Kenntnis von einem gestürzten und verletzten Fahrradfahrer. Vor Ort stellten die Beamten einen 59-jährigen Mann am Boden liegend fest. Zeugen hatten ihn zuvor mit einem Fahrrad fahren und anschließend stürzen sehen. Bei der Unfallaufnahme nahmen die Beamten Alkoholgeruch wahr. Ein Atemalkoholtest ergab einen Wert von 1,78 Promille. Dem Mann wurde im Krankenhaus eine Blutprobe entnommen. Aufgrund seiner Verletzungen verblieb er zur weiteren Behandlung im Krankenhaus. Am Fahrrad entstand ein Sachschaden von etwa 50 Euro. Es blieb fahrbereit und wurde am Unfallort gesichert.",https://polizei.brandenburg.de/pressemeldung/betrunkener-radfahrer-stuerzt/5713889
Cannabisgeruch führt zur Miniplantage (Kirchmöser),02.10.2026,"Kirchmöser, Brandenburg an der Havel","Zeugen meldeten der Polizei einen seit Tagen anhaltenden und intensiven Cannabisgeruch aus dem Garten einer über 80-jährigen Frau. Die hinzugerufenen Beamten konnten von außen im Garten Cannabispflanzen erkennen. Eine verantwortliche Angehörige der Eigenheimbesitzerin zeigte sich zunächst wenig erfreut über den Besuch der Beamten, ließ diese jedoch nach mehrmaligen Kontaktaufnahmen auf das Grundstück. Hier konnten schließlich mehr als zehn ausgewachsene und mit vielen Blüten bestückte Cannabispflanzen festgestellt werden. Die Cannabispflanzen wurden in der Folge sichergestellt und abtransportiert. Ein Ermittlungsverfahren gegen die Frau wurde eingeleitet. Die Kriminalpolizei ermittelt in dem Fall.",https://polizei.brandenburg.de/pressemeldung/cannabisgeruch-fuehrt-zur-miniplantage/5713658
"Moped fährt auf PKW auf (Altstadt, Luckenberger Straße)",02.10.2026,"Altstadt, Luckenberger Straße, Brandenburg an der Havel","Am Donnerstagvormittag wurden Beamte zu einem Verkehrsunfall zwischen einem Moped und einem PKW gerufen. Vor Ort wurde bekannt, dass die 15-jährige Mopedfahrerin zusammen mit ihrem Sozius die Luckenberger Straße in Richtung Bauhofstraße befuhr. Auf Höhe der dortigen Brücke staute sich der Verkehr, sodass die Mopedfahrerin bremsen musste und hierbei in die Schienen geriet, wodurch diese nahezu ungebremst auf einen PKW Opel auffuhr. Die beiden Mopedfahrerinnen stürzten daraufhin und wurden glücklicherweise nur leicht verletzt. An beiden Fahrzeugen entstand leichter Sachschaden. Eine Verkehrsunfallanzeige wurde aufgenommen und die Örtlichkeit dokumentiert.",https://polizei.brandenburg.de/pressemeldung/moped-faehrt-auf-pkw-auf/5713656
"Alkoholisierter Radfahrer stürzt (Nord, Brielower Straße)",01.10.2026,"Nord, Brielower Straße, Brandenburg an der Havel","Im Rahmen der nächtlichen Streifentätigkeit wurden Polizisten durch Zeugen auf einen gestürzten Radfahrer in der Brielower Straße aufmerksam gemacht.
Während der Hilfsmaßnahmen konnten die Beamten Alkoholgeruch beim 77-jährigen Radfahrer wahrnehmen. Dieser war jedoch aufgrund des Rauschzustandes nicht mehr in der Lage einen Alkoholtest durchzuführen. Der leichtverletzte Rentner wurde im Nachgang durch Rettungskräfte in ein Krankenhaus gebracht, welches er wenig später wieder eigenständig verlassen durfte. Eine Blutprobe wurde entnommen und die Weiterfahrt untersagt. Ein Ermittlungsverfahren wegen Trunkenheit im Verkehr wurde gegen den Mann eingeleitet.",https://polizei.brandenburg.de/pressemeldung/alkoholisierter-radfahrer-stuerzt/5713584
PKW-Fahrer unter Drogen am Steuer (Stadtgebiet),01.10.2026,"Stadtgebiet, Brandenburg an der Havel",Am Mittwoch stellten Polizisten der Polizeiinspektion Brandenburg gleich zwei unter Drogeneinfluss stehende PKW-Fahrer fest. Im ersten Fall wurde der 31-jährige Fahrer eines Kleintransporters festgestellt und positiv auf Amphetamin getestet. Einige Stunden später konnte ein 57-jähriger Fahrer eines Mercedes ebenfalls positiv auf Amphetamin getestet werden. Beide Fahrzeugführer zeigten in den jeweiligen Kontrollen deutliche Anzeichen auf den Konsum von Drogen. Es folgten für die nunmehr Betroffenen jeweils Blutproben und die Untersagung der Weiterfahrt. Gegen beide Männer wurden Ordnungswidrigkeitenverfahren eingeleitet.,https://polizei.brandenburg.de/pressemeldung/pkw-fahrer-unter-drogen-am-steuer/5713581
"Zielübungen in der Öffentlichkeit (Altstadt, August-Bebel-Straße)",01.10.2026,"Altstadt, August-Bebel-Straße, Brandenburg an der Havel","Mehrere Zeugen alarmierten die Polizei und teilten unabhängig voneinander mit, dass eine männliche Person mit einer Langwaffe im Bereich der August-Bebel-Straße hantiert soll.
Polizisten konnten schließlich einen 20-jährigen Mann feststellen, welcher auf einer Parkbank saß und tatsächlich einen waffenähnlichen Gegenstand in den Händen hielt.
Der Mann konnte angesprochen und die Waffen in Augenschein genommen werden. Hierbei handelte es sich um eine Luftdruckwaffe mit samt Munition. Dem offensichtlich betrunkenen Mann, welcher sich auf über 4,0 Promille pustete, wurden die Waffe als auch die Munition abgenommen und sichergestellt. Waffenrechtliche Erlaubnisse konnte der junge Mann nicht vorweisen. Gegen den nunmehr Betroffenen wurde ein Ordnungswidrigkeitenverfahren eingeleitet.",https://polizei.brandenburg.de/pressemeldung/zieluebungen-in-der-oeffentlichkeit/5713577
"Nichtversicherter E-Roller gestoppt (Altstadt, August-Bebel-Straße)",29.09.2026,"Altstadt, August-Bebel-Straße, Brandenburg an der Havel","Beamte der Polizeiinspektion Brandenburg kontrollierten einen E-Roller, welcher die August-Bebel-Straße befuhr. Hierbei konnten die Beamten erkennen, dass das erforderliche Versicherungskennzeichen gänzlich fehlte. Im Zuge der Verkehrskontrolle konnte der 38-jährige E-Roller-Fahrer keinen Versicherungsnachweis erbringen. Der Fahrer muss sich nun in einem Strafverfahren verantworten. Die Weiterfahrt wurde untersagt.",https://polizei.brandenburg.de/pressemeldung/nichtversicherter-e-roller-gestoppt/5713511
"Diebstahl auf Baustelle (Butterlake, Rathenower Landstraße)",29.09.2026,"Butterlake, Rathenower Landstraße, Brandenburg an der Havel","Die Polizei wurde durch einen Mitarbeiter über den Einbruch auf einem Baustellengelände in Kenntnis gesetzt. Das gesicherte Grundstück wurde durch unbekannte Täter gewaltsam betreten und Baumaterialien im Wert von mehreren Hundert Euro entwendet.
Polizeibeamte untersuchten den Tatort und leiteten ein Ermittlungsverfahren ein.",https://polizei.brandenburg.de/pressemeldung/diebstahl-auf-baustelle/5713371
"Diebe brechen in Gartenbungalow ein (Kirchmöser, Gartensparte)",29.09.2026,"Kirchmöser, Gartensparte, Brandenburg an der Havel","Durch den Geschädigten wurde der Polizei ein Einbruch in seinen Gartenbungalow mitgeteilt.
Derzeit unbekannte Täter nutzten die mehrtägige Abwesenheit des Eigentümers aus und verschafften sich gewaltsamen Zugang zum Bungalow. Ob etwas entwendet worden ist, konnte zur Zeit der Anzeigenaufnahme nicht mitgeteilt werden. Ein Schaden von mehreren Hundert Euro entstand. Die Beamten nahmen eine Anzeige auf und suchten nach auswertbaren Spuren. Die weiteren Ermittlungen führt nun die Kriminalpolizei.",https://polizei.brandenburg.de/pressemeldung/diebe-brechen-in-gartenbungalow-ein/5713370
"Fahren ohne Fahrerlaubnis (Hohenstücken, Upstallstraße)",28.09.2026,"Hohenstücken, Upstallstraße, Brandenburg an der Havel","Auf Streife stellten Brandenburger Polizisten ein Auto mit Anhänger fest und entschlossen sich zu einer Verkehrskontrolle. Der
21-jähirge Fahrzeugführer besaß lediglich einen Führerschein der Klasse B, die erforderliche BE-Klasse fehlte. Gegen den Fahrer wurde ein Ermittlungsverfahren eingeleitet und die Weiterfahrt untersagt.",https://polizei.brandenburg.de/pressemeldung/fahren-ohne-fahrerlaubnis/5713279
Ohne Fahrerlaubnis und unter Drogeneinfluss unterwegs (Magdeburger Landstraße),27.09.2026,"Magdeburger Landstraße, Brandenburg an der Havel","Im Rahmen der Streifentätigkeit stellten Polizeibeamte eine Sattelzugmaschine im fließenden Verkehr fest und führten eine Verkehrskontrolle durch. Dabei konnte der 35-jährige Fahrer keine gültige Fahrerlaubnis vorweisen. Eine weitere Überprüfung ergab, dass der Mann nicht im Besitz der erforderlichen Fahrerlaubnis ist. Zudem zeigte er Auffälligkeiten, die auf den Konsum berauschender Mittel hindeuteten. Ein Drogenvortest reagierte dabei positiv auf Amphetamin und Kokain.
Durch einen Arzt wurde in der Polizeiinspektion Brandenburg eine Blutprobenentnahme durchgeführt. Dem 35-Jährigen wurde die Weiterfahrt mit Kraftfahrzeugen untersagt und er konnte nach Abschluss der polizeilichen Maßnahmen entlassen werden.
Gegen den Fahrer wurden entsprechende Ermittlungsverfahren eingeleitet. Eine gesonderte Strafanzeige wurde zudem gegen den Halter der Sattelzugmaschine gefertigt.",https://polizei.brandenburg.de/pressemeldung/ohne-fahrerlaubnis-und-unter-drogeneinfl/5713287
"Mit über drei Promille am Steuer (Neuschmerzke, Biesenländer Weg)",27.09.2026,"Neuschmerzke, Biesenländer Weg, Brandenburg an der Havel","Im Rahmen der Streife stellten Polizeibeamte einen Pkw fest und führten anschließend eine Verkehrskontrolle durch. Dabei nahmen die Beamten bei dem 27-jährigen Fahrzeugführer starken Alkoholgeruch wahr. Ein Atemalkoholtest bestätigte den Verdacht mit einem Wert von über 3,1 Promille. Durch einen Arzt wurde in der Polizeiinspektion Brandenburg eine Blutprobenentnahme durchgeführt. Sein Führerschein wurde beschlagnahmt und ihm die Weiterfahrt untersagt. Anschließend konnte der 27-Jährige vor Ort entlassen werden. Gegen den Mann wurde ein entsprechendes Strafverfahren eingeleitet.",https://polizei.brandenburg.de/pressemeldung/mit-ueber-drei-promille-am-steuer/5713286
"Diebe in Neuseddin unterwegs (Seddiner See, OT Neuseddin)",25.09.2026,"Seddiner See, OT Neuseddin, Brandenburg an der Havel","Durch Zeugen wurden der Polizei mehrere aufgebrochene Container in Neuseddin mitgeteilt.
Unbekannte Täter drangen innerhalb der Nacht von Mittwoch auf Donnerstag gewaltsam in mehrere Baucontainer ein, welche sich in der Nähe des Rangierbahnhofs befanden. Hierbei entwendeten die Täter hochwertige Baumaschinen und Werkzeuge. Der verursachte Schaden bewegt sich im mittleren fünfstelligen Bereich.
Die Beamten nahmen eine Strafanzeige auf und führten die Tatortarbeit durch.
Die weitere Bearbeitung des eingeleiteten Verfahrens sowie die Auswertung der Spuren erfolgt durch die Kriminalpolizei.",https://polizei.brandenburg.de/pressemeldung/diebe-in-neuseddin-unterwegs/5713240
"In Baustelle eingebrochen und Kabel entwendet (Altstadt, Am Neuendorfer Sand)",25.09.2026,"Altstadt, Am Neuendorfer Sand, Brandenburg an der Havel","Mitarbeiter informierten die Polizei über einen besonders schweren Fall des Diebstahls.
Innerhalb der vergangenen Nacht verschafften sich die unbekannten Täter gewaltsam Zugang zu einem im Umbau befindlichen Gebäude. Nach ersten Erkenntnissen konnten die Täter mehrere Kabeltrommeln stehlen. Der Schaden wird mit mehreren Tausend Euro angegeben. Die Polizei nahm eine Strafanzeige auf und sicherte Spuren.",https://polizei.brandenburg.de/pressemeldung/in-baustelle-eingebrochen-und-kabel-entw/5713238
Pkw aufgefunden (Falkensee),24.09.2026,"Falkensee, Brandenburg an der Havel","Am frühen Mittwochmorgen wurde der Polizei über die Polizei Berlin ein zur Fahndung ausgeschriebenes Fahrzeug gemeldet. Der Pkw der Marke Toyota konnte durch den Geschädigten lokalisiert und anschließend festgestellt werden.
Am Fahrzeug konnten Einbruchsspuren festgestellt werden. Anschließend wurde das Fahrzeug kriminaltechnisch untersucht und entsprechend behandelt.
Im Anschluss konnte das Fahrzeug an den rechtmäßigen Halter übergeben werden.",https://polizei.brandenburg.de/pressemeldung/pkw-aufgefunden/5713184
"Motorradfahrer übersehen (Beelitz, Berliner Straße )",24.09.2026,"Beelitz, Berliner Straße, Brandenburg an der Havel",Gegen Mittag ereignete sich ein Verkehrsunfall zwischen einem PKW und einem Motorrad in der Berliner Straße in Beelitz. Demnach beabsichtigte der 40-jährige Fahrer eines VW von einem Tankstellengelände auf die Berliner Straße einzufahren. Hierbei übersah der PKW-Fahrer jedoch den vorfahrtberechtigten 65-jährigen Motorradfahrer. Infolge des Zusammenstoßes wurde der Kradfahrer verletzt und ambulant versorgt. Beide Fahrzeuge mussten abgeschleppt werden. Eine halbseitige Sperrung erfolgte durch die eingesetzten Polizisten. Die weitere Bearbeitung des Verkehrsunfalls erfolgt durch die Kriminalpolizei.,https://polizei.brandenburg.de/pressemeldung/motorradfahrer-uebersehen/5713092
"Kennzeichendiebstahl am Bahnhof (Neustadt, Am Hauptbahnhof)",24.09.2026,"Neustadt, Am Hauptbahnhof, Brandenburg an der Havel","Durch die Berliner Polizei wurde die 54-jährige Geschädigte telefonisch informiert, dass die hintere Kennzeichentafel ihres PKW in Berlin aufgefunden wurde. Zeitgleich überprüften Polizisten aus Brandenburg den Abstellort des Fahrzeuges in der Stadt Brandenburg. Dabei bestätigte sich der Anfangsverdacht, dass beide Kennzeichen des Autos entwendet wurden. Eine Anzeige wurde aufgenommen und die noch nicht aufgefundene zweite Kennzeichentafel in Fahndung gesetzt.",https://polizei.brandenburg.de/pressemeldung/kennzeichendiebstahl-am-bahnhof/5713091
"Radfahrer mit Drogen erwischt (Neustadt, Jahnstraße)",22.09.2026,"Neustadt, Jahnstraße, Brandenburg an der Havel","Speziell ausgebildete Polizisten führten am Dienstag gezielte Kontrollen nach Drogen im Stadtgebiet Brandenburg an der Havel durch. Im Zuge der Maßnahmen konnte ein 40-jähriger Radfahrer kontrolliert werden, welcher freiwillig eine Kleinstmenge an Drogen übergab. Die Betäubungsmittel wurden beschlagnahmt und eine Strafanzeige aufgenommen.",https://polizei.brandenburg.de/pressemeldung/radfahrer-mit-drogen-erwischt/5713036
"E-Roller ohne Versicherung (Neustadt, Wiesenweg)",22.09.2026,"Neustadt, Wiesenweg, Brandenburg an der Havel","Beamte der Polizeiinspektion Brandenburg kontrollierten einen E-Roller, welcher zuvor den Bereich des Wiesenweges entlanggefahren war. Im Zuge der Kontrolle konnte eine Geschwindigkeit von 37 Km/h auf dem Display nachgewiesen werden. Der 17-jährige Fahrer konnte weder einen Versicherungsnachweis noch eine erforderliche Fahrerlaubnis vorweisen. Sowohl gegen den Halter als auch gegen den 17-Jährigen wurde eine Anzeige aufgenommen. Die Weiterfahrt wurde untersagt.",https://polizei.brandenburg.de/pressemeldung/e-roller-ohne-versicherung/5712923
"Ohne Fahrerlaubnis unterwegs (Rathenow, Steckelsdorf, Bölkershof)",06.10.2026,"Rathenow, Steckelsdorf, Bölkershof, Havelland","Am Montagmittag hielten Polizeibeamte einen Fahrer eines BMW samt Anhänger an und führten eine Verkehrskontrolle durch. Dabei stellte sich heraus, dass der 28-jährige Mann keine gültige Fahrerlaubnis für das Fahrzeuggespann besitzt.
Gegen ihn wurde daher ein Ermittlungsverfahren wegen des Fahrens ohne Fahrerlaubnis eingeleitet. Weiterhin wurde ihm die Weiterfahrt mit dem Anhänger untersagt.
Montag, 05.10.2026, 11:40 Uhr",https://polizei.brandenburg.de/pressemeldung/ohne-fahrerlaubnis-unterwegs/5713914
"Unbekannte wollen Tür von Wohnhaus aufhebeln (Falkensee, Falkenhöh)",06.10.2026,"Falkensee, Falkenhöh, Havelland","Der Polizei ist am Montagabend ein versuchter Einbruch in ein Einfamilienhaus in Falkenhöh gemeldet worden. Nach derzeitigem Kenntnisstand versuchten unbekannte Täter eine Tür aufzuhebeln, um sich Zutritt ins Innere zu verschaffen. Durch die Hebelspuren entstand an der Tür ein Schaden von circa 2000 Euro. Ins Haus kamen die Täter aber nicht.
Der Eigentümer des Hauses bemerkte am Montagabend den Schaden und informierte die Polizei. Polizisten kamen vor Ort und sicherten Spuren. Es wurde ein Ermittlungsverfahren wegen des versuchten Einbruchs eingeleitet.
Tatzeit: Donnerstag, 01.10.2026, 18:10 Uhr bis Montag, 05.10.2026, 20:15 Uhr",https://polizei.brandenburg.de/pressemeldung/unbekannte-wollen-tuer-von-wohnhaus-aufh/5713907
"PKW mit Reh kollidiert (Ketzin, L 92 zwischen Paretz und Uetz)",06.10.2026,"Ketzin, L 92 zwischen Paretz und Uetz, Havelland","Ein Wildunfall hat sich am Montagabend zwischen Paretz und Uetz ereignet. Der Fahrer eines PKW Hyundai befuhr die Landesstraße 92, als plötzlich ein Reh die Fahrbahn querte.
Der Mann konnte einen Zusammenstoß mit dem Tier nicht mehr verhindern. Das Reh starb in Folge der Kollision. Am Auto entstand ein Sachschaden von circa 3000 Euro. Die Polizei hat den Unfall aufgenommen.
Montag, 05.10.2026, 19:10 Uhr",https://polizei.brandenburg.de/pressemeldung/pkw-mit-reh-kollidiert/5713906
Falscher Polizeibeamter – hoher Vermögensschaden (Brieselang),04.10.2026,"Brieselang, Havelland","Am späten Freitagnachmittag wurde der Polizei ein Betrugsfall bekannt. Nach bisherigen Erkenntnissen erhielt die Geschädigte bereits Mitte September einen Anruf von einem unbekannten Mann, der sich als Polizeibeamter ausgab.
Der Anrufer brachte die Frau unter einem Vorwand dazu, einen größeren Geldbetrag zunächst auf ihr Girokonto zu überweisen und anschließend in Gold zu investieren. Das erworbene Gold wurde später von zwei unbekannten Personen bei der Geschädigten abgeholt und sollte sicher verwahrt werden.
Erst im Nachgang bemerkte die Frau den Betrug und informierte die Polizei. Es entstand ein Schaden im sechsstelligen Eurobereich. Die Kriminalpolizei hat die Ermittlungen aufgenommen.
Die Polizei rät:
Die Polizei fordert Sie niemals auf, Geld oder Wertgegenstände zu übergeben oder in Gold zu investieren.
Geben Sie am Telefon keine Auskünfte über Ihre finanziellen Verhältnisse.
Lassen Sie sich nicht unter Druck setzen und beenden Sie im Zweifel das Gespräch.
Kontaktieren Sie die Polizei im Verdachtsfall selbstständig über die Ihnen bekannte Telefonnummer oder den Notruf
110
.",https://polizei.brandenburg.de/pressemeldung/falscher-polizeibeamter-hoher-vermoegens/5713844
"Ohne Fahrerlaubnis unterwegs (Wassersuppe, Dorfstraße)",05.10.2026,"Wassersuppe, Dorfstraße, Havelland","Polizisten kontrollierten am Sonntagmittag den Fahrer eines Renaults. Bei der Kontrolle zeigte der Mann gefälschte Dokumente vor. Es stellte sich heraus, dass er nicht im Besitz einer gültigen Fahrerlaubnis war. Die Dokumente wurden als Beweismittel sichergestellt und die Weiterfahrt untersagt. Gegen ihn wurden Ermittlungsverfahren wegen Urkundenfälschung sowie Fahren ohne Fahrerlaubnis eingeleitet.",https://polizei.brandenburg.de/pressemeldung/ohne-fahrerlaubnis-unterwegs/5713824
"Unfallflucht (Elstal, Freizeiteinrichtung)",05.10.2026,"Elstal, Freizeiteinrichtung, Havelland","Am Sonntagnachmittag ereignete sich auf dem Parkplatz einer Freizeiteinrichtung eine Unfallflucht. Die Fahrerin eines Opels parkte in eine Parklücke und kollidierte dabei mit einem Pkw Renault, wodurch ein Sachschaden in Höhe von circa 2.000 Euro entstand. Die Fahrerin entgegnete dem Fahrer des beschädigten Pkw sinngemäß, dass sie die Sache gleich regeln, verschwand dann und kehrte nicht wieder zurück. Eine zufällig vor Ort befindliche Polizeistreife wurde vom Fahrer des Renaults bezüglich des Vorfalls angesprochen. Die Polizeibeamten nahmen den Unfall auf und leiteten Ermittlungen ein.",https://polizei.brandenburg.de/pressemeldung/unfallflucht/5713823
"Denkmal beschädigt (Falkensee, Am Wildpark)",05.10.2026,"Falkensee, Am Wildpark, Havelland","Am Freitag, 02. Oktober 2026, wurde der Polizei gegen 14:00 Uhr eine Sachbeschädigung in Falkensee, Am Wildpark, gemeldet.
Nach bisherigen Erkenntnissen wurden in einem Waldgebiet zwei Gedenktafeln mit historischem Bezug beschädigt. Die Tafeln wurden offenbar durch Umstoßen beschädigt.
Der entstandene Sachschaden wird auf etwa 500 Euro geschätzt.
Ob die Tat einen politisch motivierten Hintergrund hat, ist Gegenstand der weiteren Ermittlungen. Diese werden durch die Kriminalpolizei geführt.",https://polizei.brandenburg.de/pressemeldung/denkmal-beschaedigt/5713822
"Verkehrsunfall mit E-Roller (Rathenow, Märkischer Platz)",05.10.2026,"Rathenow, Märkischer Platz, Havelland",Am Samstagnachmittag stürzte ein 34-jähriger E-Rollerfahrer beim Befahren eines Gehweges. Er wurde durch Rettungskräfte vor Ort versorgt und kam mit leichten Verletzungen im Gesicht und an den Händen ins Krankenhaus. Der Verkehrsunfall wurde durch die Polizei aufgenommen.,https://polizei.brandenburg.de/pressemeldung/verkehrsunfall-mit-e-roller/5713782
Ohne Fahrerlaubnis unterwegs (Rathenow),05.10.2026,"Rathenow, Havelland","Polizeibeamte kontrollierten am Samstag im Stadtgebiet Rathenow einen PKW und unterzogen den Fahrer einer Verkehrskontrolle. Während dieser stellte sich heraus, dass der 63-jährige Fahrzeugführer nicht mehr im Besitz einer Fahrerlaubnis ist. Die Polizei leitete ein Strafverfahren ein, die Weiterfahrt wurde dem Mann untersagt.",https://polizei.brandenburg.de/pressemeldung/ohne-fahrerlaubnis-unterwegs/5713781
"Alkoholisiert im Straßenverkehr (Elstal, Zum Olympischen Dorf)",05.10.2026,"Elstal, Zum Olympischen Dorf, Havelland","Am Sonntagmorgen wurde die Polizei aufgrund eines lautstarken Streits in einem Mehrfamilienhaus alarmiert. Als die Polizeibeamten am Ort eintrafen, hatte ein 32-jähriger Beteiligter den Ort bereits mit einem Fahrzeug verlassen. Als die Person kurz darauf zum Ort zurückkehrte, stellten die Beamten Alkoholgeruch in der Atemluft fest. Ein durchgeführter Atemalkoholtest bestätigte den Verdacht. Daraufhin wurde eine Blutprobenentnahme angeordnet und in einem nahegelegenen Krankenhaus veranlasst. Der Führerschein wurde beschlagnahmt und die Weiterfahrt untersagt. Die weiteren Ermittlungen werden von der Kriminalpolizei geführt.",https://polizei.brandenburg.de/pressemeldung/alkoholisiert-im-strassenverkehr/5713780
Versuchter Einbruch in Wohnungen (Falkensee),05.10.2026,"Falkensee, Havelland","Ein Wohnungsmieter in einem Mehrfamilienhaus informierte die Polizei über einen Einbruchsversuch in mehrere Wohnungen eines Hausaufganges. Unbekannte Täter versuchten gewaltsam mit Hebelwerkzeugen in fünf verschiedene Wohnungen des Mehrfamilienhauses einzudringen. Die Zutrittsversuche blieben ohne Erfolg, es entstand jedoch Sachschaden im niedrigem vierstelligen Bereich. Durch die Polizei wurden vor Ort Spuren gesichert und mehrere Strafanzeigen aufgenommen.
Der Sachbereich Prävention der Polizeiinspektion Havelland bietet sowohl im privaten als auch gewerblichen Bereich Einbruchschutzberatungen an. Die Mitarbeitenden beraten sie kostenfrei und neutral vor Ort. Interessenten können sich unter 03321-400-1088 oder per E-Mail unter praevention.pihvl@polizei.brandenburg.de an die polizeiliche Präventionsabteilung wenden.",https://polizei.brandenburg.de/pressemeldung/versuchter-einbruch-in-wohnungen/5713779
Einbruch in Einfamilienhaus (Falkensee),05.10.2026,"Falkensee, Havelland","Der Eigentümer eines Einfamilienhauses informierte die Polizei über einen Einbruch in sein Wohnhaus. Unbekannte Täter hatten sich gewaltsam Zutritt verschafft, indem sie die Terrassentür aufbrachen. Auf der Suche nach Wertgegenständen durchsuchten die Täter das Objekt. Nach bisherigen Erkenntnissen wurde dabei nichts entwendet.  Ein Strafverfahren wurde eingeleitet und die Kriminalpolizei hat die Ermittlungen übernommen. Die Polizei führte eine Spurensuche und Spurensicherung am Tatort durch.
Der Sachbereich Prävention der Polizeiinspektion Havelland bietet sowohl im privaten als auch gewerblichen Bereich Einbruchschutzberatungen an. Die Mitarbeitenden beraten sie kostenfrei und neutral vor Ort. Interessenten können sich unter 03321-400-1088 oder per E-Mail unter praevention.pihvl@polizei.brandenburg.de an die polizeiliche Präventionsabteilung wenden.",https://polizei.brandenburg.de/pressemeldung/einbruch-in-einfamilienhaus/5713778
Auseinandersetzung zwischen Mitschülern (Falkensee),02.10.2026,"Falkensee, Havelland","In einer Falkenseer Schule gerieten am Donnerstagnachmittag zwei Schüler im aneinander. Während des Streits schlug erst ein 14-Jähriger einem gleichaltrigen Mitschüler mit einem Mobiltelefon auf den Hinterkopf. Wenig später ging der Konflikt weiter. Der zuvor Getroffene schlug den anderen Jugendlichen mehrfach, so dass der Teenager leicht verletzt wurde. Rettungskräfte kümmerten sich kurz darauf um den Jungen und versorgten ihn ambulant. Polizisten nahmen Strafanzeigen wegen wechselseitiger Körperverletzungen auf. Die Kriminalpolizei hat die Ermittlungen übernommen.",https://polizei.brandenburg.de/pressemeldung/auseinandersetzung-zwischen-mitschuelern/5713747
"Mehrere Kellereinbrüche (Premnitz, Wohngebiet)",02.10.2026,"Premnitz, Wohngebiet, Havelland","Bislang unbekannte Täter brachen in der Nacht zum Donnerstag in mehrere Kellerparzellen eines Mehrfamilienhauses ein. Auf der Suche nach wertintensiven Gegenständen durchsuchten und durchwühlten die Kellerabteile. Nach derzeitigem Stand wurden aus einer Parzelle Elektronikartikel entwendet. Ob aus anderen Parzellen ebenfalls etwas entwendet wurde, kann aktuell noch nicht gesagt werden. Polizisten wurden durch die Anwohner informiert. Sie leiteten Ermittlungen ein und sicherten Spuren.",https://polizei.brandenburg.de/pressemeldung/mehrere-kellereinbrueche/5713744
"Bei Fahrerflucht beobachtet (Nauen, Ketziner Straße)",02.10.2026,"Nauen, Ketziner Straße, Havelland","Am Donnerstagvormittag ereignete sich in Nauen eine Unfallflucht. Auf einem Parkplatz in der Ketziner Straße hatte die Eigentümerin eines Opels diesen in einer Parklücke abgestellt. Sie selbst saß noch im Fahrzeug. Als der Fahrer eines weiteren Opels neben ihr einparkte und ausstieg, schlug dessen Tür gegen das Auto der Frau. Der Mann schloss seine Tür und verschwand. Die Eigentümerin meldete den Vorfall der Polizei, welche eine Unfallflucht aufnahm. Mit Unterstützung der Angaben der Frau konnten die Beamten den Fahrer identifizieren. Gegen ihn wird nun wegen Fahrerflucht ermittelt. Es entstand Sachschaden von zirka 500 Euro.",https://polizei.brandenburg.de/pressemeldung/bei-fahrerflucht-beobachtet/5713743
"Wildunfall mit Wildschwein (Dallgow-Döberitz, Waldrandstraße)",02.10.2026,"Dallgow-Döberitz, Waldrandstraße, Havelland","In der Nacht zum Donnerstag fuhr eine Audi-Fahrerin in der Waldrandstraße, als plötzlich ein Wildschwein die Straße querte. Sie konnte eine Kollision nicht mehr verhindern. Das Wildschwein verendete noch am Unfallort. Am Audi entstand Sachschaden von zirka 2.000 Euro. Polizisten nahmen den Wildunfall vor Ort auf und verständigten den zuständigen Jagdpächter. Die Fahrerin konnte ihre Fahrt anschließend fortsetzen.",https://polizei.brandenburg.de/pressemeldung/wildunfall-mit-wildschwein/5713742
Lebensmittel im Wert von mehreren zehntausend Euro erlangt (Wustermark),01.10.2026,"Wustermark, Havelland","Nach bisherigen Erkenntnissen wurde unter Vorlage entsprechender Transportdokumente eine Ladung Lebensmittel von einem bislang unbekannten Täter übernommen. Einige Stunden später erschien ein weiterer Spediteur und legte ebenfalls Unterlagen für die betreffende Ladung vor. Dabei stellte sich heraus, dass die Ware bereits anderweitig vergeben worden war.
Dem Unternehmen entstand dadurch ein Schaden von mehreren zehntausend Euro.
Die Polizei nahm eine Strafanzeige wegen des Verdachts des Betruges auf. Die weiteren Ermittlungen hat die Kriminalpolizei übernommen.",https://polizei.brandenburg.de/pressemeldung/lebensmittel-im-wert-von-mehreren-zehnta/5713636
"Wildunfall mit Reh (Wernitz, L86)",30.09.2026,"Wernitz, L86, Havelland","Am Sonntagabend fuhr der Fahrer eines Hyundais auf der L86, als plötzlich ein Reh die Straße querte. Der Autofahrer konnte eine Kollision nicht mehr verhindern. Das Reh verendete noch am Unfallort und am PKW entstand Sachschaden in Höhe von circa 1.000 Euro. Polizisten nahmen den Wildunfall vor Ort auf und verständigten den zuständigen Jagdpächter. Der Fahrer konnte seine Fahrt anschließend fortsetzen.",https://polizei.brandenburg.de/pressemeldung/wildunfall-mit-reh/5713635
Einbruch in Einfamilienhaus (Rathenow),30.09.2026,"Rathenow, Havelland","Bislang unbekannte Täter drangen gewaltsam in ein Einfamilienhaus ein und durchwühlten dort sämtliche Räumlichkeiten. Derzeit kann nicht gesagt werden, ob und was die Täter entwendeten. Jedoch entstand Sachschaden in Höhe von circa 500 Euro. Eingesetzte Polizeibeamten leiteten Ermittlungen zum Einbruchsdelikt ein und forderten Kriminaltechniker zur Spurensicherung an. Die weitere Bearbeitung erfolgt in der Kriminalpolizei der Polizeiinspektion Havelland.
Der Sachbereich Prävention der Polizeiinspektion Havelland bietet sowohl im privaten als auch gewerblichen Bereich Einbruchschutzberatungen an. Die Mitarbeitenden beraten sie kostenfrei und neutral vor Ort. Interessenten können sich unter 03321-400-1088 oder per E-Mail unter praevention.pihvl@polizei.brandenburg.de an die polizeiliche Präventionsabteilung wenden.",https://polizei.brandenburg.de/pressemeldung/einbruch-in-einfamilienhaus/5713634
In Baucontainer eingebrochen (Falkensee),30.09.2026,"Falkensee, Havelland","Bislang unbekannte Täter brachen in zwei Baucontainer auf einer Baustelle ein, indem sie sich über eine Tür und ein Fenster Zutritt verschafften. Nach Angaben eines Mitarbeiters wurde nichts entwendet, es entstand jedoch Sachschaden in Höhe von circa 500 Euro. Polizisten nahmen eine Strafanzeige wegen des Einbruchsdelikt auf und sicherten vor Ort Spuren.
Der Sachbereich Prävention der Polizeiinspektion Havelland bietet sowohl im privaten als auch gewerblichen Bereich Einbruchschutzberatungen an. Die Mitarbeitenden beraten sie kostenfrei und neutral vor Ort. Interessenten können sich unter 03321-400-1088 oder per E-Mail unter praevention.pihvl@polizei.brandenburg.de an die polizeiliche Präventionsabteilung wenden.",https://polizei.brandenburg.de/pressemeldung/in-baucontainer-eingebrochen/5713633
"Wildunfall (L991, Liepe – Möthlow)",30.09.2026,"L991, Liepe – Möthlow, Havelland",Am Dienstagmorgen wurde der Polizei ein Verkehrsunfall gemeldet. Ein Autofahrer stieß mit einem die Fahrbahn querenden Rehwild zusammen. Das Wild konnte zum Zeitpunkt der Unfallaufnahme nicht mehr aufgefunden werden. Der Fahrer wurde bei dem Unfall nicht verletzt. Der entstandene Sachschaden wird auf 1.000 Euro geschätzt. Nach erfolgter Unfallaufnahme konnte der Mann seine Fahrt fortsetzen.,https://polizei.brandenburg.de/pressemeldung/wildunfall/5713540
"Unter Drogeneinfluss unterwegs (Rathenow, Bahnhofstraße)",30.09.2026,"Rathenow, Bahnhofstraße, Havelland","Dienstagnachmittag kontrollierte eine Polizeistreife die Fahrerin eines BMWs, die in der Bahnhofstraße unterwegs war. Bei der Kontrolle ergaben sich Anhaltspunkte, dass die Fahrerin unter berauschenden Mitteln stehen könnte. Ein Drogenvortest reagierte positiv auf Amphetamin. Die Fahrerin wurde in ein Krankenhaus gebracht, um eine angeordnete Blutprobenentnahme durchführen zu lassen. Die Weiterfahrt wurde anschließend untersagt. Gegen sie wurde ein Verfahren wegen des Fahrens unter berauschenden Mitteln eingeleitet.",https://polizei.brandenburg.de/pressemeldung/unter-drogeneinfluss-unterwegs/5713539
"Ohne Versicherung (Premnitz, Heimstraße)",30.09.2026,"Premnitz, Heimstraße, Havelland","Dienstagnachmittag kontrollierten Polizisten den Fahrer eines Renaults, der in der Heimstraße unterwegs war. Bei der Prüfung des Kennzeichens stellte sich heraus, dass der Renault keine gültige Versicherung mehr besaß. Die Weiterfahrt wurde dem Fahrer daraufhin untersagt. Gegen ihn wurde außerdem ein Ermittlungsverfahren wegen des Verstoßes gegen das Pflichtversicherungsgesetz eingeleitet.",https://polizei.brandenburg.de/pressemeldung/ohne-versicherung/5713536
Bargeld aus Einfamilienhaus entwendet (Retzow),30.09.2026,"Retzow, Havelland","Eine bislang unbekannte Täterin drang über eine offenstehende Tür in ein Einfamilienhaus ein, während die Eigentümerin Gartenarbeiten vor ihrem Grundstück durchführte. Die Eigentümerin sah gegen Mittag, wie eine weibliche Person von ihrem Grundstück zu Fuß weglief. Sie prüfte anschließend ihr Hab und Gut und stellte fest, dass Bargeld im mittleren dreistelligen Bereich fehlte. Polizisten leiteten vor Ort Ermittlungen zum Diebstahlsdelikt ein und sicherten Spuren.
Der Sachbereich Prävention der Polizeiinspektion Havelland bietet sowohl im privaten als auch gewerblichen Bereich Einbruchschutzberatungen an. Die Mitarbeitenden beraten sie kostenfrei und neutral vor Ort. Interessenten können sich unter 03321-400-1088 oder per E-Mail unter praevention.pihvl@polizei.brandenburg.de an die polizeiliche Präventionsabteilung wenden.",https://polizei.brandenburg.de/pressemeldung/bargeld-aus-einfamilienhaus-entwendet/5713535
"Unfallflucht nach Zusammenstoß mit E-Scooter – Polizei sucht Zeugen (Wustermark, Brandenburger Straße // Friedensweg)",28.09.2026,"Wustermark, Brandenburger Straße // Friedensweg, Havelland","Am Montagmorgen wurde der Polizei eine Verkehrsunfallflucht gemeldet. Nach bisherigen Erkenntnissen wurde ein 16-jähriger E-Scooter-Fahrer von einem Pkw erfasst und kam daraufhin zu Fall.
Der Jugendliche erlitt Rückenschmerzen und wurde zur weiteren medizinischen Behandlung in ein Krankenhaus gebracht. Am E-Scooter entstand ein Sachschaden in Höhe von etwa 100 Euro.
Bei dem beteiligten Fahrzeug soll es sich um einen weißen Pkw der Marke Audi gehandelt haben. Der Fahrzeugführer entfernte sich nach dem Unfall vom Ort des Geschehens.
Die Polizei hat eine Verkehrsunfallanzeige aufgenommen und Ermittlungen wegen des Verdachts der Verkehrsunfallflucht eingeleitet.
Zeugen gesucht:
Wer hat den Unfall beobachtet und kann Angaben zum Unfallhergang oder zum beteiligten Fahrzeug beziehungsweise dessen Fahrer machen?
Hinweise nimmt die Polizeiinspektion Havelland unter der Telefonnummer 03322 275-0 entgegen. Alternativ können Hinweise über das Hinweisformular im Internet unter portal.onlinewache.polizei.de gegeben werden.",https://polizei.brandenburg.de/pressemeldung/unfallflucht-nach-zusammenstoss-mit-e-sc/5713410
"Auseinandersetzung endet mit Platzverweis (Historische Innenstadt, Platz der Einheit)",05.10.2026,"Historische Innenstadt, Platz der Einheit, Potsdam","Die Polizei ist am Samstagabend durch einen Zeugen über eine Auseinandersetzung zwischen mehreren Personen informiert worden. Nach vorliegendem Kenntnisstand kam es zwischen einem 47-jährigen Mann und drei Männern (18, 19 sowie 20 Jahre alt) zunächst zu einem verbalen Streit, in dessen Verlauf der Einzelne die Gruppe rassistisch beleidigt haben und einen von ihnen geschlagen haben soll.
Anschließend holte er einen Schlagstock aus seiner Tasche, den er in der Hand behielt und mit dem er auch drohte. Im weiteren Verlauf soll er durch einen der Gruppe mit einem Gegenstand geschlagen worden sein, wodurch er leicht verletzt wurde.
Polizeibeamte kamen vor Ort und beschlagnahmten den Schlagstock. Zudem sprachen sie dem Mann einen Platzverweis aus. Da er diesem nicht nachkam, wurde der Platzverweis durch einfache körperliche Gewalt durchgesetzt, wobei der Mann passiv Widerstand leistete. Die Polizeibeamten nahmen mehrere Strafanzeigen auf, die nun von der Kriminalpolizei weiterbearbeitet werden.
Samstag, 03.10.2026, 21:00 Uhr",https://polizei.brandenburg.de/pressemeldung/auseinandersetzung-endet-mit-platzverwei/5713884
"Berauscht auf dem E-Roller (Teltower Vorstadt, Heinrich-Mann-Allee)",05.10.2026,"Teltower Vorstadt, Heinrich-Mann-Allee, Potsdam","Am Samstagmorgen wurde in der Heinrich-Mann-Allee ein E-Roller angehalten und dessen Fahrerin kontrolliert. Bei der 39-jährigen Frau erbrachte ein Drogenschnelltest einen positiven Wert von Cannabis.
Es wurde eine Blutprobenentnahme durchgeführt und die Weiterfahrt untersagt. Gegen die Frau wurde ein Bußgeldverfahren eingeleitet.
Samstag, 03.10.2026, 08:10 Uhr",https://polizei.brandenburg.de/pressemeldung/berauscht-auf-dem-e-roller/5713820
Versuchter Einbruch in Auto (Waldtstadt II),05.10.2026,"Waldtstadt II, Potsdam","Am Sonntagnachmittag meldete sich die Besitzerin eines PKW BMW bei der Polizei und teilte mit, dass durch unbekannte Täter versucht worden sei, das Fahrzeug aufzubrechen. Bei der Anzeigenaufnahme wurde bekannt, dass sich die Tat in der zurückliegenden Woche in einer Tiefgarage in einem Mehrfamilienhaus ereignet hatte.
Der oder die Täter versuchten nach derzeitigem Kenntnisstand eine Seitenscheibe mit einem unbekannten Werkzeug zu öffnen, was aber nicht gelang. Der entstandene Sachschaden war gering. Es wurden am Fahrzeug Spuren gesichert und Foto gefertigt. Die weiteren Ermittlungen zum Sachverhalt führt die Kriminalpolizei.
Meldezeit: Sonntag, 04.10.2026, 16:43 Uhr",https://polizei.brandenburg.de/pressemeldung/versuchter-einbruch-in-auto/5713819
"Ohne Führerschein unterwegs (OT Historische Innenstadt, Charlottenstraße)",04.10.2026,"OT Historische Innenstadt, Charlottenstraße, Potsdam","Am Freitagmittag stellte eine Streifenwagenbesatzung einen PKW Audi fest und unterzog diesen einer Verkehrskontrolle. Bei dieser konnte der 19-jährige Fahrerzeugführer keinen Führerschein vorzeigen. Eine anschließende Überprüfung der Personalien ergab, dass er nicht im Besitz einer gültigen Fahrerlaubnis ist.
Ein Ermittlungsverfahren wegen Fahrens ohne Fahrerlaubnis wurde eingeleitet. Die weiteren Ermittlungen werden durch die Kriminalpolizei übernommen.
Freitag, 02.10.2026, 12:43 Uhr",https://polizei.brandenburg.de/pressemeldung/ohne-fuehrerschein-unterwegs/5713805
"Alkoholisierter E-Roller-Fahrer gestoppt (OT Teltower Vorstadt, Heinrich-Mann-Allee)",04.10.2026,"OT Teltower Vorstadt, Heinrich-Mann-Allee, Potsdam","Durch eine Streifenwagenbesatzung wurde ein E-Roller-Fahrer zur Nachtzeit einer routinemäßigen Kontrolle unterzogen. Während der Kontrolle konnte durch die Beamten deutlicher Alkoholgeruch wahrgenommen werden. Ein daraufhin durchgeführter Atemalkoholtest zeigte einen Wert von 1,4 Promille bei dem 21-jährigen Fahrer.
Es wurde anschließend eine Blutprobenentnahme in der Polizeiinspektion Potsdam durchgeführt. Nach Beendigung aller polizeilicher Maßnahmen wurde der Beschuldigte entlassen.
Samstag, 03.10.2026, 01:56 Uhr",https://polizei.brandenburg.de/pressemeldung/alkoholisierter-e-roller-fahrer-gestoppt/5713804
"Jugendliche bedrohen Hundebesitzerin (Bornstedt, Georg-Hermann-Allee)",02.10.2026,"Bornstedt, Georg-Hermann-Allee, Potsdam","Eine 39-jährige Frau ist am Donnerstagvormittag im Bornstedter BUGA-Park von zwei Jugendlichen bedroht worden. Die Frau war dort mit ihrem Hund unterwegs, als sie zufällig auf das Duo traf. Nach einer verbalen Auseinandersetzung zog eine Jugendliche einen Schlagstock und richtete diesen drohend gegen die Hundehalterin. Die 39-Jährige flüchtete daraufhin nach Hause. Etwa eine Stunde später bemerkte das Opfer die beiden Verdächtigen erneut im Park und verständigte umgehend die Polizei. Polizisten stellten das Duo. Bei der Durchsuchung der 19-jährigen Tatverdächtigen und ihres männlichen Begleiters fanden sie den Schlagstock sowie ein Nunchaku und stellten beide Waffen sicher. Es wurden Strafanzeigen wegen Bedrohung und dem Verstoß gegen das Waffengesetz aufgenommen. Mit den Tatverdächtigen wurden zudem Gefährderansprachen durchgeführt. Die Ermittlungen dazu hat die Kriminalpolizei übernommen.",https://polizei.brandenburg.de/pressemeldung/jugendliche-bedrohen-hundebesitzerin/5713745
In Wohnmobil eingebrochen (Babelsberg Nord),02.10.2026,"Babelsberg Nord, Potsdam",Bislang unbekannte Täter sind im genannten Tatzeitraum in Babelsberger Norden in ein dort abgestelltes Wohnmobil eingebrochen. Hierzu schlugen die Täter mit einem Stein eine Scheibe des Wohnmobils ein und verschafften sich so Zugang zum Fahrzeug. Anschließend entwendeten sie diverse persönliche Gegenstände. Der Sachschaden wird auf etwa 1.000 Euro geschätzt. Die Polizei nahm Strafanzeige auf und sicherte Spuren. Die weitere Bearbeitung übernimmt nun die Kriminalpolizei.,https://polizei.brandenburg.de/pressemeldung/in-wohnmobil-eingebrochen/5713741
Tasche aus Spind gestohlen (Brauhausberg-Nord),02.10.2026,"Brauhausberg-Nord, Potsdam",Am Donnerstagabend wurde die Polizei über den Diebstahl aus einem Spind informiert. Nach ersten Erkenntnissen haben sich bislang unbekannte Täter Zugang zu einem Spind in einer Freizeiteinrichtung verschafft und eine Tasche samt Inhalt entwendet. Offenbar war der Spind zum Tatzeitpunkt nicht ordnungsgemäß verschlossen gewesen. Die Höhe des Schadens ist derzeit noch nicht bekannt. Die Polizei hat eine Strafanzeige aufgenommen und Spuren gesichert. Die weiteren Ermittlungen zum Sachverhalt führt die Kriminalpolizei.,https://polizei.brandenburg.de/pressemeldung/tasche-aus-spind-gestohlen/5713740
"Alkoholisiert unterwegs (Brandenburger Vorstadt, Maulbeerallee)",02.10.2026,"Brandenburger Vorstadt, Maulbeerallee, Potsdam","In der vergangenen Nacht stellten Polizeibeamte kurz vor Mitternacht ein Fahrzeug fest, dessen Fahrweise Anlass zu einer Verkehrskontrolle gab. Dabei stellte sich heraus, dass der Fahrer unter dem Einfluss von alkoholischen Getränken stand. Bei einem anschließenden Alkoholtest wurde ein Wert von über 2,2 Promille festgestellt. Dem Mann wurde daraufhin die Weiterfahrt untersagt und ein entsprechendes Verkehrsstrafverfahren eingeleitet.",https://polizei.brandenburg.de/pressemeldung/alkoholisiert-unterwegs/5713739
Gemeinsame Auftaktveranstaltung der Präventionswoche „Taschendiebstahl“,02.10.2026,Potsdam,"Vom 5. bis 9. Oktober 2026 informieren die Polizei Berlin, die Polizei Brandenburg und die Bundespolizei im Rahmen einer Präventionswoche über das Thema Taschendiebstahl. Sie geben praktische Hinweise, wie sich Bürgerinnen und Bürger sowie Reisende und Touristinnen und Touristen vor Taschendiebstahl schützen können.
Trotz deutlich rückläufiger Fallzahlen bleibt Taschendiebstahl ein Thema. Besonders in Supermärkten, an Bahnhöfen und im öffentlichen Nahverkehr nutzen Täterinnen und Täter unbeobachtete Momente oder gezielte Ablenkung, um Geldbörsen und Mobiltelefone zu stehlen.
Die Präventionswoche sensibilisiert für die Vorgehensweisen von Taschendieben und vermittelt praktische Tipps zum Schutz vor Taschendiebstahl. Sie findet bereits zum fünften Mal statt. Die Polizei Berlin hatte sie erstmals 2022 initiiert; in der Folge wurde das Konzept von zahlreichen Länderpolizeien und der Bundespolizei übernommen.
Auftaktveranstaltung in Potsdam
Zum Auftakt der Präventionswoche informieren die Polizei Berlin, die Polizei Brandenburg und die Bundespolizei gemeinsam über die typischen Vorgehensweisen von Taschendieben und zeigen, wie man sich im Alltag und auf Reisen wirksam schützen kann.
Die Auftaktveranstaltung der Präventionswoche findet in Potsdam statt – jede und jeder Interessierte ist herzlich willkommen.
Ort:
Bahnhofspassagen Potsdam, Babelsberger Straße 16, 14473 Potsdam
Zeit:
Montag, 5. Oktober 2026, von 11 bis 14 Uhr
Um einen geeigneten Rahmen für die Veranstaltung zu schaffen, wird das Präventionsmobil der Polizei Berlin vor Ort als Bühne eingesetzt. Die Polizei Brandenburg unterstützt die gemeinsame Präventionsveranstaltung mit Einsatzkräften vor Ort. Darüber hinaus wird ein Team der Kriminalprävention der Bundespolizei in einer moderierten Vorführung anschaulich darstellen, wie Taschendiebe vorgehen und welche Möglichkeiten bestehen, sich vor dieser Art des Diebstahls zu schützen.
Die gemeinsame Auftaktveranstaltung in Potsdam steht zugleich beispielhaft für die länder- und behördenübergreifende Zusammenarbeit bei der Prävention von Taschendiebstahl. Parallel zu den Maßnahmen in Berlin informieren die Polizeien verschiedener Bundesländer gezielt vor Supermärkten über den Schutz vor Taschendiebstahl. Auch Kräfte der Bundespolizei führen bundesweit an Bahnhöfen und im Zugreiseverkehr entsprechende Präventionsmaßnahmen zum Schutz vor Taschen- und Handgepäckdiebstahl durch.",https://polizei.brandenburg.de/termin/gemeinsame-auftaktveranstaltung-der-prae/5713666
"Autotür unachtsam geöffnet – Mädchen auf Fahrrad verletzt (Eiche, Am alten Mörtelwerk)",30.09.2026,"Eiche, Am alten Mörtelwerk, Potsdam","Ein siebenjähriges Mädchen ist am Mittwochnachmittag bei einem Dooring-Unfall in Eiche verletzt worden. Das Kind saß als Mitfahrerin auf dem Fahrrad seines Vaters, das in Richtung Am Sandberg unterwegs war. Als das Rad an einem parkenden Auto vorbeifuhr, öffnete dessen 39-jährige Autofahrerin unvermittelt die Fahrertür. Die Tür touchierte das Mädchen an den Beinen. Vater und Tochter stürzten nicht, allerdings erlitt das Kind durch den Kontakt Abschürfungen an beiden Beinen. Die Eltern brachten ihre Tochter anschließend eigenständig zur medizinischen Versorgung in ein Krankenhaus. Die Polizei hat den Verkehrsunfall aufgenommen und Ermittlungen zur Unfallursache eingeleitet.",https://polizei.brandenburg.de/pressemeldung/autotuer-unachtsam-geoeffnet-maedchen-au/5713575
"Betrunken gegen Baum geprallt - Radfahrer verletzt (Nauener Vorstadt, Nedlitzer Straße)",30.09.2026,"Nauener Vorstadt, Nedlitzer Straße, Potsdam","Mit 2,37 Promille Atemalkohol ist eine 43-jährige Autofahrerin am Mittwochnachmittag von der Nedlitzer Straße abgekommen. Die auswärtsfahrende Frau verlor zuvor die Kontrolle über ihren Wagen, kam nach links ab und prallte, offenbar ungebremst in einen Straßenbaum. Durch die Wucht des Aufpralls kippte der Baum um und verfehlte nur knapp einen entgegenkommenden Radfahrer (66). Dieser wich aus, stürzte jedoch dabei und zog sich Verletzungen im Brustbereich zu. Rettungskräfte brachten ihn wenig später in ein umliegendes Krankenhaus. Die Autofahrerin blieb unverletzt. Polizisten ordneten eine Blutprobe an, beschlagnahmten ihren Führerschein und untersagten ihr die Weiterfahrt. Insgesamt entstand Sachschaden von rund 40.000 Euro. Die Polizei leitete Ermittlungen wegen Gefährdung des Straßenverkehrs ein.",https://polizei.brandenburg.de/pressemeldung/betrunken-gegen-baum-geprallt-radfahrer-/5713574
Verkehrskontrollen der Polizei mit Schwerpunkt Alkohol und Drogen (Landeshauptstadt und Kleinmachnow),30.09.2026,"Landeshauptstadt und Kleinmachnow, Potsdam","Beamte der Polizeiinspektion Potsdam haben in der Nacht zu Donnerstag mehrere Verkehrskontrollen im Straßenverkehr durchgeführt. Der Fokus lag dabei auf der Erkennung von Fahrten unter dem Einfluss von Alkohol und Betäubungsmitteln.
So stoppten Beamten im Potsdamer Martinsweg einen 31-jährigen Mann auf einem E-Bike. Am Lenker des Rads befand sich ein fest verbauter Gashebel, mit dem das Fahrzeug auch ohne Treten beschleunigen konnte. Damit galt das Zweirad als Kraftfahrzeug und war versicherungspflichtig. Der Fahrer besaß weder einen Führerschein noch die nötige Pflichtversicherung. Zudem bemerkten die Polizisten deutliche körperliche Mängel bei der Fahrtüchtigkeit. Der Mann gestand, täglich Marihuana sowie reaktionshemmende Schlafmittel einzunehmen. Die Beamten veranlassten eine Blutprobenentnahme, stellten das präparierte Rad sicher und untersagten die Weiterfahrt.
Bei einer Kontrolle in der Karl-Marx-Straße in Kleinmachnow geriet ein 45-jähriger Autofahrer in die Überprüfung. Ein Atemalkoholtest ergab einen Wert von 0,83 Promille, zusätzlich schlug auch ein Drogentest auf Cannabis und Kokain an. Der Mann händigte den Beamten daraufhin mehrere kleine Behälter mit einem verdächtigen weißen Pulver aus. Nach einer Blutprobe, die in einem Krankenhaus entnommen wurde, durfte auch er nicht mehr weiterfahren.
Neben den beiden Strafverfahren deckten die Beamten insgesamt 16 Verkehrsordnungswidrigkeiten auf – darunter Verstöße gegen die Ladungssicherung, technische Mängel an Fahrzeugen sowie Missachtungen von Fahrpersonalvorschriften. Diese wurden entsprechend geahndet und Verwarnungen ausgesprochen.",https://polizei.brandenburg.de/pressemeldung/verkehrskontrollen-der-polizei-mit-schwe/5713573
"Polizeieinsatz auf Hausdach (Potsdam-West, Kantstraße)",30.09.2026,"Potsdam-West, Kantstraße, Potsdam","Polizei und Rettungsdienst sind am Mittwochnachmittag zu einem Vorfall in die Kantstraße gerufen worden. Die Mutter eines 21-jährigen Mannes informierte die Polizei über eine Notlage ihres Sohnes. Als die Polzisten eintrafen, kletterte der Mann auf das Dach des mehrgeschossigen Wohnhauses. Aufgrund einer psychischen Ausnahmesituation drohte er, in die Tiefe zu springen. Beamte sperrten den Gefahrenbereich rund um das Gebäude und forderten Spezialeinheiten, wie Höhenretter und Verhandlungskräfte an. Noch bevor diese vor Ort eintrafen kletterte der 21-Jährige aber durch eine Dachluke wieder in den Dachboden zurück, so dass die Einsatzkräfte den günstigen Moment nutzten. Um weitere Eigengefährdungen zu verhindern, setzten Beamte ein Distanzelektroimpulsgerät (Taser) ein, so dass er von den Polizisten anaschließend gesichert und an den Rettungsdienst übergeben werden konnte. Der Mann wurde anschließend in eine fachpsychiatrische Klinik gebracht.",https://polizei.brandenburg.de/pressemeldung/polizeieinsatz-auf-hausdach/5713569
"Jugendlicher ausgeraubt und bedroht (Babelsberg Süd, Schulstraße)",30.09.2026,"Babelsberg Süd, Schulstraße, Potsdam","Zwei Jugendliche haben am späten Mittwochabend einen 16-Jährigen in Babelsberg bedrängt und Geld erpresst. Die Mutter eines der Jugendlichen informierte die Polizei über den Vorfall. Nach bisherigen Erkenntnissen sprachen zwei Teenager den 16-Jährigen an der Ecke zur Siemensstraße an. Ein 17-jähriger Tatverdächtiger nahm das Opfer in den Schwitzkasten und verlangte Bargeld. Als der Jugendliche zunächst nur einen Euro aushändigte, bemerkte der Angreifer weiteres Bargeld und forderte unter Androhung von Gewalt auch dieses ein. Einsatzkräfte nahmen vor Ort die Strafanzeige auf und brachten den Jugendlichen nach Hause. Im Rahmen einer anschließenden Fahndung im Nahbereich entdeckten die Beamten den 17-jährigen Haupttäter sowie seinen 16-jährigen Begleiter. Polizisten stellten die beiden Tatverdächtigen und überprüften ihre Personalien. Nach Abschluss der polizeilichen Maßnahmen und einer Spurensicherung wurden sämtliche beteiligten Jugendlichen ihren Erziehungsberechtigten übergeben. Die Kriminalpolizei ermittelt wegen räuberischer Erpressung.",https://polizei.brandenburg.de/pressemeldung/jugendlicher-ausgeraubt-und-bedroht/5713568
"Unter Drogeneinfluss unterwegs (Schlaatz, Horstweg)",30.09.2026,"Schlaatz, Horstweg, Potsdam","Polizeibeamte der Polizeiinspektion Potsdam stoppten kurz nach dem Tageswechsel einen BMW. Bei der Überprüfung des Fahrzeugführers konnte festgestellt werden, dass dieser deutlich unter dem Einfluss von berauschenden Mitteln stand. Mit einem Drogenschnelltest konnte der Verdacht erhärtet werden. Dieser schlug auf den Konsum von Cannabis an. Eine Blutprobe wurde angeordnet. Zudem lag der Verdacht nahe, dass der Betroffene nicht im Besitz einer gültigen Fahrerlaubnis ist. Hierzu wurde ein gesondertes Strafverfahren eingeleitet.",https://polizei.brandenburg.de/pressemeldung/unter-drogeneinfluss-unterwegs/5713533
"Ladendieb vorläufig festgenommen (Zentrum Ost, Babelsberger Straße)",30.09.2026,"Zentrum Ost, Babelsberger Straße, Potsdam","Ein 45-jähriger Mann steckte am Dienstagmittag in einem Supermarkt mehrere Spirituosenflaschen im Gesamtwert von über 200 Euro in seinen Rucksack. Aufmerksam gemacht durch Kunden, fingen zwei Angestellte den Tatverdächtigen direkt hinter der Kassenzone ab und verständigten die Polizei. Da der Mann ohne festen Wohnsitz ist, ordnete der Bereitschaftsstaatsanwalt die vorläufige Festnahme zur Durchführung eines beschleunigten Strafverfahrens an. Polizisten brachten den 45-Jährigen in das Gewahrsam der Polizeiinspektion Potsdam, wo er vorläufig zur Durchführung des gerichtlichen Verfahrens bleibt.",https://polizei.brandenburg.de/pressemeldung/ladendieb-vorlaeufig-festgenommen/5713526
"Unangemessene Berührungen im Linienbus (Babelsberg Süd, Kleine Straße)",30.09.2026,"Babelsberg Süd, Kleine Straße, Potsdam","Ein 33-jähriger Mann hat am Dienstagvormittag eine 18-jährige in der Buslinie 601 sexuell belästigt, indem er ihr unvermittelt in das Gesäß kniff. Der Täter stieg kurz darauf an der Bushaltestelle Kleine Straße aus. Die junge Frau folgte dem Mann mit Abstand und verständigte umgehend die Polizei. Die Beamten trafen den Verdächtigen noch im Nahbereich an und kontrollierten ihn. Dabei wies sich der Mann als extrem alkoholisiert aus. Ein Atemalkoholtest ergab einen Wert von über 3,2 Promille. Da er keinerlei Ausweisdokumente bei sich trug, nahmen die Beamten den 33-Jährigen zur Identitätsfeststellung mit auf die Dienststelle und führten dort eine erkennungsdienstliche Behandlung durch. Die Polizei hat die Videoaufzeichnungen aus dem Linienbus angefordert und ein Ermittlungsverfahren wegen sexueller Belästigung eingeleitet.",https://polizei.brandenburg.de/pressemeldung/unangemessene-beruehrungen-im-linienbus/5713525
"Kollision nach Ausweichmanöver (Historische Innenstadt, Henning-von-Tresckow-Straße)",30.09.2026,"Historische Innenstadt, Henning-von-Tresckow-Straße, Potsdam","Eine 49-jährige Radfahrerin bog am Dienstagmorgen von der Schloßstraße nach rechts in die Henning-von-Tresckow-Straße ab. In diesem Moment querte ein 59-jähriger Fußgänger überraschend die Fahrbahn. Um einen Zusammenstoß mit ihm zu verhindern, wich die Radfahrerin spontan aus und stieß dabei mit einer weiteren Fußgängerin zusammen, die ebenfalls die Straße querte. Durch die Wucht des Aufpralls stürzte die 63-jährige Fußgängerin und erlitt dadurch eine Kopfplatzwunde. Rettungskräfte kümmerten sich kurz darauf um die Frau und brachten sie anschließend für weitere Behandlungen in ein umliegendes Krankenhaus. Die 49-jährige Radfahrerin blieb unverletzt. An ihrem Fahrrad entstand Sachschaden von etwa 50 Euro. Die Polizei hat den Verkehrsunfall aufgenommen Ermittlungen zum Unfallhergang eingeleitet.",https://polizei.brandenburg.de/pressemeldung/kollision-nach-ausweichmanoever/5713521
"Autofahrer ignoriert Absperrung und rast davon – Polizei sucht Zeugen (Historische Innenstadt, Berliner Straße/ Gutenbergstraße)",30.09.2026,"Historische Innenstadt, Berliner Straße/ Gutenbergstraße, Potsdam","Am Morgen des 29.09.2026 sicherten Einsatzkräfte eine Unfallstelle im Kreuzungsbereich der Berliner Straße und Gutenbergstraße ab. Gegen 07:55 Uhr steuerte ein 44-Jähriger seinen Mercedes AMG an die Absperrung heran. Er beschwerte sich lautstark über die verkehrslenkenden Maßnahmen. Als ihm die Weiterfahrt durch den abgesperrten Bereich untersagt wurde, gab er jedoch unvermittelt Vollgas. Mit durchdrehenden Reifen beschleunigte der Wagen direkt neben einer Polizeibeamtin, die durch das plötzliche Fahrmanöver stark erschrak. Anschließend setzte der Mann seine Fahrt in Richtung Nuthestraße fort. Dort musste ein Radfahrer bei grünem Ampellicht scharf bremsen, um einen Zusammenstoß zu verhindern. Der Radfahrer fuhr danach weiter, seine Personalien sind bislang nicht bekannt.  Einsatzkräfte der Polizei suchten den 44-Jährigen wenig später an seiner Wohnadresse auf. Als Grund für sein Verhalten gab er Zeitdruck beim Schulweg seiner Kinder an. In Absprache mit der zuständigen Staatsanwaltschaft stellten die Beamten den Führerschein des Mannes vor Ort sicher und leiteten ein Strafverfahren wegen des Verdachts eines illegalen Kraftfahrzeugrennens sowie der Gefährdung des Straßenverkehrs ein.
Die Polizei bittet den betroffenen Radfahrer sowie weitere Zeugen, die das Geschehen beobachtet haben, sich unter der Telefonnummer: 0331 5508-0 bei der Polizeiinspektion Potsdam zu melden, oder alternativ das unten aufgeführte Hinweisformular zu nutzen.",https://polizei.brandenburg.de/fahndung/autofahrer-ignoriert-absperrung-und-rast/5713520
"Randale in Wohnung führt zu Polizeieinsatz (Brandenburger Vorstadt, Auf dem Kiewitt)",30.09.2026,"Brandenburger Vorstadt, Auf dem Kiewitt, Potsdam","In den frühen Abendstunden des 29.09.2026 rückten Einsatzkräfte der Polizei in die Straße Auf dem Kiewitt aus. Dort hatte ein 21-jähriger Mann in der Wohnung seiner 69-jährigen Großmutter Mobiliar zerstört und einen Sachschaden von rund 100 Euro verursacht. Der Mann befand sich nach ersten Erkenntnissen in einem psychischen Ausnahmezustand und stand unter dem Einfluss von Betäubungsmitteln.
Beim Eintreffen der Polizei zeigte sich der 21-Jährige weiter aggressiv. Als er versuchte, den Arm eines 43-jährigen Polizeibeamten zu greifen, um diesen umzuwerfen, überwältigten ihn die Beamten mit einfacher körperlicher Gewalt und fixierten ihn am Boden. Dabei wurde keine Person verletzt. Zur Verhinderung weiterer Straftaten ordneten die Beamten an den Mann ins Polizeigewahrsam zu nehmen. Ein hinzugerufener Notarzt stufte den Mann jedoch als nicht gewahrsamstauglich ein. Er veranlasste daraufhin die Einweisung in eine psychiatrische Fachklinik. Zudem sprachen die Beamten eine Wohnungsverweisung aus, führten Gefährder- und Gefährdetenansprachen durch und boten der geschädigten Angehörigen Hilfsangebote an. Einige Stunden später entfernte sich der Mann dann eigenmächtig aus der Fachklinik. Gegen ihn wurden Ermittlungsverfahren wegen des tätlichen Angriffs auf Vollstreckungsbeamte, Bedrohung und Sachbeschädigung eingeleitet.",https://polizei.brandenburg.de/pressemeldung/randale-in-wohnung-fuehrt-zu-polizeieins/5713518
"Gefälschte Kennzeichen und auf Drogen (Drewitz, Trebbiner Straße)",29.09.2026,"Drewitz, Trebbiner Straße, Potsdam","Am frühen Dienstagmorgen wurde auf der Bundesautobahn 115 ein Audi festgestellt, an dem ein auffälliges Kennzeichen angebracht war. Das Fahrzeuge wurde daher für eine Kontrolle von der Autobahn abgeleitet und im Potsdamer Stadtteil Drewitz gestoppt und kontrolliert. Bei dem 24-jährigen Fahrer wurden dann im Gespräch Auffälligkeiten wahrgenommen, die für den Konsum von Betäubungsmitteln sprachen. Ein daraufhin durchgeführter Drogenschnelltest schlug positiv auf den Konsum von Kokain an, weshalb eine Blutprobenentnahme angeordnet und in einem Krankenhaus durchgeführt wurde. Anschließend wurde dem Mann die Weiterfahrt untersagt und ein Ordnungswidrigkeitenverfahren eingeleitet.
Zusätzlich hatte sich bei der Kontrolle auch der anfängliche Verdacht eines gefälschten Kennzeichens bestätigt. Auf den Kennzeichentafeln befanden sich gefälschte Siegel, tatsächlich war das Fahrzeug gar nicht angemeldet und es bestand auch keine Versicherung. Wegen der Urkundenfälschung und der fehlenden Versicherung wurden Ermittlungen eingeleitet und die Kennzeichentafeln sichergestellt. Die weiteren Ermittlungen zu den Strafanzeigen führt nun die Kriminalpolizei.",https://polizei.brandenburg.de/pressemeldung/gefaelschte-kennzeichen-und-auf-drogen/5713505
"Schwerer Verkehrsunfall an Ampel (Berliner Vorstadt, Gutenbergstraße / Berliner Straße)",29.09.2026,"Berliner Vorstadt, Gutenbergstraße / Berliner Straße, Potsdam","Am Dienstagmorgen kam es an der Kreuzung Gutenbergstraße und Berliner Straße zu einem Verkehrsunfall, bei dem ein Motorradfahrer schwer verletzt wurde. Ein 63-jähriger VW-Fahrer war dort, aus noch ungeklärter Ursache auf das vor ihm fahrende Yamaha-Motorrad aufgefahren. Beide Fahrzeuge waren zuvor auf dem rechten Fahrstreifen der Gutenbergstraße in Richtung Nuthestraße unterwegs. Der 57-jährige Motorradfahrer verlor bei dem Zusammenstoß die Kontrolle über das Bike, kam zu Fall und blieb bewusstlos auf der Straße liegen. Rettungskräfte versorgten den Mann direkt am Unfallort, bevor er dann, schwerstverletzt in ein umliegendes Krankenhaus gebracht wurde. Polizisten dokumentierten die Unfallstelle fotografisch, nahmen den Verkehrsunfall auf und leiteten Ermittlungen zu Unfallursache ein. Zur genauen Rekonstruktion des Unfallhergangs zog die Polizei einen Gutachter hinzu. Der Gesamtschaden wird auf etwa 5.000 Euro geschätzt. Aufgrund Teilsperrungen des stark befahrenen Knotenpunktes kam es zu teils erheblichen Verkehrsbeeinträchtigungen im Berufs- sowie dem Straßenbahnverkehr.",https://polizei.brandenburg.de/pressemeldung/schwerer-verkehrsunfall-an-ampel/5713456
"Zwei Männer betrunken auf E-Scootern unterwegs (Jägervorstadt, Pappelallee)",29.09.2026,"Jägervorstadt, Pappelallee, Potsdam","Polizisten hielten am frühen Dienstagmorgen zwei E-Roller-Fahrer in der Pappelallee für eine Routinekontrolle an. Schnell bemerkten die Beamten Alkoholgeruch bei den Fahrern. Ein Atemalkoholtest bei einem 32-jährigen Mann ergab einen Wert von über 1,3 Promille. Die Beamten ordneten daraufhin eine Blutprobenentnahme an und brachten den Mann dafür in ein Krankenhaus. Gegen ihn leiteten sie ein Strafverfahren wegen Trunkenheit im Straßenverkehr ein. Der zweite Fahrer, ein 22-jähriger Mann, blies bei der ersten Überprüfung über 0,8 Promille. Ein genaueres, gerichtsverwertbares Messverfahren im Polizeirevier bestätigte das Ergebnis, welche im Bereich einer Ordnungswidrigkeit blieb. Beide Männer durften ihre Fahrt nicht fortsetzen.",https://polizei.brandenburg.de/pressemeldung/zwei-maenner-betrunken-auf-e-scootern-un/5713454
"Einbruch in Gartenlaube (Schlaatz, Teltower Damm)",29.09.2026,"Schlaatz, Teltower Damm, Potsdam","Zwischen Sonntagnachmittag und Montagvormittag sind bislang unbekannte Täter in eine Gartenlaube am Teltower Damm eingebrochen. Die Täter hebelten dazu gewaltsam die Eingangstür auf und durchsuchten die Räume gezielt nach Wertsachen. Dabei fielen ihnen mehrere Werkzeuge in die Hände, mit denen sie unerkannt flüchteten. Der Gesamtschaden liegt nach ersten Schätzungen bei rund 3.000 Euro. Kriminaltechniker sicherten Spuren und dokumentierten die Aufbruchspuren. Die Polizei hat Ermittlungen wegen eines besonders schweren Falls des Diebstahls eingeleitet.",https://polizei.brandenburg.de/pressemeldung/einbruch-in-gartenlaube/5713453
"Drogen bei Verkehrskontrolle aufgefunden (BAB 115, AS Kleinmachnow, Fahrtrichtung Berlin )",06.10.2026,"BAB 115, AS Kleinmachnow, Fahrtrichtung Berlin, Potsdam-Mittelmark","Ein 28-jähriger Mann war am frühen Dienstagmorgen auf der Autobahn in Richtung Berlin unterwegs, als er von Polizisten der Autobahnpolizei für eine Kontrolle gestoppt wurde. Einen Führerschein konnte der Mann nicht vorweisen, dafür lagen im Fahrzeug aber einige verdächtige Päckchen. Nach ersten Erkenntnissen könnte es sich dabei unter anderem um Amphetamin gehandelt haben. Die Drogen wurden sichergestellt und ein Ermittlungsverfahren eingeleitet. Bei der in diesem Zusammenhang durchgeführten Identitätsfeststellung der 26-jährigen Beifahrerin wurde zusätzlich bekannt, dass diese einen offenen Haftbefehl mit einer Geldforderung hatte. Die Festnahme konnte die Frau durch die Zahlung der geforderten Summe in niedriger dreistelliger Höhe abwenden.",https://polizei.brandenburg.de/pressemeldung/drogen-bei-verkehrskontrolle-aufgefunden/5713963
"Unfallverursacher ohne Versicherung und Führerschein (BAB 9, zwischen AS Brück und AS Niemegk, Fahrtrichtung Leipzig)",06.10.2026,"BAB 9, zwischen AS Brück und AS Niemegk, Fahrtrichtung Leipzig, Potsdam-Mittelmark","Montagnachmittag ist ein 22-jähriger Mann in einem Kleintransporter der Marke Mercedes-Benz aus bislang ungeklärter Ursache nach links von der Fahrbahn abgekommen und verunfallte. Er kollidierte nach ersten Informationen mit der Mittelleitplanke und war auf dieser dann auch zum Stehen gekommen. Bei der Unfallaufnahme wurde dann schnell klar, dass der Mann zwar gefahren war und folglich auch den Unfall verursacht hatte, allerdings nicht im Besitz einer Fahrerlaubnis war und zusätzlich auch keine Versicherung für das Fahrzeug vorweisen konnte. Dem unverletzten Mann wurde die Weiterfahrt untersagt und die Kennzeichen des Fahrzeuges wurden entsiegelt sowie die Zulassungsbescheinigung sichergestellt. Die eingeleiteten Ermittlungen wegen der Verkehrsstraftaten wurden zur weiteren Bearbeitung an die Kriminalpolizei übergeben.",https://polizei.brandenburg.de/pressemeldung/unfallverursacher-ohne-versicherung-und-/5713962
"Im Schlaf bestohlen (BAB 10, Parkplatz Schieferberg)",06.10.2026,"BAB 10, Parkplatz Schieferberg, Potsdam-Mittelmark","Während eine 53-jährige Frau in der Nacht zum Montag in ihrem Kleintransporter schlief, sollen unbekannte Täter in das Fahrzeug eingebrochen sein und dann etwa 1.000 Euro Bargeld aus der Handtasche der Frau entwendet haben. Sie stellte den Diebstahl am frühen Montagmorgen fest und informierte daraufhin die Polizei. Der entstandenen Gesamtschaden wird auf eine Summe von über 3.000 Euro geschätzt. Polizisten führten am Tatort einen Spurensuche durch und leiteten Ermittlung ein.",https://polizei.brandenburg.de/pressemeldung/im-schlaf-bestohlen/5713913
"Ladendieb gestellt (Beelitz, Karl-Marx-Straße)",06.10.2026,"Beelitz, Karl-Marx-Straße, Potsdam-Mittelmark","Mitarbeiter eines örtlichen Supermarktes informierten die Polizei über einen Ladendieb, welcher auf frischer Tat ertappt wurde. Der Jugendliche hatte sich Getränke und Süßwaren eingesteckt und lediglich Backwaren an der Kasse bezahlen wollen. Der Ladendiebstahl flog jedoch auf und die Waren konnten vor Ort verbleiben. Polizisten leiteten ein Ermittlungsverfahren gegen den Jugendlichen ein. Die Kripo ermittelt.",https://polizei.brandenburg.de/pressemeldung/ladendieb-gestellt/5713912
"PKW kommt von Fahrbahn ab (B 102, Frohnsdorf )",06.10.2026,"B 102, Frohnsdorf, Potsdam-Mittelmark","Am Montagvormittag ereignete sich ein Verkehrsunfall auf der B102 in Richtung Treuenbrietzen, wobei ein PKW von der Fahrbahn abkam. Die 41-jährige PKW-Fahrerin wollte einen Linienbus überholen, wobei dieser plötzlich ebenfalls zum Überholvorgang ausscherte. Die Fahrerin des PKW wich dann nach links aus, um eine Kollision zu verhindern, kam von der Fahrbahn ab und prallte gegen einen Leitpfosten. Bei dem Unfall wurden keine Personen verletzt. Am PKW entstand Sachschaden in geringer Höhe. Eine Verkehrsunfallanzeige wurde aufgenommen und ein Ordnungswidrigkeitenverfahren eingeleitet.  Die weitere Bearbeitung des Verkehrsunfalls erfolgt durch die zentrale Bußgeldstelle.",https://polizei.brandenburg.de/pressemeldung/pkw-kommt-von-fahrbahn-ab/5713911
"Pkw prallt gegen Baum – Fahrer schwer verletzt (Kloster-Lehnin, K 6948, Reckahn - Göttin)",05.10.2026,"Kloster-Lehnin, K 6948, Reckahn - Göttin, Potsdam-Mittelmark","Über die Rettungsleitstelle erhielt die Polizei Kenntnis von einem Verkehrsunfall, bei dem ein Pkw gegen einen Baum gefahren war. Der 70-jährige Fahrer eines Renault Twingo befuhr die K 6948 in Richtung Brandenburg an der Havel und kam aus bislang unbekannter Ursache nach links von der Fahrbahn ab. In der Folge kollidierte das Fahrzeug mit einem Baum. Der Fahrer musste durch die hinzugerufenen Rettungskräfte aus dem Fahrzeug gerettet werden. Nach ersten Einschätzungen erlitt er schwere Verletzungen und wurde zur weiteren Behandlung in ein Krankenhaus gebracht. Das Fahrzeug wurde zur Eigentumssicherung sichergestellt. Die Beamten nahmen den Verkehrsunfall auf.",https://polizei.brandenburg.de/pressemeldung/pkw-prallt-gegen-baum-fahrer-schwer-verl/5713891
"Geld und Powerbank geraubt (Teltow, Oderstraße)",05.10.2026,"Teltow, Oderstraße, Potsdam-Mittelmark","Der Polizei sind am Freitagabend zwei Raubdelikte in Teltow gemeldet worden. So teilte ein Erziehungsberechtigter zunächst telefonisch mit, dass einem Jugendlichen durch eine Jugendgruppe nach Androhung von Gewalt sowohl das Handy als auch dessen Jacke abgenommen worden sei. Im weiteren Verlauf wollte der Geschädigte nicht mehr mit der Polizei in Kontakt treten, so dass eine Strafanzeige von Amtswegen gefertigt wurde.
Kurze Zeit später kamen zwei weitere 15-Jährige auf das Polizeirevier in Teltow und teilten mit, dass ihnen eine Jugendgruppe, bestehend aus etwa zehn Personen, eine Powerbank sowie Geld geraubt habe. Die Täter sollen einen der beiden festgehalten und durchsucht und dabei die Wertgegenstände entdeckt und entwendet haben. Zudem sollen sie den Jugendlichen geschlagen haben. Dieser erlitt Schmerzen, eine medizinische Behandlung war jedoch nicht erforderlich. Eine Nahbereichsfahndung durch die Polizei führte nicht zur Feststellung möglicher Tatverdächtiger. Es wurden Spuren gesichert und Strafanzeigen aufgenommen. Die beiden Geschädigten wurden an einen Erziehungsberechtigten übergeben.
Zusätzlich meldete sich am Folgetag, 03.10.2026, ein weiterer jugendlicher Geschädigter auf dem Polizeirevier, dem ebenfalls durch andere Jugendliche Geld geraubt worden sei. Auch hierzu wurde eine Strafanzeige aufgenommen. Die Kriminalpolizei führt die weiteren Ermittlungen zu den Sachverhalten. Diese dauern derzeit an.
Freitag, 02.10.2026, 21:30 Uhr",https://polizei.brandenburg.de/pressemeldung/geld-und-powerbank-geraubt/5713885
"Mann soll anderen geschlagen haben (Teltow, Oderstraße)",05.10.2026,"Teltow, Oderstraße, Potsdam-Mittelmark","Ein Zeuge hat die Polizei in der Nacht zu Sonntag über eine körperliche Auseinandersetzung in Teltow informiert. Nach derzeitigem Kenntnisstand kam es zunächst zu einer verbalen Streitigkeit zwischen zwei Männern im Alter von 30 und 51 Jahren, wobei der Ältere den Jüngeren anschließend geschlagen haben soll.
Im weiteren Verlauf lief der Tatverdächtige davon, er konnte jedoch im Zuge der polizeilichen Nahbereichsfahndung aufgefunden werden. Ein Atemalkoholtest ergab bei ihm einen Wert von 2,41 Promille. Der Geschädigte wurde leicht verletzt und durch den Rettungsdienst zur weiteren Untersuchung in ein Krankenhaus gebracht. Die Polizei hat eine Strafanzeige wegen Körperverletzung aufgenommen. Die Kriminalpolizei hat die Ermittlungen übernommen.
Sonntag, 04.10.2026, 00:14 Uhr",https://polizei.brandenburg.de/pressemeldung/mann-soll-anderen-geschlagen-haben/5713882
Pilzsammler finden gestohlene Kennzeichen (Waldgebiet bei Neuseddin),04.10.2026,"Waldgebiet bei Neuseddin, Potsdam-Mittelmark","Durch Pilzsammler wurde die Polizei über zwei aufgefundene Kennzeichentafeln in Kenntnis gesetzt. Die vor Ort hinzugerufenen Beamten konnten die Kennzeichen übernehmen und stellten fest, dass diese nach einer Diebstahlshandlung Ende August dieses Jahres in Fahndung standen. Entsprechende Unterlagen wurden gefertigt und die bereits stark beschädigten Kennzeichen sichergestellt.",https://polizei.brandenburg.de/pressemeldung/pilzsammler-finden-gestohlene-kennzeiche/5713881
"Versuchter Einbruch (Bad Belzig, Magdeburger Straße)",04.10.2026,"Bad Belzig, Magdeburger Straße, Potsdam-Mittelmark","Eine Anruferin meldete der Polizei eine zerstörte Fensterscheibe eines Bürogebäudes. Demnach schmissen derzeit unbekannte Täter gewaltsam eine Fensterscheibe zu den Büroräumlichkeiten der öffentlichen Einrichtung ein. Die Täter gelangten jedoch nicht in die Räumlichkeiten, sodass es nur bei einem hohen Sachschaden blieb. Eine Anzeige wurde aufgenommen und nach auswertbaren Spuren gesucht. Die Kriminalpolizei ermittelt.",https://polizei.brandenburg.de/pressemeldung/versuchter-einbruch/5713880
"Besonders schwerer Fall des Fahrraddiebsahls (Groß Kreutz, Bahnhof)",04.10.2026,"Groß Kreutz, Bahnhof, Potsdam-Mittelmark",Die Polizei wurde durch die Geschädigten über den Diebstahl mehrere Fahrräder informiert. Unbekannte Täter entwendeten über die Nachtstunden mehrere gesicherte Fahrräder vom Bahnhofsgelände in Groß Kreutz. Der Schaden wird mit einem vierstelligen Betrag beziffert. Polizeibeamten untersuchten den Tatort und leiteten ein Ermittlungsverfahren ein.,https://polizei.brandenburg.de/pressemeldung/besonders-schwerer-fall-des-fahrraddiebs/5713879
"Nach Fahrradsturz schwer verletzt (Nuthetal, Nudow, Nudower Dorfstraße)",04.10.2026,"Nuthetal, Nudow, Nudower Dorfstraße, Potsdam-Mittelmark","Die Polizei ist am Samstagnachmittag durch die Rettungsleitstelle über einen Verkehrsunfall in Nudow informiert worden. Nach derzeitigem Kenntnisstand war ein 71-jähriger Fahrradfahrer auf der Dorfstraße unterwegs, als er im weiteren Verlauf alleinbeteiligt stürzte und sich schwere Verletzungen zuzog. Der Mann wurde zur weiteren Behandlung durch den Rettungsdienst in ein Krankenhaus gebracht.
Die Ursache des Sturzes war zum Zeitpunkt der Unfallaufnahme noch unklar, auch ein medizinischer Notfall konnte nicht ausgeschlossen werden. Die Polizei hat den Unfallort dokumentiert und das Fahrrad sichergestellt.
Samstag, 03.10.2026, 14:00 Uhr",https://polizei.brandenburg.de/pressemeldung/nach-fahrradsturz-schwer-verletzt/5713874
"Gebäudebrand (Werder (Havel), Eisenbahnstraße)",05.10.2026,"Werder (Havel), Eisenbahnstraße, Potsdam-Mittelmark","Ergänzung vom Dienstag, 06.10.2026, 08:30 Uhr:
Das Feuer ist in einem leerstehenden Gebäude auf einem Baugrundstück ausgebrochen. Auf dem Grundstück fanden zum Zeitpunkt der Brandentstehung Bauarbeiten statt, die Brandursächlich gewesen sein können. Bei dem 54-jährigen Mann konnte kein Tatverdacht erhärtet werden. Der 57 Jahre alte Mann wurde durch die Kriminalpolizei als Tatverdächtiger vernommen. Am Dienstag sollen zusätzlich Kriminaltechniker am Brandort zum Einsatz kommen. Der entstandene Schaden wird derzeit auf einen mittleren fünfstelligen Betrag geschätzt.
Ausgangsmeldung:
Montagmittag wurde die Polizei über ein brennendes Gebäude in Werder informiert. Nach ersten Erkenntnissen handelt es sich dabei um ein im Bau befindliches Gebäude, das derzeit unbewohnt ist. Zum Zeitpunkt des Brandausbruchs fanden im Gebäude Arbeiten statt. Nach derzeitigem Erkenntnisstand wurde jedoch keiner der Arbeiter verletzt. Aufgrund des Feuerwehreinsatzes musste die Eisenbahnstraße für den Durchgangsverkehr vollständig gesperrt werden. Durch die Polizei wurde ein Ermittlungsverfahren wegen des Anfangsverdachtes der fahrlässigen Brandstiftung eingeleitet. Zwei Tatverdächtige (54 und 57 Jahre) sollen durch Kriminalpolizisten vernommen werden und Brandermittler kamen zusätzlich am Tatort zum Einsatz.
[Stand: Montag, 06.10.2026, 13:00 Uhr]",https://polizei.brandenburg.de/pressemeldung/gebaeudebrand/5713832
"Von Trickdieben geweckt (BAB 2, AS Brandenburg – AS Netzen in Fahrtrichtung Potsdam)",04.10.2026,"BAB 2, AS Brandenburg – AS Netzen in Fahrtrichtung Potsdam, Potsdam-Mittelmark","Trickdiebe haben auf einem Autobahnrastplatz der Autobahn 2 in Richtung Potsdam einen Autofahrer versucht zu bestehlen. In der Nacht von Samstag auf Sonntag wurde ein auf einem Autobahnrastplatz an der BAB 2 in Fahrtrichtung Potsdam parkender Autofahrer Opfer eines versuchten Trickdiebstahls. Der Mann wurde durch unbekannte Täter geweckt, da diese versuchten über den Kofferraum in das Fahrzeug zu gelangen. Währenddessen bemerkten diese den im Fahrzeug befindlichen Melder und flüchteten sodann mit einem unbekannten PKW vom Parkplatz. Eine Anzeige wurde aufgenommen. Die Kriminalpolizei ermittelt.",https://polizei.brandenburg.de/pressemeldung/von-trickdieben-geweckt/5713895
"Kellereinbruch im Mehrfamilienhaus (Stahnsdorf, Ruhlsdorfer Straße)",04.10.2026,"Stahnsdorf, Ruhlsdorfer Straße, Potsdam-Mittelmark","Am Freitagnachmittag stellten Anwohner eines Mehrfamilienhauses in der Ruhlsdorfer Straße in Stahnsdorf einen Einbruchdiebstahl im Kellerbereich fest. Nach derzeitigem Kenntnisstand drangen bislang unbekannte Täter durch gewaltsames Öffnen des angebrachten Sicherungsschlosses in den Gemeinschaftskeller ein und entwendeten aus diesem ein hochwertiges E-Bike. Auch ein weiteres Fahrradschloss, mit dem das E-Bike im Gemeinschaftskeller gesichert war, wurde gewaltsam geöffnet.
Die Polizei führte vor Ort umgehend die Anzeigenaufnahme, eine Spurensicherung sowie eine Nachbarschaftsbefragung durch. Die weiteren Ermittlungen werden durch die Kriminalpolizei übernommen.
Sonntag, 27.09.2026 – Freitag, 02.10.2026, 16:00 Uhr",https://polizei.brandenburg.de/pressemeldung/kellereinbruch-im-mehrfamilienhaus/5713806
Fahren unter Beeinflussung (BAB 2/10),03.10.2026,"BAB 2/10, Potsdam-Mittelmark","Im Verlauf des Feiertages wurden mehrere Fahrzeugführer durch die Autobahnpolizei aufgrund des Verdachts von Alkohol-/ und Drogenkonsum kontrolliert. Hierbei wurden zwei Fahrer positiv auf Cannabis getestet und ein weiterer unter erheblichem Alkoholeinfluss, die Weiterfahrten wurden untersagt und entsprechende Verfahren eingeleitet.",https://polizei.brandenburg.de/pressemeldung/fahren-unter-beeinflussung/5713894
"Fahren ohne Fahrerlaubnis (BAB 115, PP Am Stern)",03.10.2026,"BAB 115, PP Am Stern, Potsdam-Mittelmark","Ein 44-jähriger Autofahrer wurde von Beamten der Autobahnpolizei an der BAB 115, Parkplatz „Am Stern“ kontrolliert. Hierbei wurden die Daten des Halters zunächst mit dem polizeilichen Auskunftssystem abgeglichen und festgestellt, dass keine Fahrerlaubnis mehr vorliegt und dieser seitdem kein Kraftfahrzeug mehr fahren durfte. Der vorgezeigte Führerschein, welchen der Fahrer als Kopie mitführte, war auf eine andere Person ausgestellt. Nach Prüfung seiner Identität auf dem Polizeirevier stellte sich die missbräuchliche Nutzung der Kopie heraus, da es sich nun doch um den Halter selbst handelte, entsprechende Verfahren gegen den Beschuldigten wurden eingeleitet.",https://polizei.brandenburg.de/pressemeldung/fahren-ohne-fahrerlaubnis/5713893
"Schwerer Verkehrsunfall (BAB 2, AS Netzen - AS Brandenburg in Fahrtrichtung Hannover)",03.10.2026,"BAB 2, AS Netzen - AS Brandenburg in Fahrtrichtung Hannover, Potsdam-Mittelmark","Aus bislang ungeklärter Ursache kollidierte der Fahrer eines Minivans mit der Mittelschutzplanke und kam anschließend nach rechts von der Fahrbahn ab. Nach dem Durchfahren des Wildschutzzaunes kam er an mehreren Bäumen zum Stehen. Ein Notarzt konnte nur noch den Tod des Fahrers feststellen. Die Ursache wird im Rahmen der Ermittlungen geprüft. Die Richtungsfahrbahn war für die polizeilichen Maßnahmen von etwa 1 ½ Stunden gesperrt, Kräfte der Feuerwehr, des Rettungsdienstes und ein Rettungshubschrauber waren mit an der Einsatzstelle.",https://polizei.brandenburg.de/pressemeldung/schwerer-verkehrsunfall/5713892
"Einbruch auf Firmengelände – Kupferkabel gestohlen (Neuseddin, Gewerbegebiet)",02.10.2026,"Neuseddin, Gewerbegebiet, Potsdam-Mittelmark","Über eine Sicherheitsfirma wurde der Polizei gemeldet, dass auf den Überwachungskameras zu sehen sei, wie gegenwärtig auf dem Gelände der geschädigten Firma Überwachungskameras mittels einer Eisenstange zerstört werden. Die in der Nähe befindliche Streifenbesatzung konnte im Tatortbereich einen Pkw mit polnischen Kennzeichen feststellen. Im Fahrzeug befanden sich ein 25-Jähriger und ein 22-Jähriger. Beide machten widersprüchliche Angaben zum Grund ihres Aufenthalts in Tatortnähe. Am Tatort selbst stellten die Beamten bereitgelegte Kupferkabel fest, die vom Gelände abtransportiert werden sollten und zuvor aus zwei aufgebrochenen Containern entwendet worden waren. Nach Sichtung der Videoaufzeichnungen ergaben sich keine Hinweise darauf, dass es sich bei den beiden angetroffenen Personen um die dort abgebildeten Tatverdächtigen handelte. Beide Männer wurden nach erfolgter Identitätsfeststellung und Befragung aus den polizeilichen Maßnahmen entlassen. Die auf den Videoaufzeichnungen erkennbaren Tatverdächtigen konnten auch im Rahmen der eingeleiteten Fahndungsmaßnahmen nicht angetroffen werden. Das Diebesgut wurde gesichert und vor Ort an einen Berechtigten übergeben. Die Kriminalpolizei hat die Ermittlungen aufgenommen. Die Kriminaltechnik kam zur Spurensicherung zum Tatort.",https://polizei.brandenburg.de/pressemeldung/einbruch-auf-firmengelaende-kupferkabel-/5713887
"Fahren ohne erforderliche Fahrerlaubnis (Golzow, Brandenburger Straße)",02.10.2026,"Golzow, Brandenburger Straße, Potsdam-Mittelmark","Im Rahmen der Streife stellten Polizeibeamte einen Pkw Audi mit Anhänger im fließenden Verkehr fest und führten eine Verkehrskontrolle durch. Eine Überprüfung ergab, dass der 49-jährige Fahrer lediglich im Besitz der Fahrerlaubnisklasse B96 war.
Das Fahrzeuggespann überschritt jedoch die für diese Fahrerlaubnisklasse zulässige Gesamtmasse von 4.250 Kilogramm. Der Fahrer war somit nicht im Besitz der für das Gespann erforderlichen Fahrerlaubnis. Das Gespann wurde anschließend verkehrssicher abgestellt und die Weiterfahrt untersagt. Gegen den Fahrer wurde ein entsprechendes Ermittlungsverfahren eingeleitet.",https://polizei.brandenburg.de/pressemeldung/fahren-ohne-erforderliche-fahrerlaubnis/5713886
Schüler auf Schulhof bedrängt: Geld und E-Zigarette gefordert (Werder (Havel)),02.10.2026,"Werder (Havel), Potsdam-Mittelmark","Zwei Jugendliche haben am Donnerstagmittag auf einem Schulgelände in Werder (Havel) einen 14-jährigen Mitschüler bedrängt. Die beiden 15- und 16-jährigen Tatverdächtigen brachten den Jungen in einen abgelegenen Bereich des Schulhofs und forderten dort von ihm die Herausgabe von Bargeld sowie einer E-Zigarette. Als eine Lehrerin auf das Geschehen aufmerksam wurde, schritt sie ein und verhinderte weitere Eskalationen. Die kurz darauf herbeigerufenen Polizeibeamten nahmen eine Strafanzeige wegen eines Raubdeliktes auf. Sie führten außerdem mit den Betroffenen klärende Belehrungen und Präventionsgespräche durch. Die Kriminalpolizei der Polizeiinspektion führt die Ermittlungen fort.",https://polizei.brandenburg.de/pressemeldung/schueler-auf-schulhof-bedraengt-geld-und/5713746
"Autofahrer auf Kokain (BAB 115, Fahrtrichtung AD Nuthetal)",01.10.2026,"BAB 115, Fahrtrichtung AD Nuthetal, Potsdam-Mittelmark","Am Donnerstagabend fiel Polizisten ein auf der Bundesautobahn 115 fahrender PKW durch seine Fahrweise auf. Das Fahrzeug, mit einem 20-jährigen Mann am Steuer, wurde dann an der Anschlussstelle Michendorf von der Autobahn geleitet und für eine Kontrolle gestoppt. Bei dem Mann waren im Gespräch deutlich Anhaltspunkte für den Konsum von Betäubungsmitteln ersichtlich und ein Drogenvortest wurde durchgeführt, der positiv auf Kokain anschlug. Zusätzlich wurde bei ihm noch kleine Mengen dieses Betäubungsmittels aufgefunden und sichergestellt. Eine Blutprobe wurde angeordnet und durchgeführt, sowie die Weiterfahrt untersagt.
In der Nacht zum Freitag wurden neben dem 20-Jährigen noch drei weitere Männer (19, 22 und 44 Jahre) erwischt, die nach Kokainkonsum mit einem PKW auf der Autobahn unterwegs waren. Auch bei diesen Männern wurde die Weiterfahrt untersagt und Blutproben entnommen.",https://polizei.brandenburg.de/pressemeldung/autofahrer-auf-kokain/5713714
"Drei Fälle von Unfallflucht (BAB 9, zwischen AS Niemegk und AS Klein Marzehns, Fahrtrichtung Leipzig)",01.10.2026,"BAB 9, zwischen AS Niemegk und AS Klein Marzehns, Fahrtrichtung Leipzig, Potsdam-Mittelmark","Am Donnerstagabend sicherten Polizisten der Autobahnpolizei eine Gefahrenstelle auf der Bundesautobahn 9 ab. In der Folge ist es in drei Fälle dazu gekommen, dass Sicherungsleuchten überrollt wurden. Die Unfallverursacher hielten anschließend in keinem der drei Fälle an, sondern fuhren stattdessen einfach weiter. An zwei Unfällen waren LKW beteiligt gewesen, die auch bei der eingeleiteten Fahndung nicht gestellt werden konnten. Der 67-jähriger Fahrer eines Kleintransporters konnte hingegen bei der Fahndung durch Polizisten gestoppt werden. Gegen ihn wurde ein Ermittlungsverfahren wegen Verkehrsunfallflucht aufgenommen. Es entstand ein Schaden in vierstelliger Höhe. Die Kriminalpolizei ermittelt.",https://polizei.brandenburg.de/pressemeldung/drei-faelle-von-unfallflucht/5713713
"Schwarzer PKW flüchtet nach Verkehrsunfall (Beelitz, Reesdorf)",02.10.2026,"Beelitz, Reesdorf, Potsdam-Mittelmark","Durch den Geschädigten wurde die Polizei zu einer Verkehrsunfallflucht gerufen.
Demnach befuhr der 30-jährige BMW-Fahrer die Straße „Ausbau“ in Reesdorf, als diesem eine schwarzfarbener PKW entgegenkam. Der dunkle PKW fuhr teilweise auf der Gegenfahrbahn, sodass der BMW-Fahrer ausweichen musste, um einen Zusammenstoß zu verhindern. Hierbei touchierte der PKW eine am Fahrbahnrand befindliche Leitplanke. Sowohl am PKW als auch an der Leitplanke entstanden Sachschäden. Der verursachende PKW setzte seine Fahrt ungehindert fort und entkam unerkannt. Die Beamten dokumentierten die Unfallörtlichkeit und nahmen eine Verkehrsunfallstraftat auf. Die weiteren Ermittlungen übernimmt die Kriminalpolizei.",https://polizei.brandenburg.de/pressemeldung/schwarzer-pkw-fluechtet-nach-verkehrsunf/5713660
"Nichtversichertes Moped angehalten (Borheide, Am Finkenhain)",02.10.2026,"Borheide, Am Finkenhain, Potsdam-Mittelmark","Polizisten aus Bad Belzig stellten im Rahmen der Streifentätigkeit ein Moped in der Ortslage Borkheide fest und führten eine Verkehrskontrolle durch.
Hierbei konnten die Beamten feststellen, dass das angebrachte Versicherungskennzeichen bereits abgelaufen war. Einen gültigen Versicherungsnachweis konnte der 21-jährige Mopedfahrer nicht vorweisen, sodass die Weiterfahrt untersagt wurde.
Der Fahrer sieht sich nun mit einem Ermittlungsverfahren konfrontiert, das durch die Kriminalpolizei geführt wird.",https://polizei.brandenburg.de/pressemeldung/nichtversichertes-moped-angehalten/5713659
"Von der Fahrbahn abgekommen (Ludwigsfelde, B 101 zwischen Genshagen und Großbeeren)",06.10.2026,"Ludwigsfelde, B 101 zwischen Genshagen und Großbeeren, Teltow-Fläming","Die Regionalleitstelle hat die Polizei am frühen Montagabend über einen Verkehrsunfall auf der auf der B 101 informiert. Nach derzeitigem Kenntnisstand kam eine 36-jährige Autofahrerin zwischen Genshagen und Großbeeren aus bislang ungeklärter Ursache mit ihrem PKW nach links von der Fahrbahn ab, wobei sich das Fahrzeug im weiteren Verlauf überschlug und auf dem Dach zum Liegen kam. Auch ein Rettungshubschrauber kam vor Ort.
Die Fahrerin war augenscheinlich unverletzt, wurde mit einem Rettungswagen jedoch zunächst zur weiteren Untersuchung in ein Krankenhaus gebracht. Während der Unfallaufnahme stellte sich heraus, dass der Unfall möglicherweise auf Grund eines körperlichen Mangels entstanden sein könnte. Der Führerschein der Frau wurde beschlagnahmt. Es entstand ein Sachschaden von rund 10.000 Euro. Das Auto musste abgeschleppt werden. Die Polizei hat eine Unfallanzeige aufgenommen.
Montag, 05.10.2026, 17:53 Uhr",https://polizei.brandenburg.de/pressemeldung/von-der-fahrbahn-abgekommen/5713943
"Mit Baum kollidiert (Trebbin, Kreisstraße zwischen Großbeuthen und B 101)",06.10.2026,"Trebbin, Kreisstraße zwischen Großbeuthen und B 101, Teltow-Fläming","Die Polizei ist am Montagnachmittag über einen Verkehrsunfall zwischen Großbeuthen und der B 101 informiert worden. Nach derzeitigem Kenntnisstand kam ein Transporter-Fahrer aus bislang ungeklärter Ursache alleinbeteiligt von der Fahrbahn ab, wobei das Fahrzeug in Folge mit einem Baum kollidierte.
Der 18-jährige Fahrer wurde leicht verletzt und durch den Rettungsdienst zur weiteren Untersuchung in ein Krankenhaus gebracht. Es entstand ein Sachschaden von geschätzt rund 20.000 Euro. Der Transporter musste abgeschleppt werden. Die Polizei hat den Unfall aufgenommen.
Montag, 05.10.2026, 16:07 Uhr",https://polizei.brandenburg.de/pressemeldung/mit-baum-kollidiert/5713942
"Mann beschädigt PKW (Ludwigsfelde, Genshagen, Parkallee)",06.10.2026,"Ludwigsfelde, Genshagen, Parkallee, Teltow-Fläming","Die Polizei ist am Montagabend nach Genshagen gerufen worden. Nach derzeitigem Kenntnisstand soll dort ein Mann gegen einen abgestellten PKW uriniert und anschließend einen der Außenspiegel abgeschlagen haben. Der 43-Jährige war stark alkoholisiert, ein Atemalkoholtest ergab bei ihm einen Wert von 3,4 Promille. Der Mann verhielt sich zudem äußerst aggressiv.
Da er dem zunächst ausgesprochenen Platzverweis mehrfach nicht nachkam, wurde im weiteren Verlauf durch die Polizeibeamten zur Verhinderung weiterer Strafteten in Gewahrsam genommen. Am PKW entstand ein Sachschaden von rund 250 Euro. Die Polizei hat eine Strafanzeige wegen Sachbeschädigung aufgenommen.
Montag, 05.10.2026, 21:10 Uhr",https://polizei.brandenburg.de/pressemeldung/mann-beschaedigt-pkw/5713941
"Einbruch in Einfamilienhaus (Baruth/Mark, Ortslage)",06.10.2026,"Baruth/Mark, Ortslage, Teltow-Fläming","Am späten Montagabend ist der Polizei ein Einbruch in Baruth/Mark gemeldet worden. Demnach verschafften sich bislang unbekannte Täter gewaltsam Zutritt zu einem Einfamilienhaus und durchsuchten alle Räume. Im weiteren Verlauf entwendeten die Täter diverse Wertgegenstände.
Es entstand ein Schaden von geschätzt rund 40.000 Euro. Die Beamten fertigten eine Anzeige und sicherten diverse Spuren. Weitere Ermittlungen übernimmt die Kriminalpolizei.
Tatzeit: Montag, 05.10.2026, 17:30 Uhr bis 22:00 Uhr",https://polizei.brandenburg.de/pressemeldung/einbruch-in-einfamilienhaus/5713934
"Fahrerlaubnis fehlt (Luckenwalde, Anhaltstraße)",06.10.2026,"Luckenwalde, Anhaltstraße, Teltow-Fläming","Polizeibeamte bemerkten am Montagmorgen in Luckenwalde einen E-Scooter-Fahrer, der mit einer Geschwindigkeit von 40 bis 50 km/h unterwegs war. Die Fahrerlaubnis, die damit für das Gefährt notwendig gewesen wäre, besaß der Jugendliche aber nicht.
Die Beamten fertigten eine entsprechende Anzeige. Der E-Scooter wurde sichergestellt.
Montag, 05.10.2026, 09:31 Uhr",https://polizei.brandenburg.de/pressemeldung/fahrerlaubnis-fehlt/5713933
"Alkoholisiert mit dem Auto unterwegs (Luckenwalde, Schützenstraße)",06.10.2026,"Luckenwalde, Schützenstraße, Teltow-Fläming","Während der Streifenfahrt hielten Einsatzkräfte der Polizei am Montagabend den Fahrer eines PKW in Luckenwalde an. Im Rahmen der Verkehrskontrolle wurde eine freiwillige Atemalkoholmessung durchgeführt, welche bei dem 47-jährigen Mann einen Wert von 1,29 Promille ergab.
Eine Blutprobenentnahme wurde durchgeführt. Außerdem beschlagnahmte die Polizei den Führerschein des Mannes und untersagte ihm die Weiterfahrt. Eine Anzeige wurde aufgenommen.
Montag, 05.10.2026, 21:21 Uhr",https://polizei.brandenburg.de/pressemeldung/alkoholisiert-mit-dem-auto-unterwegs/5713926
"Radfahrerin stürzt und verletzt sich schwer (Jüterbog, Galgenberg)",06.10.2026,"Jüterbog, Galgenberg, Teltow-Fläming","Die Polizei ist am Montagnachmittag durch die Rettungsleitstelle über einen Verkehrsunfall in Jüterbog informiert worden. Nach derzeitigem Kenntnisstand war eine 67-jährige Fahrradfahrerin dort auf der Straße Galgenberg unterwegs, als sie offenbar alleinbeteiligt stürzte.
Die Frau, die keinen Helm trug, wurde schwer verletzt und durch den Rettungsdienst zur weiteren Behandlung in ein Krankenhaus gebracht. Am Fahrrad entstand ein Sachschaden von geschätzt etwa 500 Euro. Die Polizei hat den Unfall aufgenommen.
Montag, 05.10.2026, 16:32 Uhr",https://polizei.brandenburg.de/pressemeldung/radfahrerin-stuerzt-und-verletzt-sich-sc/5713905
"Brand von Wohnmobil (Blankenfelde-Mahlow, Waldblick, Fritz-Reuter-Straße)",05.10.2026,"Blankenfelde-Mahlow, Waldblick, Fritz-Reuter-Straße, Teltow-Fläming","Die Polizei ist durch die Regionalleitstelle in der Nacht zu Sonntag zu einem Brand in Waldblick hinzugerufen worden. Nach derzeitigem Kenntnisstand geriet aus bislang ungeklärter Ursache ein Wohnmobil in Brand. Das Fahrzeug war am Straßenrand geparkt. Die Feuerwehr kam vor Ort und nahm Löschmaßnahmen vor. Das Wohnmobil brannte jedoch fast vollständig aus.
Verletzt wurde niemand. Der entstandene Schaden wurde in einer ersten Schätzung auf etwa 100.000 Euro beziffert. Polizeibeamte leiteten vor Ort Ermittlungen zu einem Brandstiftungsdelikt ein und sicherten Spuren. Die Kriminalpolizei hat die weiteren Ermittlungen übernommen.
Sonntag, 04.10.2026, 00:40 Uhr",https://polizei.brandenburg.de/pressemeldung/brand-von-wohnmobil/5713831
"E-Scooter geraubt (Jüterbog, Forst Zinna, Waldgebiet „Keilberg“)",05.10.2026,"Jüterbog, Forst Zinna, Waldgebiet „Keilberg“, Teltow-Fläming","Die Polizei ist am Samstagabend über ein Raubdelikt in einem Waldgebiet bei Jüterbog informiert worden. Nach derzeitigem Kenntnisstand war dort ein Mann mit einem E-Scooter unterwegs, als ihm eine Gruppe von etwa zehn Personen entgegengekommen sei, die sich ihm in den Weg gestellt habe
.
Einer der Personen, ein Mann, soll den 24-Jährigen dann auf den E-Scooter und dessen Herausgabe angesprochen habe. Der Angesprochene habe versucht, sich der Situation zu Fuß zu entziehen, dann aber ein Knallgeräusch hinter sich gehört. Als er sich umdrehte, soll der andere Mann einen schusswaffenähnlichen Gegenstand in der Hand gehalten haben. Daraufhin sei der Geschädigte in den Wald gerannt und habe den E-Scooter zurückgelassen.
Als er nach kurzer Zeit zum Ort zurückkehrte, war sein E-Scooter jedoch nicht mehr dort. Eine Absuche des Nahbereichs durch Polizeibeamte führte nicht zur Feststellung möglicher Tatverdächtiger. Es wurde eine Strafanzeige aufgenommen und Spuren gesichert. Der E-Scooter wurde zur Fahndung ausgeschrieben. Der entstandene Schaden wird auf rund 600 Euro geschätzt. Die weiteren Ermittlungen zum Sachverhalt führt die Kriminalpolizei.
Samstag, 03.10.2026, 19:00 Uhr",https://polizei.brandenburg.de/pressemeldung/e-scooter-geraubt/5713830
"Kunstfigur gestohlen (Ludwigsfelde, Genshagen)",05.10.2026,"Ludwigsfelde, Genshagen, Teltow-Fläming","Ein Zeuge hat die Polizei am Samstagnachmittag über eine gestohlene Figur in Genshagen informiert. Nach derzeitigem Kenntnisstand entwendeten unbekannte Täter eine aus Bronze bestehende Kunstfigur und transportierten diese mit einem Fahrzeug ab.
Die Polizei hat eine entsprechende Strafanzeige aufgenommen. Die weiteren Ermittlungen zum Sachverhalt führt die Kriminalpolizei.
Meldezeit: Samstag, 03.10.2026, 16:40 Uhr",https://polizei.brandenburg.de/pressemeldung/kunstfigur-gestohlen/5713826
"PKW in Brand geraten (Blankenfelde-Mahlow, Mahlow, Im Roten Dudel)",05.10.2026,"Blankenfelde-Mahlow, Mahlow, Im Roten Dudel, Teltow-Fläming","Die Polizei ist in der Nacht zu Sonntag über einen Fahrzeugbrand in Mahlow informiert worden. Nach derzeitigem Kenntnisstand kam es aus bislang ungeklärter Ursache zum Brand eines PKW Renault, der am Straßenrand abgestellt war. Die Feuerwehr kam vor Ort und konnte das Feuer löschen. Verletzt wurde niemand. Es entstand jedoch ein Sachschaden von geschätzt etwa 15.000 Euro.
Die Polizei hat eine Strafanzeige wegen des Verdachts eines Brandstiftungsdelikts aufgenommen. Am Brandort kam auch die Kriminaltechnik zum Einsatz. Die weiteren Ermittlungen zum Sachverhalt führt die Kriminalpolizei.
Meldezeit: Sonntag, 04.10.2026, 00:55 Uhr",https://polizei.brandenburg.de/pressemeldung/pkw-in-brand-geraten/5713825
"PKW mit Reh kollidiert (Zossen, Nächst Neuendorf, Am Chausseehaus)",05.10.2026,"Zossen, Nächst Neuendorf, Am Chausseehaus, Teltow-Fläming","Die Polizei ist am Montagmorgen über einen Wildunfall auf der Straße Am Chausseehaus in Nächst Neuendorf informiert worden. Demnach kam es zu einer Kollision zwischen einem PKW und einem Reh, das über die Straße lief. Das Fahrzeug blieb fahrbereit und Personen wurden nicht verletzt.
Das Reh starb jedoch am Unfallort. Zudem entstand am Auto ein Schaden von rund 5000 Euro. Polizeibeamte nahmen den Unfall auf und informierten den zuständigen Jagdpächter.
Montag, 05.10.2026, 07:15 Uhr",https://polizei.brandenburg.de/pressemeldung/pkw-mit-reh-kollidiert/5713818
"Unfall beim Parken (Blankenfelde-Mahlow, Blankenfelde, Brandenburger Platz)",05.10.2026,"Blankenfelde-Mahlow, Blankenfelde, Brandenburger Platz, Teltow-Fläming","Am Montagmorgen wurde den Einsatzkräften der Polizei ein Unfall in Blankenfelde gemeldet. Nach derzeitigem Kenntnisstand kam es bei einem Parkvorgang zur Kollision zweier PKW.
Beide Fahrzeuge blieben fahrbereit, jedoch entstand ein Schaden von mehr 10.000 Euro. Verletzt wurde bei dem Unfall niemand. Die Polizei hat eine Unfallanzeige aufgenommen.
Montag, 05.10.2026, 07:29 Uhr",https://polizei.brandenburg.de/pressemeldung/unfall-beim-parken/5713817
"Drogenschnelltest positiv (Zossen, Gerichtsstraße)",04.10.2026,"Zossen, Gerichtsstraße, Teltow-Fläming","Einsatzkräfte kontrollierten einen 31-jährigen Fahrzeugführer eines PKW. Im Rahmen der Verkehrskontrolle wurde ein Drogenschnelltest durchgeführt, der positiv auf Betäubungsmittel reagierte. Der Betroffene musste die Beamten zwecks Blutentnahme begleiten, die Weiterfahrt wurde ihm anschließend untersagt.
Ihn erwartet nun unter anderem ein Ordnungswidrigkeitenverfahren, welches durch die Zentrale Bußgeldstelle des Landes Brandenburg weiterbearbeitet wird.
Samstag, 03.10.2026, 14:00 Uhr",https://polizei.brandenburg.de/pressemeldung/drogenschnelltest-positiv/5713812
"PKW gestohlen (Großbeeren, Stadtgebiet)",04.10.2026,"Großbeeren, Stadtgebiet, Teltow-Fläming","Unbekannte Täter entwendeten ein am Straßenrand geparktes Fahrzeug der Marke Mazda. Einsatzkräfte sicherten Spuren und nahmen eine Strafanzeige auf, das Fahrzeug wurde unverzüglich in Fahndung gesetzt.
Die Kriminalpolizei hat die weiteren Ermittlungen übernommen.
Freitag, 02.10.2026, 23:00 Uhr bis Samstag, 3. Oktober 2026, 05:45 Uhr",https://polizei.brandenburg.de/pressemeldung/pkw-gestohlen/5713811
"In Wohnhaus eingebrochen (Zossen, Stadtgebiet)",04.10.2026,"Zossen, Stadtgebiet, Teltow-Fläming","Unbekannte Täter drangen gewaltsam in ein Einfamilienhaus ein und entwendeten diverses Gut. Bewohner waren währenddessen nicht zugegen.
Einsatzkräfte nahmen eine Strafanzeige auf und führten Befragungen durch. Die Kriminaltechnik kam vor Ort und sicherte Spuren. Der Sachverhalt wurde der Kriminalpolizei für die weiteren Ermittlungen übergeben.
Freitag, 02.10.2026, 17:00 Uhr bis Samstag, 03.10.2026, 02:00 Uhr",https://polizei.brandenburg.de/pressemeldung/in-wohnhaus-eingebrochen/5713810
"Verbotene Knallkörper gezündet und Zeugen geschubst (Blankenfelde-Mahlow, Brandenburger Platz)",04.10.2026,"Blankenfelde-Mahlow, Brandenburger Platz, Teltow-Fläming","Ein 48-jähriger Mann beobachtete, wie eine größere Jugendgruppe verbotene Knallkörper anzündeten und explodieren ließen. Daraufhin wollte er die Jugendgruppe diesbezüglich ansprechen und wurde hierbei durch einen bislang namentlich nicht bekannten Jugendlichen zu Boden geschubst, wodurch er Schmerzen erlitt.
Die Jugendlichen flüchteten noch vor Eintreffen der Einsatzkräfte. Diese sicherten Spuren und nahmen eine Strafanzeige auf. Die weiteren Ermittlungen wird die Kriminalpolizei übernehmen.
Freitag, 02.10.2026, 20:00 Uhr",https://polizei.brandenburg.de/pressemeldung/verbotene-knallkoerper-gezuendet-und-zeu/5713808
"Graffiti gesprüht (Luckenwalde, Am Nuthefließ)",04.10.2026,"Luckenwalde, Am Nuthefließ, Teltow-Fläming","Ein aufmerksamer Bürger meldete im öffentlich befahrbaren Parkhaus eine Sachbeschädigung. Unbekannte Täter hatten hierbei mittels Graffitis die Wände im Treppenhaus vollgesprüht.
Beamte sicherten Spuren und nahmen eine Strafanzeige auf. Die weiteren Ermittlungen führt die Kriminalpolizei.
Freitag, 02.10.2026, 18:30 Uhr",https://polizei.brandenburg.de/pressemeldung/graffiti-gesprueht/5713807
"Mehrere PKW beschädigt (Großbeeren, Ortslage)",02.10.2026,"Großbeeren, Ortslage, Teltow-Fläming","Der Polizei wurden am Donnerstagmorgen mehrere Sachbeschädigungen bekannt. Demnach wurden die Seitenspiegel von mehreren PKW beschädigt, welche im öffentlichen Verkehrsraum abgestellt waren. Der entstandene Schaden beläuft sich auf rund 500 Euro. Die Beamten nahmen sowohl eine Anzeige als auch die Spurensuche auf. Die weiteren Ermittlungen übernimmt die Kriminalpolizei.",https://polizei.brandenburg.de/pressemeldung/mehrere-pkw-beschaedigt/5713675
"Fahren unter Alkoholeinfluss (Jüterbog, Am Bahnhof)",02.10.2026,"Jüterbog, Am Bahnhof, Teltow-Fläming","Auf Streife stellten Polizisten in der Nacht von Donnerstag zu Freitag den Fahrer eines vierrädrigen Leichtkraftfahrzeuges fest. Im Rahmen der Kontrolle wurde beim 66-jährigen Fahrzeugführer ein Atemalkoholtest durchgeführt, welcher einen Wert von 1,75 Promille ergab. Weiterhin wurde bekannt, dass das Fahrzeug eine bauartbedingte Höchstgeschwindigkeit von 45 km/h erreicht, wofür der Fahrzeugführer jedoch keine entsprechende Fahrerlaubnis vorweisen konnte. Eine Anzeige wurde gefertigt und die Weiterfahrt untersagt.",https://polizei.brandenburg.de/pressemeldung/fahren-unter-alkoholeinfluss/5713674
"Einbruch in Werkstatt  (Zossen, Wünsdorf)",02.10.2026,"Zossen, Wünsdorf, Teltow-Fläming","Am Donnerstagmorgen wurde den Einsatzkräften der Polizei ein Einbruch bekannt.
Demnach verschafften sich bislang unbekannte Täter gewaltsam Zutritt zu einer Werkstatt und durchwühlten in weiterer Folge das Inventar. Die Täter entwendeten diverse Gegenstände, die Höhe des entstandenen Schadens ist derzeit jedoch noch nicht bekannt. Eine Anzeige wurde gefertigt und die Spurensuche aufgenommen. Die weiteren Ermittlungen übernimmt die Kriminalpolizei.",https://polizei.brandenburg.de/pressemeldung/einbruch-in-werkstatt-/5713669
Um mehrere tausend Euro betrogen (Ludwigsfelde),30.09.2026,"Ludwigsfelde, Teltow-Fläming","Ein 65-Jähriger suchte am Mittwoch die Polizei in Ludwigsfelde auf und brachte einen Betrug zur Anzeige. Demnach soll sich eine vermeintlich weibliche Person über eine SocialMedia-Platform bei ihm gemeldet haben und hatte in der Folge dann darum gebeten die Kommunikation auf einem Messenger-Dienst weiterzuführen. Dem Geschädigten wurde dann angeboten, Geld für ihn anzulegen. Dafür sollte der Mann Guthabenkarten kaufen und die entsprechenden Codes an die Täter weitergeben. Es entstand so ein Schaden von mehr als 10.000 Euro. Eine Strafanzeige wegen des Betruges wurde aufgenommen und zur weiteren Bearbeitung an die Kriminalpolizei übergeben.",https://polizei.brandenburg.de/pressemeldung/um-mehrere-tausend-euro-betrogen/5713632
"Fahren unter Einfluss berauschender Mittel (Ludwigsfelde, Potsdamer Straße)",01.10.2026,"Ludwigsfelde, Potsdamer Straße, Teltow-Fläming","Auf Streife stellten Polizisten in der Nacht von Mittwoch zu Donnerstag einen E-Scooter fest und führten eine Verkehrskontrolle mit dem Fahrer durch. Aufgrund von Auffälligkeiten wurde mit dem Mann auch ein Drogenvortest durchgeführt, welcher positiv regierte. Eine Anzeige wurde gefertigt und die Weiterfahrt untersagt.",https://polizei.brandenburg.de/pressemeldung/fahren-unter-einfluss-berauschender-mitt/5713567
"PKW entwendet (Blankenfelde-Mahlow, Dahlewitz)",01.10.2026,"Blankenfelde-Mahlow, Dahlewitz, Teltow-Fläming","Am Mittwochnachmittag wurde der Polizei ein Diebstahl gemeldet. Demnach entwendeten bislang unbekannte Täter einen PKW, welcher zuvor bei einer Werkstatt abgestellt wurde. Der entstandene Schaden beläuft sich auf rund 20.000 Euro. Eine Anzeige wurde aufgenommen und Spuren gesichert. Die weiteren Ermittlungen übernimmt die Kriminalpolizei.",https://polizei.brandenburg.de/pressemeldung/pkw-entwendet/5713566
"Seitenscheiben eingeschlagen (Blankenfelde-Mahlow, Groß Kienitz-Dahlewitz)",30.09.2026,"Blankenfelde-Mahlow, Groß Kienitz-Dahlewitz, Teltow-Fläming","Am Dienstagmittag wurde der Polizei der Einbruchsdiebstahl in zwei Fahrzeuge gemeldet. Demnach verschafften sich bislang unbekannte Täter, durch Einschlagen der jeweiligen Seitenscheiben gewaltsam Zugang zu einem Cupra und einem BMW. Diese hatten deren Besitzer zuvor auf dem Parkplatz einer Sportanlage abgestellt. In weiterer Folge wurden diverse Wertgegenstände (Bargeld, iPad und iPhone)  aus den Fahrzeugen entwendet. Der Sachschaden beläuft sich auf rund 7.000 Euro. Die Polizei hat eine Strafanzeige gefertigt und nach Spuren gesucht. Die weiteren Ermittlungen dazu übernimmt die Kriminalpolizei.",https://polizei.brandenburg.de/pressemeldung/seitenscheiben-eingeschlagen/5713532
Nach Fund von Kameras in Damentoiletten – Durchsuchung bei Tatverdächtigem,07.10.2026,Treptow-Köpenick,"Gemeinsame Meldung Polizei und Staatsanwaltschaft
Nr. 1324
Einsatzkräfte des Landeskriminalamts und der Polizeidirektion 3 (Ost) durchsuchten heute Morgen im Auftrag der Staatsanwaltschaft die Wohnung eines 66-jährigen Mannes in Treptow. Er wird verdächtigt, heimliche Videoaufnahmen in Damentoiletten des Lichtenberger Campus der Hochschule für Wirtschaft und Recht angefertigt zu haben. Die Kameras waren dort von Studentinnen am 10. Juni 2026 entdeckt worden. Intensive Ermittlungen des LKA Berlin und der Staatsanwaltschaft Berlin führten zur Ermittlung des Mannes, der bei einem an dem Objekt tätigen Unternehmen angestellt ist. Der Tatverdächtige wurde nach erkennungsdienstlichen Maßnahmen und nach der Vernehmung im zuständigen Fachkommissariat entlassen. Die Auswertung der sichergestellten Beweismittel, darunter mobile Datenträger, sowie die weiteren Ermittlungen dauern an.",https://www.berlin.de/polizei/polizeimeldungen/2026/pressemitteilung.1722613.php
Kind fällt aus dem Fenster – Mann fängt es auf,07.10.2026,Neukölln,"Nr. 1323
Gestern Abend wurde die Polizei zu einem Fenstersturz nach Neukölln alarmiert. Gegen 18:15 Uhr meldeten Zeugen, dass ein Kind aus einem offenstehenden Fenster einer Unterkunft für wohnungslose Menschen in der Lahnstraße gefallen und von einem Mann aufgefangen worden sei. Bisherigen Erkenntnissen zufolge war das sechsjährige Mädchen auf das Fensterbrett einer Wohnung im dritten Stock geklettert und von dort heruntergefallen. Ein 34-jähriger Bewohner des Wohnheims soll die Situation beobachtet und das Kind aufgefangen haben. Das Kind erlitt aufgrund des Sturzes Schürfwunden an den Beinen und wurde zur Beobachtung in ein Krankenhaus gebracht. Neben der Sechsjährigen befanden sich noch zwei weitere Kinder, ein fünf- und ein zweijähriges Mädchen, in der Wohnung. Zum Zeitpunkt des Sturzes war nach bisherigen Erkenntnissen keine erziehungsberechtigte Person anwesend. Die weiteren Ermittlungen, insbesondere aufgrund des Verdachts der Verletzung der Fürsorge- oder Erziehungspflicht, hat
    ein Fachkommissariat des Landeskriminalamts übernommen.",https://www.berlin.de/polizei/polizeimeldungen/2026/pressemitteilung.1722584.php
Seniorin angefahren und geflüchtet,07.10.2026,Spandau,"Nr. 1322
Nachdem er gestern Nachmittag eine Seniorin in Spandau angefahren hatte, flüchtete ein unbekannt gebliebener E-Scooter-Fahrer vom Unfallort. Gemäß derzeitigem Kenntnisstand wartete die 91-Jährige gegen 15:30 Uhr auf dem Gehweg des Altstädter Rings, vor der Ellipse Spandau, auf einen Bus, als sie von dem Zweiradfahrer angefahren wurde. Zeuginnen und Zeugen der Situation gaben an, dass der Unbekannte seine Geschwindigkeit trotz des hohen Fußgängeraufkommens nicht reduziert habe. Nach der Kollision soll er zwar kurz angehalten haben, flüchtete dann jedoch weiter in Richtung Seegefelder Straße. Alarmierte Rettungskräfte brachten die Seniorin, die über Schmerzen im Bein und am Arm klagte, in ein Krankenhaus. In diesem verblieb sie nach Feststellung einer Beinfraktur stationär. Die weiteren Ermittlungen – insbesondere zum flüchtigen Fahrer – werden von einem Fachkommissariat für Verkehrsdelikte der Polizeidirektion 2 (West) geführt.",https://www.berlin.de/polizei/polizeimeldungen/2026/pressemitteilung.1722571.php
Autofahrer verursacht mehrere Verkehrsunfälle mit hohem Sachschaden,08.10.2026,bezirksübergreifend,"Lichtenberg/Pankow
Nr. 1332
Gestern Nachmittag kam es zunächst in Alt-Hohenschönhausen zu einem Verkehrsunfall mit anschließender Verkehrsunfallflucht. Nach bisherigen Erkenntnissen befuhr ein 41-jähriger Fahrzeugführer mit einem VW gegen 17:30 Uhr die Suermondtstraße in Fahrtrichtung Buschallee. Kurz vor der Kreuzung Suermondtstraße/Degnerstraße fuhr der 55-jährige Fahrer eines Audi auf das Heck des VW auf und schob diesen dadurch in den Grünstreifen eines angrenzenden Tram-Gleisbettes. Anschließend touchierte er die linke Seite eines an der Kreuzung verkehrsbedingt wartenden Skoda und entfernte sich anschließend unerlaubt auf der Suermondtstraße, welche im weiteren Verlauf in die Buschallee übergeht. An allen beteiligten Autos entstand Sachschaden, verletzt wurde jedoch niemand. Wenig später wurden Einsatzkräfte der Polizei zu einem weiteren Verkehrsunfall im angrenzenden Ortsteil Weißensee alarmiert. Ersten Ermittlungen und Zeugenaussagen zufolge befuhr eine 64-jährige Fahrzeugführerin eines Renault die
    Buschallee von der Elsastraße kommend in Fahrtrichtung Hansastraße, als der oben genannte Audifahrer mit augenscheinlich hoher Geschwindigkeit auf das Heck des Renault auffuhr und diesen dadurch mit seinem Fahrzeug in das angrenzende Gleisbett schob. Infolge des Zusammenstoßes fing der Renault Feuer und brannte vollständig aus. Der Audi kam anschließend von der Fahrbahn nach rechts ab, beschädigte zehn parkende Fahrzeuge zum Teil so stark, dass sie nicht mehr fahrbereit waren, und kam danach ebenfalls im Gleisbett zum Stehen. Die Auswirkungen des Unfalls waren auf der Buschallee auf etwa 150 Metern zu sehen – mit mehreren abgerissenen Fahrzeugteilen und ausgelaufenen Betriebsflüssigkeiten. Die Fahrbahn wurde von Kräften der alarmierten Feuerwehr sowie der BSR geräumt und gereinigt. Der Audi wurde für die weiteren Ermittlungen sichergestellt. Das Gleisbett wurde von BVG-Mitarbeitenden überprüft und gegen 4 Uhr heute früh wieder für den Schienenverkehr freigegeben. Sowohl der
    Fahrer des Audi als auch die Fahrerin des Renault wurden verletzt und zur ärztlichen Behandlung in Krankenhäuser gebracht. Die weiteren Ermittlungen zu beiden Verkehrsunfällen hat ein Fachkommissariat für Verkehrsdelikte der Polizeidirektion 3 (Ost) übernommen.",https://www.berlin.de/polizei/polizeimeldungen/2026/pressemitteilung.1723273.php
Bilanz zur Versammlungslage mit Bezug zum Nahostkonflikt vom 7. Oktober 2026,08.10.2026,berlinweit,"Nr. 1331
Mit mehr als 1.100 Einsatzkräften sicherte und begleitete die Polizei Berlin über den gestrigen Tag verteilt das Versammlungsgeschehen anlässlich des dritten Jahrestages des Hamas-Angriffs auf Israel. Im Fokus standen dabei acht pro-israelische und zwei pro-palästinensische Versammlungen sowie zwei Gedenkgottesdienste und eine thematisch übergeordnete Mahnwache.
Pro-israelische Versammlungen und Gedenkveranstaltungen
Der weitaus größte Teil der Veranstaltungen im Stadtgebiet war dem friedlichen Gedenken gewidmet und verlief störungsfrei. So etwa die zentrale Gedenkveranstaltung am Bebelplatz, die gegen 15:30 Uhr mit 1.400 Teilnehmenden begann, in der Spitze bis zu 1.700 Personen anzog und nach gut anderthalb Stunden endete. Auch die übrigen Kundgebungen, wie etwa am Sderotplatz oder am Pariser Platz, sowie eine spontan angezeigte Gegenkundgebung in Kreuzberg blieben störungsfrei. Ebenso ruhig verliefen die beiden geschützten Gottesdienste in einer Wilmersdorfer Synagoge und in der Kaiser-Wilhelm-Gedächtniskirche am Breitscheidplatz.
Pro-palästinensische Versammlungen
Deutlich dynamischer gestaltete sich hingegen die Lage bei einem der beiden pro-palästinensischen Proteste am Abend. Der Aufzug unter dem Titel „Down with Colonialism“, dessen ursprünglich geplanter Antreteplatz am Schlesischen Tor nach polizeilichen Kooperationsgesprächen mit der Versammlungsleitung zum Oranienplatz mit einer Beschränkung verlegt worden war, startete dort gegen 18:30 Uhr mit rund 300 Personen und stieg im Verlauf auf 850 Teilnehmende an. Die Emotionalisierung im Aufzug nahm im Verlauf zu. Neben dem Verknoten von Transparenten kam es zu polizeifeindlichen Sprechchören und dem Ausrufen strafbewährter antisemitischer Parolen sowie ersten Fußtritten gegen Einsatzkräfte. Als sich die Situation im Bereich des Kottbusser Tors nicht beruhigte – Einsatzkräfte unter anderem erneut getreten, abgedrängt und mit einer unbekannten Flüssigkeit besprüht worden waren – wurde der Aufzug angehalten. Zudem erfolgten mehrere Durchsagen der Versammlungsleitung sowie polizeiliche
    Lautsprecherdurchsagen, in denen die Teilnehmenden aufgefordert wurden, Straftaten zu unterlassen. Da die Versammlungsleitung in der Folge offensichtlich nicht mehr auf die Teilnehmenden einwirken konnte und fortlaufend Straftaten aus dem Aufzug heraus begangen wurden, löste die Polizei die Demonstration gegen 21 Uhr vorzeitig auf.
Bei einer weiteren Kundgebung am Checkpoint Charlie kam es bereits vor deren Beginn zu einer Freiheitsbeschränkung, als ein Teilnehmer verbotene Symbole und Kennzeichen verfassungswidriger Organisationen zeigte. Nach gut einer Stunde endete diese Veranstaltung, an der in der Spitze 110 Personen teilnahmen, um 17 Uhr störungsfrei.
Einsatzbilanz
Insgesamt führten die Polizeikräfte im Laufe des gestrigen Einsatzes 43 Freiheitsbeschränkungen bzw. -entziehungen durch und leiteten 46 Strafermittlungsverfahren ein – unter anderem wegen des Verwendens von Kennzeichen verfassungswidriger Organisationen, tätlichen Angriffs auf Vollstreckungsbeamte, Beleidigung und Körperverletzung. Zudem wurden im Rahmen des Einsatzes insgesamt vier Einsatzkräfte verletzt, von denen eine ihren Dienst vorzeitig beenden musste.",https://www.berlin.de/polizei/polizeimeldungen/2026/pressemitteilung.1723246.php
Drei Fahrzeuge auf Parkplatz in Brand geraten,08.10.2026,Lichtenberg,"Nr. 1330
In der vergangenen Nacht brannten in Alt-Hohenschönhausen drei Fahrzeuge auf einem öffentlichen Großraumparkplatz. Nach bisherigen Erkenntnissen bemerkte ein Passant gegen 0:40 Uhr einen brennenden Pkw auf dem Parkplatz an der Altenhofer Straße und alarmierte die Feuerwehr. Beim Eintreffen der Einsatzkräfte hatte das Feuer bereits auf zwei weitere Autos übergegriffen. Zwei der Fahrzeuge standen in Vollbrand, das dritte wurde durch das Feuer beschädigt. Die Feuerwehr löschte die Brände. Verletzt wurde niemand. Aufgrund des Einsatzes war der Straßenbahnverkehr der Linien M5, M6 und 16 in der Zeit von 0:50 Uhr bis 1:40 Uhr unterbrochen. Die weiteren Ermittlungen wegen des Verdachts der Brandstiftung hat ein Brandkommissariat des Landeskriminalamtes übernommen.",https://www.berlin.de/polizei/polizeimeldungen/2026/pressemitteilung.1723186.php
Radfahrer von Lkw-Fahrer angefahren,08.10.2026,Charlottenburg-Wilmersdorf,"Nr. 1329
Gestern Vormittag wurde ein Radfahrer bei einem Verkehrsunfall in Charlottenburg verletzt. Nach bisherigen Erkenntnissen befuhr ein 79-jähriger Lkw-Fahrer gegen 11 Uhr die Franklinstraße von der Gotzkowskybrücke kommend in Richtung Salzufer und bog nach links ab, um auf ein Grundstück zu gelangen. Hierbei fuhr er laut einem Augenzeugen gegen einen entgegenkommenden Radfahrer. Der 55-Jährige wurde mit zunächst lebensbedrohlichen Verletzungen, unter anderem im Kopfbereich, zur stationären Behandlung in ein Krankenhaus gebracht. Für die Dauer der polizeilichen Maßnahmen am Ort war die Franklinstraße in beiden Richtungen von 11:10 bis 14:10 Uhr für den Fahrzeugverkehr gesperrt. Die weiteren Ermittlungen hat ein Fachkommissariat für Verkehrsdelikte der Polizeidirektion 2 (West) übernommen.",https://www.berlin.de/polizei/polizeimeldungen/2026/pressemitteilung.1723117.php
Versuchte schwere Brandstiftung,08.10.2026,Neukölln,"Nr. 1327
In der vergangenen Nacht kam es in Neukölln zu einer versuchten schweren Brandstiftung. Nach derzeitigem Kenntnisstand zerstörten bisher Unbekannte gegen 0:30 Uhr mit Steinen ein Fenster einer Wohnung in der Silbersteinstraße. Anschließend warfen sie Pyrotechnik durch das Fenster, die in der Wohnung detonierte und zwei Gegenstände, unter anderem eine Matratze, in Brand setzte. Zudem warfen die Unbekannten zwei Flaschen, gefüllt jeweils mit einer Flüssigkeit, gegen die Hauswand des Mehrfamilienhauses. Anschließend flüchteten sie in einem Fahrzeug in unbekannte Richtung. Im angegriffenen Zimmer befand sich ein 24-Jähriger, dem es gelang, die beiden brennenden Gegenstände aus dem Fenster zu werfen, bevor sich das Feuer ausbreiten konnte. Er erlitt durch das zerbrochene Glas des Fensters eine Verletzung an der Hand, die er jedoch nicht behandeln lassen wollte. Die Berliner Feuerwehr löschte die brennende Matratze. Ein Brandkommissariat des Landeskriminalamts hat die weiteren
    Ermittlungen, auch zu den Hintergründen der Tat, übernommen.",https://www.berlin.de/polizei/polizeimeldungen/2026/pressemitteilung.1723003.php
Einsatzkräfte mit Steinen und Pyrotechnik angegriffen,08.10.2026,Friedrichshain-Kreuzberg,"Nr. 1326
Bisher Unbekannte griffen in der vergangenen Nacht Polizeieinsatzkräfte in Friedrichshain an. Nach derzeitigem Kenntnisstand meldete ein Anrufer gegen 1:15 Uhr, dass sich brennende Reifen auf der Fahrbahn der Rigaer Straße befinden. Als Polizeieinsatzkräfte zum Ort fuhren und sich in der Rigaer Straße befanden, wurden sie auf Höhe der Einmündung zur Zellestraße von einem Hausdach mit Steinen beworfen. Dadurch wurde ein Einsatzfahrzeug getroffen und beschädigt. Darüber hinaus wurden die Kräfte mehrmals mit Pyrotechnik beschossen. Eine Dienstkraft erlitt dadurch ein Knalltrauma und musste ihren Dienst beenden. Den Einsatzkräften gelang es schließlich selbst, das Feuer auf der Straße zu löschen. Neben den Reifen bestand das Brandmaterial aus aufgestapeltem Holz. Der Einsatz war gegen 2:25 Uhr beendet. Wegen der Personen auf dem Dach kam auch der Polizeihubschrauber zum Einsatz. Die Personen entkamen unerkannt. Die weiteren Ermittlungen, die derzeit noch andauern, hat der
    Polizeiliche Staatsschutz des Landeskriminalamts übernommen.",https://www.berlin.de/polizei/polizeimeldungen/2026/pressemitteilung.1722985.php
Schüsse auf Einfamilienhaus,09.10.2026,Neukölln,"Nr. 1334
Heute früh wurden Schüsse auf ein Einfamilienhaus in Rudow abgegeben. Gegen 3:15 Uhr alarmierte ein Bewohner die Polizei, nachdem er mehrere Schüsse auf sein Wohnhaus am Narkauer Weg wahrgenommen hatte. Der unbekannte Täter ergriff die Flucht. Einsatzkräfte stellten mehrere Einschusslöcher in der Glasfront des Eingangsbereichs der Hauseingangstür fest. Personen wurden nicht verletzt. Die BAO Ferrum des Landeskriminalamts hat die weiteren Ermittlungen übernommen. Sie dauern an.",https://www.berlin.de/polizei/polizeimeldungen/pressemitteilung.1723617.php
Seniorin betrogen – Wer erkennt den Tatverdächtigen?,09.10.2026,Neukölln,"Nr. 1333
Mit Hilfe von Aufnahmen aus einer Überwachungskamera sucht die Polizei Berlin nach einem bislang unbekannten Tatverdächtigen. Er steht im Verdacht, zusammen mit weiteren Personen am 17. September 2025 gegen 14 Uhr in Neukölln eine Seniorin betrogen zu haben. Zunächst wurde die zu dem Zeitpunkt 81-Jährige telefonisch von einem Unbekannten kontaktiert, der sich als Mitarbeiter ihrer Bank ausgab. Er teilte ihr mit, dass eine Überweisung von ihrem Konto ins Ausland gestoppt worden sei und deshalb die Polizei eingeschaltet werden müsse. Im weiteren Verlauf des Gesprächs gab sich ein weiterer Tatverdächtiger als „Oberkommissar TELLERMANN“ aus. Dessen angeblicher Kollege „Oliver BEHRENS“, ein weiterer mutmaßlicher Komplize, klingelte kurz darauf an der Wohnungstür der Seniorin. Er verschaffte sich Zutritt und durchsuchte die Wohnung gemeinsam mit der Seniorin nach Wertgegenständen. Anschließend stellte die 81-Jährige fest, dass Schmuck und Münzen fehlten. Zudem wurde mit der entwendeten
    Girokarte der Seniorin unberechtigt Bargeld an einem Geldautomaten am Hermannplatz abgehoben, bevor die Karte gesperrt werden konnte.
Die Kriminalpolizei fragt:
Wer kann Angaben zur Identität oder zum Aufenthaltsort der bislang unbekannten Tatverdächtigen machen?
Wer hat im Zusammenhang mit der Tat verdächtige Beobachtungen gemacht?
Wer kann weitere sachdienliche Hinweise zur Tat oder zu den Tatverdächtigen geben?
Hinweise nimmt das zuständige Betrugskommissariat im Landeskriminalamt Berlin in der Gothaer Straße 19 in Berlin-Schöneberg unter der Rufnummer (030) 4664-925320 oder per
E-Mail
an LKA253@polizei.berlin.de entgegen. Hinweise können auch an jede andere Polizeidienststelle oder die
Internetwache
gegeben werden. Sollte sofortiges polizeiliches Handeln erforderlich sein, wählen Sie bitte den polizeilichen Notruf unter der Telefonnummer 110.
Hinweise, wie Sie sich und Ihre Angehörigen vor dieser Betrugsmasche schützen können, finden Sie
hier
:",https://www.berlin.de/polizei/polizeimeldungen/2026/pressemitteilung.1723337.php
